rewire_id,text,label,split
sexism2022_english-12330,"I wonder what would happen if he were to attack her with a high heel. Surely he'd face the same measly punishment, right? He should find out.",sexist,train
sexism2022_english-7399,"do ppl say a lot of mean stuff about ur daughter? is she so ugly the family dog closes his eyes when he humps her leg? Is she fat? When she goes to McDonalds does she look at the menu and say ""ok""?",sexist,train
synthetic_gen_695,Another dumb female trying to lecture men on their careers.,sexist,train
sexism2022_english-15403,"I haven't actually seen anyone say that, but if someone is holy shit they're retarded. But it's probably like two people and most just don't want moral panic.",not sexist,train
sexism2022_english-5288,The fact is what you say isn’t what matters and anyone who says that doesn’t know what they’re talking about. It’s all about attitude. Obviously don’t tell her she’s a dirty cunt but as long as you’re confident and non phased you’re fine.,sexist,train
synthetic_gen_1126,"You can't trust a woman who works in STEM, they are all the same.",sexist,train
sexism2022_english-9939,"My wife and I went to see a doctor because of our boring sex life. ""How about having some anal sex every now and then."" he said. ""That would be nice, doc,"" I smiled. ""Are you free tonight?""",not sexist,train
sexism2022_english-7887,I don't really need to. It will be scrubbed from the earth and tossed into the trashcan of history. Your a disgusting shitty human( and I'm being far to kind to consider you human) and your profile reflects that.,not sexist,train
synthetic_gen_323,Men are better at logic because women are too emotional.,sexist,train
sexism2022_english-8295,"ok, a right wing group opposed this bill. Who made the ""don't drop the soap"" prison rape board game? (yes, it does exist.)",not sexist,train
synthetic_gen_1102,"Go back to the kitchen, that's where you belong.",sexist,train
sexism2022_english-2791,she went to his school to see why he ended up so stupid,not sexist,train
sexism2022_english-18712,The only thing 'British' about this evil murderer and child abductor is that she was born on the island of St Kitts. Fry baby fry! [URL],not sexist,train
synthetic_gen_963,Another dumb female trying to lecture men on sports.,sexist,train
sexism2022_english-11732,"No such thing as ""too early"" Girls know if they would fuck you within 10 minutes of meeting you. All you did was make her honest. Now you can move on and forget about her. I ALWAYS go for a kiss on the first date. If she pulls back, next pls.",sexist,train
sexism2022_english-17835,girls have cooties,sexist,train
sexism2022_english-19326,Too bad she really isn't one of us.,not sexist,train
sexism2022_english-9856,Boo hoo mother fucker. You think I’m a girl who needs your validation?,not sexist,train
sexism2022_english-6156,"Lol yeah they do, but I guess in the end ""familia es todo"" and I stood no fucking chance, even if I was her white canadian unicorn. I got burned really fucking bad.",not sexist,train
sexism2022_english-12429,"Yeah validation is what drives their every decision. It’s the same kind of feeling a man gets when he is needed and has the skills to help. Except women have no skills, they are just a wet hole. So, no validation no reason to exist they breakdown.",sexist,train
synthetic_gen_86,"I'm not being mean, it's just biology that women can't drive.",sexist,train
sexism2022_english-5597,Thank you for the comment yeah it’s the same for me except it’s men instead of women. It seems logical that it’s not real but you know my brains a complete arsehole.,not sexist,train
sexism2022_english-12045,andieiam ‏[USER] andieiam Retweeted Gab.AI/JohnWinters Trayvon Martin's father was a gangbanger who cheated on all his wives. His mother treated him poorly. She did not raise him.,not sexist,train
sexism2022_english-1474,Let me add I regard all those people as white. I would probably regard 75% plus identifying as white to be the cut off.,not sexist,train
sexism2022_english-16455,"The address given on the forms is a mailing box, before anyone makes any doxxing accusations. I've never seen an internet marketer with an address to a physical office, always these mail dumps.",not sexist,train
synthetic_gen_349,She's just another femnazi looking for attention online.,sexist,train
synthetic_gen_262,"Go back to the kitchen, that's where you belong.",sexist,train
synthetic_gen_422,She's just another gold-digger looking for attention online.,sexist,train
sexism2022_english-8127,It's not a conspiracy theory without the fucking Jews somehow masterminding everything,not sexist,train
sexism2022_english-1740,"RT [USER]: In 2018, the most revolutionary or “woke” thing a Black man in America can do is partner with a wife and raise strong, intelligent Black children. [URL]",not sexist,train
sexism2022_english-7720,[USER] quietly looking at her with big eyes and lip trembling,not sexist,train
sexism2022_english-14977,[About 13% of married women cheat while 20% of married men do]([URL] This info is available. Why are they always so wrong about this?,not sexist,train
synthetic_gen_123,Men are better at logic because women are too emotional.,sexist,train
synthetic_gen_503,Why do women think they deserve respect when they can't even be honest?,sexist,train
sexism2022_english-11287,This bitch needs a cup of acid thrown in her face.,sexist,train
sexism2022_english-5767,Not romance novels. Those are written exclusively for women and those guys are usually alpha. Teen romance like Twilight has more beta type behavior because teen girls aren't ready for bodice-ripper novels.,sexist,train
sexism2022_english-1100,I disagree about ignoring: ignoring gave them the power to rise up at all. Mockery is what works. Thankfully archive.is and imgur or flickr mean being able to mock a-plenty with no traffic or ad-revenue,not sexist,train
synthetic_gen_737,Another dumb female trying to lecture men on their careers.,sexist,train
sexism2022_english-11128,"I remember my teacher talking down on us, telling us about the ""real world."" These mfers really think wage slaving for the rest of your living existence is the ""real world."" Fucking brainwashed clowns.",not sexist,train
sexism2022_english-11850,Love is hate. Nice! Linda Sarsour gets away with this because woman and (alledged) Muslim,sexist,train
sexism2022_english-11649,"For some women you _will_ be ugly. Just avoid women who are addicted to social media, and you won't be labeled a creep. (don't harass them etc, too)",not sexist,train
synthetic_gen_790,"Go back to the laundry room, that's where you belong.",sexist,train
sexism2022_english-19962,"Global warming is a myth, just like the holocaust and women's rights.",sexist,train
synthetic_gen_708,Another dumb female trying to lecture men on equal rights.,sexist,train
sexism2022_english-3034,I've seen this one. That woman with the moustache gets her face ripped off and then goes on Oprah to tell how she ended up getting her face ripped off. It's heartbreaking.,not sexist,train
sexism2022_english-16641,My mom is kind of a prude so I would be surprised but delighted to hear she had a slutty phase in her history.,sexist,train
sexism2022_english-2627,"the fuck are you spouting.. 2 heads are better than one, hopefully one stumbles along to recognize what type of relationship you want. If you chase and allow her to dominate the relationship then you fucked",sexist,train
sexism2022_english-9326,I got contact-pissed just reading about her. Tired of women going Joker mode when they're drunk. One of the reasons I mostly do daygame now.,not sexist,train
sexism2022_english-19641,"Probably downvoted because of looking for noodlewhore. Male looking for a particular race? Whoa, racist! Female looking for a particular race? It's not her fault best p3rsonality is always attached to Nordic Aryans, teehee you inkwell",sexist,train
sexism2022_english-13747,And not imagine all those fans of Batchelorette. The packaged story that millions buy at zero thoughts of the sluttiness happening behind cameras.,sexist,train
sexism2022_english-2488,She can backpedal all she wants. I know of MD's that are filing Formal Complaints with the AMA and the places these hacks are employed. This bs downright passed them off. ETA--Licensing boards are getting letters too.,not sexist,train
sexism2022_english-10449,Thanks! First FFM threesome. I've tag-teamed a few girls before.,not sexist,train
sexism2022_english-16721,"Epictetus said this long time ago, like Marco Aurelio un 'Meditations'. Very inteligent.",not sexist,train
sexism2022_english-3073,How the FUCK is this woman still an MP!!!???,not sexist,train
sexism2022_english-4540,"Fucked up ain't it. Underage kid, send a spank vid to his girl and get's popped. Cop forces him to do it again for ""evidence""",not sexist,train
sexism2022_english-11490,I dont use them anymore girls only want to text,not sexist,train
sexism2022_english-18094,your mother and father allready do that so NOPE I will just ignore your lame ass,not sexist,train
sexism2022_english-543,Have you asked it? Have you? Typical huMAN.,not sexist,train
sexism2022_english-13683,Resign??? I like the idea of her hanging herself on a doorknob much better.,sexist,train
synthetic_gen_240,"Go back to the laundry room, that's where you belong.",sexist,train
sexism2022_english-4869,"Women overvalue themselves indirectly because of hypergamy. A 7/10 woman thinks her equal is a 3/10 (look up colttaines videos where he proves this). I mean, she is definitely a 7/10. Which isn’t bad at all. But model level? Fuck no.",sexist,train
sexism2022_english-19702,pre-existing cleavages' - why do you hate women?,not sexist,train
sexism2022_english-15565,Depends. If it's a chad that doesn't give a fuck about casual sex and is a serial monogamist,not sexist,train
sexism2022_english-11447,Hey lurking females! Please stop lurking and post your normie bullshit! Fucking retard,sexist,train
synthetic_gen_1129,"Typical female, always complaining about sports.",sexist,train
sexism2022_english-17146,3 women and 10 men. Because I’m a woman you blowhard.,not sexist,train
sexism2022_english-8371,"People... #Hillary Clinton's camp does not outsmart us, They are hoping we'll defend #Trump's recording while the #WikiLeaks Dump is massively damning. Just all out attack her corrupt a##.... That's my take anyway",not sexist,train
sexism2022_english-17706,I'm sorry that this happening :( This happens a lot to females that post here and racist white trolls love to harass them until they leave.,not sexist,train
sexism2022_english-7894,"I've only recently become aware of the weird little cult around Rodger. There are even young women who post YT vids defending him and his actions, it's totally messed up.",not sexist,train
synthetic_gen_325,Why do women think they deserve respect when they can't even be honest?,sexist,train
synthetic_gen_1160,Another dumb female trying to lecture men on equal rights.,sexist,train
sexism2022_english-2735,[USER] Do you know Christopher Cantwell? Your sister is not too far off the mark. Libertarians also outnumber Nazis 8 to 1 in Holocaust denial (source: Joel Hayward's masters thesis) so you should perhaps review some of your concepts. #AltRight,not sexist,train
sexism2022_english-16262,"if your concerned about your dna being out there, you can donate semen to a sperm bank. if you want kids, adopt. if you want your life and children to be owned by a female and the state, get married. you have been warned.",sexist,train
synthetic_gen_846,"Typical female, always complaining about equal rights.",sexist,train
sexism2022_english-10556,"What care hath the common man of rumors of war, when the castle gate is in ruins, the wall is crumbled and the king sleeps, as the screams of women and children assail a husband and father's ear..... Nay, speak not of distant lands to me......",not sexist,train
sexism2022_english-6810,"Quiet doesnt have a bomb in her vagina, she has a bomb vagina She what? Okay, I'm going to have to play those games. I knew about the breathing thru her skin thing, but not the vagina bomb thing. Now I definitely have to play that series.",not sexist,train
sexism2022_english-9970,"So, let's look into this wisdom of fucking solomon himself. Man robs bank because he hates his wife and wants to escape her. Judge worried about his mental health sentences him to house arrest with his wife. Is there any life insurance involved?",not sexist,train
synthetic_gen_456,"I'm not being mean, it's just biology that women can't drive.",sexist,train
sexism2022_english-2287,WELL..... DAMN!!! [URL],not sexist,train
sexism2022_english-15820,Misleading title/thumbnail are...It was intriduced after people started using sexy women in thumbnails for views but they weren't in the video.,not sexist,train
sexism2022_english-5685,"No. I wouldn't touch a whore, not with my own skin. I just like to appreciate them from afar, watch them sip coffee and talk in their funny gook language. If any one of them came near me IRL, I'd napalm them. [URL]",sexist,train
sexism2022_english-15313,"Trannie acceptance bruised: Remember that Target boycott started last April, over their pro-transgender policy of shared bathroom and dressing rooms? It's quietly continued. So far, the stock's fallen 30% and cost investors $15B. #GabFam #SpeakFreely",not sexist,train
sexism2022_english-4557,So the over/under on the female bodies buried on or about in Steve Shives' (mom's) property is what? 250? I'll take the over.,not sexist,train
sexism2022_english-6219,"You made a mistake... you said your savior and put a picture of Jesus. You are a jew, you god is Satan.",not sexist,train
sexism2022_english-4765,"I’ve been rejected by countless obese, and objectively very unattractive women, I understand some men just aren’t attractive enough for anyone",not sexist,train
sexism2022_english-3911,They want equality only when it serves them!,not sexist,train
sexism2022_english-15699,When u voted for the dope u should have known his daughter wife would have a voice. Conned u dumb mfers,not sexist,train
sexism2022_english-13903,"People were telling him to PAY FOR A LAWYER to his soon to be wife to explain and NEGOTIATE the freaking pre nup!!! No one was saying “ RUNNNN”. I was shocked, mate!!!",not sexist,train
sexism2022_english-17113,"The 'being female' sentencing discount is appalling. By the way the article reads, it looks as though she didn't even face any charges..... Likely she had a welfare check and was let on her way.",sexist,train
sexism2022_english-19561,"If White South Africans were 7.5 million in 1992 ""25 years"" and today they are 3.5 million Will they all be definitely dead in 25 years from now? #AltRight #NationalSocialist #WhiteGenocide",not sexist,train
synthetic_gen_354,The only reason she got that job is because of her looks.,sexist,train
sexism2022_english-5039,Looks like piggy went and married her a chef. Shocker. [URL],not sexist,train
sexism2022_english-14251,How to cut the life expenctancy of your son by 60%: Call him daughter.,sexist,train
sexism2022_english-13404,"Tell her you got hacked or your cousin was typing. But again, if you're not trolling... You got balls. Blue balls that is.",not sexist,train
sexism2022_english-13990,"look who else she writes for, shucks she's another typical KIKE SCUM",not sexist,train
sexism2022_english-3411,Maybe she's a puppet or a robot... #HillarysHealth,not sexist,train
synthetic_gen_65,The only reason she got that job is because of her looks.,sexist,train
sexism2022_english-3458,We'll have to disagree here. I learned a lot from my grandmother.,not sexist,train
sexism2022_english-8355,"""They want a trophy girl"" Nah bitch they want a woman that is actually shaped like a woman not some twisted shapeless blob that only came into existence because of industrialised food manufacturer and convenience technology.",sexist,train
synthetic_gen_147,Why do women think they deserve respect when they can't even be honest?,sexist,train
sexism2022_english-7379,"If machine gun turrets are rude, my wife is the rudest person I know.",not sexist,train
sexism2022_english-19535,You morons over there (who hate women and say that women should shut the fuck up) Realize why you are becoming more and more unpopular.,not sexist,train
sexism2022_english-14591,"Fuck no! He’s an incel - he’d be a virgin loser with, or without my height.",not sexist,train
sexism2022_english-10190,[USER] she IS too fat and #fugly,not sexist,train
sexism2022_english-13446,"The instant or eternal god that came from GIBBERISH MIRACLE is about as dipshit a retard concept as I can imagine, the pure essence of all retard in the cosmos. How about that?",not sexist,train
sexism2022_english-7151,"Be careful you don't get a pregnant bitch, then you will get sucked into puppy support payments. Remember alpha fux/beta bux!",sexist,train
sexism2022_english-17662,They should do a confidential pole on how many male divorce attorneys have slept with their female clients. Lol. And then another pole on how many thought they were telling the truth.,sexist,train
sexism2022_english-2372,What was fake was then they picked on her looks. If I were younger and single I would ask her out. [URL],not sexist,train
synthetic_gen_181,Why do women think they deserve respect when they can't even be honest?,sexist,train
synthetic_gen_1132,Why do women think they deserve respect when they can't even be honest?,sexist,train
sexism2022_english-14559,"I mean Isn't it obvious? Sarah has that ""I had a Sex Change Operation"" LOOK ON HER FACE Does she not? Dead Giveaway",not sexist,train
sexism2022_english-5621,She was kicked off of youtube for praising you and National Socialism. Also virulent hatred of Jews. I'm surprised you haven't heard of her. [USER],not sexist,train
sexism2022_english-2793,"Even #AlexJones Jumps Off #trump's #NWO Crazy Train “Trump’s now a fraud,” Jones later said. “Done.” [URL] #KillTrump #InfoWars #Syria #Russia #WW3 #Assad #Putin #SyriaStrikes #JohnBolton #israel #neocons #NikkiHaley - someone slit her throat please",sexist,train
sexism2022_english-7413,Women aren't renown for originality in general. Feminism is just female nagging and mind games with some political baubles.,sexist,train
sexism2022_english-19479,I blame people like him that give wrestling fans look like idiots.,not sexist,train
synthetic_gen_889,"I'm not being mean, it's just biology that women can't drive.",sexist,train
sexism2022_english-6387,"Hmm, yes, your logic is quite sound. I mean, why would *men* object to the objectification and abuse of women?!? You were too smart for us, xmod2. You are most certainly an Alpha male!* *No you're not",not sexist,train
sexism2022_english-1755,"I wonder why this story isn't getting more play. Because the African savage called the homo a fag? Because the girl he punched is white? Because the African savage acts like a barbarian? TMZ is all over it, though. [URL]",not sexist,train
sexism2022_english-10511,"Well she's an ELITE, she's better than the rest of US + She SHITS GOLD!",not sexist,train
sexism2022_english-2741,"On May 28, 1994, their daughter Nicole married Tony Rodham, the younger brother of Hillary Clinton, in a ceremony at the White House attended by 250 guests.",not sexist,train
sexism2022_english-5526,"The idea of Jesus bedding broads and reproducing isn't bad. If they have to revisit Jesus, better to do it that way. Considering his best competitor had a harem.",not sexist,train
sexism2022_english-10524,literally every experience with every girl in my life,not sexist,train
sexism2022_english-4894,And we can't all tell that the thing around her gut is there to hide all the stretch marks and the torn up stomach. No tits too. Betting they're nice and deflated after two kids Love the man hands too I think I'll pass :),sexist,train
sexism2022_english-19722,"You could always play the game of ""who do you think is sexy?"" That keeps your relationship honest. A woman's idea to keep a relationship honest is to play games.",sexist,train
sexism2022_english-13706,"Ive definitely only see the two extremes, either super hot and not interested, or fat beasts, who make up like 90%of hinge. that being said, my last two relationships were hinge girls and they were pretty attractive",sexist,train
synthetic_gen_274,"You can't trust a woman who wants a promotion, they are all the same.",sexist,train
sexism2022_english-5918,"Just because women dont like you, you dont have to hate them. Maybe its your fault for having a garbage personality. You are calling me a loser whiteknight instead of proving me wrong. You know why? because you know im true and have no other argument",not sexist,train
sexism2022_english-5884,"She's the kind a girl who first shoots you then gives you first aid and once you stop bleeding, she will have mad sex with you. Aim carefully honey, and shoot away!",sexist,train
synthetic_gen_1194,Men are better at logic because women are too emotional.,sexist,train
synthetic_gen_482,Women are naturally irrational and shouldn't be in management.,sexist,train
sexism2022_english-7274,... this is the end result of riding the cock carousel. Few women leave it unscathed.,sexist,train
sexism2022_english-11779,"Having sex is hardly an accomplishment, it's not like getting a phd or winning a nobel prize, retarded teenagers fuck all the time...",not sexist,train
sexism2022_english-10922,Here's [USER] on the Women's Baseball World Cup and the women who pushed to keep playing the sport. [URL],not sexist,train
sexism2022_english-6565,merkel is destroying Germany. she's an east german commie,not sexist,train
sexism2022_english-12038,"Don't forget that short women are fun sized while short men are munchkins, sweaty inkwell!!!",sexist,train
sexism2022_english-15104,[USER] Why would they object? They basically asked and invited your lot over here.,not sexist,train
sexism2022_english-16593,"It's absolutely disgusting that far-left thugs felt emboldened to do this to the home of Jacob Rees-Mogg. They want to intimidate and shut down people who stand by their principles, but Jacob has handled the incident with complete class! [URL]",not sexist,train
sexism2022_english-14327,I wouldn’t do a movie. I’d do something like mini golf or bowling or something fun/silly. If she doesn’t open up a little from that then she is bland.,not sexist,train
sexism2022_english-16438,Actually you can scream fire in a crowded theater however if someone gets hurt in the ensuing chaos you will be liable for causing those injuries. If no one runs or gets hurt you will simoly get called a dumb ass.,not sexist,train
sexism2022_english-1456,"Yeah, I guess she is supposed to be Obama's Hollywood sex slave.",not sexist,train
sexism2022_english-13777,"My 7 is lower than yours because I include 10s in my scale, a girl that’s a 7 to me is slightly attractive, but yeah I’m leaning towards 7 for the average guy it seems right",not sexist,train
sexism2022_english-12156,"so OP, you're a woman. why don't you let everyone know what's at the bottom of your question: what YOU think is different about being woman than being a man?",not sexist,train
sexism2022_english-80,will do hey check out #FreeMonikaSchaefer help if you can she has been held for crime think for about 2 weeks ...no contact allowed with the outside kill a commie fer mommy,not sexist,train
sexism2022_english-18647,"Hey fat girls need love too, bub.",not sexist,train
sexism2022_english-19954,"Why white women shouldn't date outside their race, especially when it comes to blacks and arabs: [URL]",not sexist,train
sexism2022_english-4766,Because she's a skank.,sexist,train
sexism2022_english-4895,"And the women probably have zero issue with finger-fucking their phones on Instagram/Tindr/facebook, ~~flirting~~ chatting with Chads all day. That's basically the female equivalent to pornhub.",sexist,train
sexism2022_english-17692,That's a roundabout way of saying you pulled 84% out of your ass.,not sexist,train
synthetic_gen_1062,"I'm not being mean, it's just biology that women can't drive.",sexist,train
sexism2022_english-2276,The worst of course is asian females. In the US they marry outside their race over half the time LMAO.,not sexist,train
sexism2022_english-18000,I wouldn't go. It's weird to try to get romantic with a girl on her family's boat with her family there. Just see her at the party & work it from there,not sexist,train
sexism2022_english-11787,"Haha, you are one of her 500 beta orbiters probably. She is probably screwing Tyrone and GymChad while you guys all like her slutty pictures 😂",sexist,train
sexism2022_english-19299,[URL] uk ones are dykes and look like hags,sexist,train
sexism2022_english-19138,"The queen sits by while her people are raped, SHIT LIKE THIS IS WHY COMMUNISM EXISTS,",not sexist,train
sexism2022_english-10703,"Don't know what it is but let me tell you my experience. Once I hit 40 I started getting so much unsolicited attention from women. Some would say hello to me first, and I'd regularly get an enthusiastic hello back from many women.",not sexist,train
synthetic_gen_1095,Why do women think they deserve respect when they can't even be honest?,sexist,train
sexism2022_english-16443,Candace does not fvck around. The audience member is just the same as all the rest- same bullshit talking points.,not sexist,train
sexism2022_english-8009,how in the hell she get this many comments not one person ever says shit on mine?,not sexist,train
synthetic_gen_127,"I'm not being mean, it's just biology that women can't drive.",sexist,train
sexism2022_english-14354,"The average female body these days is heavily over-weight, the way shit is going, a thin 5 will become a 9 just by the virtue of not being over-weight in the next few years.",sexist,train
sexism2022_english-18234,"In short, TELL HER what you find attractive about her. Respectfully of course, you will get better results. I said I like her face lol.",not sexist,train
sexism2022_english-6021,And this is posted on MGTOW. Shouldn't they be out riding motorcycles or something? They've decided women aren't worth their time and effort and have better things to do. Yet spend time posting on a forum about women. Can't explain that.,not sexist,train
synthetic_gen_652,Women are naturally weak and shouldn't be in tech.,sexist,train
sexism2022_english-14516,Then how did you get a girl to twerk on you? This makes no sense.,not sexist,train
sexism2022_english-6658,#TellMe3rdWin,not sexist,train
sexism2022_english-11024,Almost two years and Sessions hasn't done a thing about the previous administration's crimes. Sessions needs to go. We wasted two years with this useless jackass. Trump's biggest mistake by far.,not sexist,train
synthetic_gen_927,"Typical female, always complaining about equal rights.",sexist,train
sexism2022_english-2804,The guy lost his job in a remote town and his wife is sick. Lift up your brother don’t tear him down.,not sexist,train
synthetic_gen_211,"Go back to the kitchen, that's where you belong.",sexist,train
synthetic_gen_10,"You can't trust a woman who works in STEM, they are all the same.",sexist,train
sexism2022_english-11179,[USER] We want action heroes - not sure about dumb ones.,not sexist,train
synthetic_gen_580,"I'm not being mean, it's just biology that women can't drive.",sexist,train
synthetic_gen_517,She's just another femnazi looking for attention online.,sexist,train
synthetic_gen_751,Men are better at logic because women are too emotional.,sexist,train
sexism2022_english-12816,"People need to wake up! The whole idea of Sharia is to concur and jihad. I don't fear or dislike Muslims , but what I don't like is their ideologies.",not sexist,train
sexism2022_english-7302,"Pakistani immigrant, 27, sexually abuses girl, 6, and gets suspended sentence [URL]",not sexist,train
sexism2022_english-18893,She describes herself as 'conservative' and yet spends her time fucking around with college athletes. Conservative sure doesn't mean what it used to.,not sexist,train
sexism2022_english-11494,U thawt 'chu had a fweind biyatch,sexist,train
sexism2022_english-12833,"LMFAO! WTF is that supposed to mean you crazy cunt? Is that something people do in Mississippi, lick bedpans? Take another narco you stupid twat.",sexist,train
sexism2022_english-9902,"Notorious ginger dumpster-slag and moderate meth-user Lacy MacAuley embarrassed by Ancaps after she and her goons failed to shout one off a stage. lol, fam. [URL]",sexist,train
sexism2022_english-1880,because you hate us,not sexist,train
sexism2022_english-19698,"And men can stop blaming women for their sexual frustrations, women don't give a single shit about them, dumbasses. 😂😂",sexist,train
sexism2022_english-5216,Are they still pulling that crap? Twatwaffles. These are the kind of people who have to spank their own butts during sex.,sexist,train
sexism2022_english-283,A nigger loving White Woman on the Supreme Court . Exactly what I voted for 😳😡🤬🤯,not sexist,train
sexism2022_english-4858,“THE brother of Kevin Spacey claims the shamed Hollywood star is worse than their Nazi rapist father and also accuses him of having a creepy relationship with their mother” [URL],not sexist,train
synthetic_gen_332,"Typical female, always complaining about sports.",sexist,train
sexism2022_english-223,[URL] im sik of TV not having hot women same w movies fuck these media jews someone needs to make some legit TV fuck off feminists too,sexist,train
synthetic_gen_1202,Men are better at logic because women are too emotional.,sexist,train
sexism2022_english-9911,"Before you mock blacks, hispanics, and women for blaming ""white males"" for all their problems, ensure first you're not blaming ""the Jews"" for yours.",not sexist,train
synthetic_gen_680,"Typical female, always complaining about gaming.",sexist,train
sexism2022_english-18607,"plenty of straight girls as well as gay men will fuck trans dudes, as will bi/pan people. being trans for one isnt really voluntary and secondly it isnt a feature that will stop all people from wanting to fuck you.",not sexist,train
sexism2022_english-11952,"Or maybe now that girls can vote, work, and shoot at brown people just like men, they've run out of things about which to be outraged. Also, ya' know, divorce laws, affirmative action, etc. They've got a lot going for them these days.",sexist,train
sexism2022_english-12205,"I want to kill her..... Habit of drinking multiple Pepsi bottles a day and hopefully, when we become better acquainted, her addiction to alcoholic drinks such as Vodka.",sexist,train
sexism2022_english-8488,"Hahahahaha James Woods! Sh1tposter from heaven! That Theresa hyena wouldn’t know what a woman is and, if she ever met one, she’d burn her at the stake.",not sexist,train
sexism2022_english-17733,#PedoFiles #GabFam #Australia Female pedophile seduces and bullies her then 13 year old step son into sex. [URL],not sexist,train
sexism2022_english-12722,That's fucking terrible for Croatia.,not sexist,train
sexism2022_english-11306,"No. It depends. Usually if the friend ""approves"" she will leave the two of them alone. That is the main benefit of ""working the group"" in my opinion: easier to win friends approval and then they will leave you alone with the target.",not sexist,train
sexism2022_english-13034,"Every interaction with women makes me want to punch them [...] I started to interact with women as little as possible Yes, please continue the trend of leaving us alone if you can't control yourself.",not sexist,train
sexism2022_english-16127,enjoy your future dhimmitude ladies. ...and your time in harem.,not sexist,train
synthetic_gen_183,Another dumb female trying to lecture men on sports.,sexist,train
sexism2022_english-2252,"Why are these idiots doing this? Atleast when I shopped with a girl I just either went to a place I liked or made her try on clothes I wanted her to wear. I mean, if you this, why are you...oh right, pussy.",sexist,train
sexism2022_english-2541,Sarsour is a Islamic general. Her use of Taqiyya is spot on. She should be jailed for call to jihad.,not sexist,train
sexism2022_english-17643,Can someone point me to any Muslim country where women enjoy the same rights as men and where gay people are afforded legal equality?,not sexist,train
sexism2022_english-13262,"My advice is don't. You will likely end up at CPS. Women go bat shit crazy if a female is not being indoctrinated. So, if yo ex does not out you a neighbor or ""friend"" will turn you in. The Gestapo treated their detainees better than CPS.",sexist,train
sexism2022_english-1273,"The day before the launch sequence, Vladimir Yazdovsky took her home to play with his kids. “I wanted to do something nice for her,” he explained. “She had so little time left to live.” #ThisDayInHistory #Laika #Doomed #SpaceDog #Russia [URL]",not sexist,train
sexism2022_english-14314,[URL] These contaminates have been shown to attack testosterone levels ... thereby making young men more feminine from a genetic stand-point... a lead on the population explosion in the LGBTQ community .,not sexist,train
synthetic_gen_974,Why do women think they deserve respect when they can't even be honest?,sexist,train
sexism2022_english-4396,"Like when a woman tests a mans loyalty, like she will say something or be a total bitch to see if you’ll be a man or puss out",sexist,train
sexism2022_english-6820,"You have no idea how I dress or what slogans I use. You do realize there's only one group that FORMERLY dressed similarly to the NSDAP, right? Like 12 years ago. Leave your moms basement sometime kike.",not sexist,train
sexism2022_english-12959,Men work on preserving their financial position. Women look on decreasing it to make themselves feel better or to show off.,sexist,train
synthetic_gen_526,Another dumb female trying to lecture men on sports.,sexist,train
synthetic_gen_1044,"You can't trust a woman who rejects a nice guy, they are all the same.",sexist,train
sexism2022_english-14451,"She’s unstable, you’ll never know when she might dump you or cuck you for the ugliest thug in the nearest gang.",sexist,train
sexism2022_english-1632,"Haha. The more men she was with prior to marriage, the more harder it is to pair bond. That's not me, that's science.",sexist,train
sexism2022_english-10897,"looks like we have a unicorn here, giving advice like a princess. Get out. Now.",not sexist,train
synthetic_gen_952,"You can't trust a woman who works in STEM, they are all the same.",sexist,train
sexism2022_english-251,"For men, it depends on whether you’d prefer to trade effort for risk For women, it depends on what “the best” is?",sexist,train
sexism2022_english-9686,there's no shortage of women who will offer it up for free on the internet Literally where?,sexist,train
sexism2022_english-17586,I am not arguing over such a thing more so pointing out what is said in your replies.,not sexist,train
synthetic_gen_598,"Typical female, always complaining about sports.",sexist,train
synthetic_gen_806,"Go back to the bottom of the ladder, that's where you belong.",sexist,train
synthetic_gen_111,Another dumb female trying to lecture men on sports.,sexist,train
synthetic_gen_508,Men are better at logic because women are too emotional.,sexist,train
sexism2022_english-605,"I didn't actually get a day without women, and I'm a little disappointed.",sexist,train
synthetic_gen_397,Men are better at logic because women are too emotional.,sexist,train
sexism2022_english-7921,"(Guess he never heard of ""let bygones be bygones."") Holy shit they actually tried shaming him for that? Fuck that shit, an affair's an affair. And he did let bygones be bygones. He said bye to his wife, and now she's gone!",not sexist,train
sexism2022_english-19192,"If she's ALWAYS giving you an excuse like you say, more than likely she's trying not to hurt your feelings with a no. If she's done this to you more than 3 times, she's just trying not to hurt you.",not sexist,train
sexism2022_english-13559,He should auction his virginity for 1 Billion dollars and see which wealthy skank will bite.,sexist,train
sexism2022_english-6584,"She's justifying her contempt towards unattractive men by convincing herself that they are the epic mlady friendzone entitled NiceGuys who wish to rape all women. You know, just like us.",not sexist,train
synthetic_gen_28,Why do women think they deserve respect when they can't even be honest?,sexist,train
synthetic_gen_177,The only reason she got that job is because of nepotism.,sexist,train
synthetic_gen_904,Men are better at logic because women are too emotional.,sexist,train
synthetic_gen_273,She's just another bitch looking for attention online.,sexist,train
sexism2022_english-9301,"until she's been around me long enough through real life situations where I can actually see who she really is Like observing her rage when the wifi connection is set to ""shit-tier"" on the router on purpose. ]=)",sexist,train
sexism2022_english-19937,"That's because in general women are the primary caregivers. ""Caregiving"" (tm), as though the typical foid nowadays can actually run a house. They sit around pontificating on social media and fantasizing about chad cock.",sexist,train
sexism2022_english-936,""" Luffman also allegedly left a voicemail threatening to “hack to pieces” the official and his daughters, using the hashtag #ObamaForLife """,not sexist,train
sexism2022_english-2119,"[USER] When a bigot is exposed, she lies: [URL]",not sexist,train
sexism2022_english-2547,"His has plagued me since it first came out. Cuomo, Deblasio put the lid on this quickly. Hope there's still some honorable men and women on NYPD that will come forward and release the truth.",not sexist,train
sexism2022_english-3811,This woman...I wish she would go away.,not sexist,train
sexism2022_english-10295,"Uhm yes, you can definitely tell it's a female from the conversation..",not sexist,train
synthetic_gen_835,Why do women think they deserve respect when they can't even be honest?,sexist,train
sexism2022_english-6503,"male-dominated major (no single female friends around) None of this matters when it comes to women though. Online dating, daygame, nightgame.",sexist,train
sexism2022_english-2629,"bro i’ve gotten any female i wanted for all 25 years of my life. why do you think i’m not posting the same shit you are? if you know you don’t need to, shits easy tbh",not sexist,train
sexism2022_english-7396,"She’s either an attention whore or she had a better option come along. Don’t sweat it, there’s always more.",sexist,train
sexism2022_english-6110,that girl >average how can you be that salty,not sexist,train
sexism2022_english-149,Whatever. You are cuck like all pathetic numales are now these days. I bet you enjoy watching your girlfriend getting fucked by a pack of niggers while you jerk off to it. Ewwwwwww 😦,not sexist,train
sexism2022_english-14572,"When I ask a girl for her number and she says she was a boyfriend I like to reply with, ""you're boyfriend doesn't allow you to make new friends?"" I have pretty good odds with that.",not sexist,train
sexism2022_english-4179,"I don't care if she's lying or not. These bitches want to make SEX Illegal! Screw them. Er, or not!",sexist,train
sexism2022_english-12601,What the fuck is this place?,not sexist,train
sexism2022_english-16640,"Holy shit, I’m reading some shit on your other comments about her having genital warts? You know what, do us all a favor and just cum in this chick already. You clearly haven’t learned shit here.",sexist,train
synthetic_gen_95,"Go back to the kitchen, that's where you belong.",sexist,train
sexism2022_english-10033,"That is because the cucks are too lazy and selfish to take care of their wives themselves. This is where societal breakdown begins. Sorry fellas, but we need you to kindly, gently, lovingly, show us who is the boss. [URL]",not sexist,train
sexism2022_english-19026,"yeah, but Amy punchable face schumer isn't. Shes a dumbass feminist tryhard",sexist,train
sexism2022_english-14151,Nigel Farage‏Verified account [USER] May 25 We've allowed mass sexual abuse of underage English girls. Muslims to be radicalised in Syria and come back to Britain. Enough is enough. AMEN AMEN AMEN; BUT W.EUROPE IS ALREADY DEAD...IT IS TOO LATE.,not sexist,train
sexism2022_english-440,[USER] I slept 9 hrs without disturbance. Fuck that bitch Lupus. I locked her out! #PainWarriors,sexist,train
sexism2022_english-10873,"because you're trying to be nice jokes aside,they're insecure thats why they're trying to be rude,showing that they can reject anyone,just like attractive girls",sexist,train
sexism2022_english-10484,"No! Don't harass at girls at work unless they CLEARLY show interest. > I'm leaning towards emailing her, cause why the hell not? Because it's creepy and inappropriate.",not sexist,train
synthetic_gen_597,The only reason she got that job is because of diversity quotas.,sexist,train
synthetic_gen_1021,She's just another gold-digger looking for attention online.,sexist,train
sexism2022_english-9148,Like a beautiful bell 😂 the ridiculous stupid hyperbole of an ott incel,not sexist,train
sexism2022_english-14287,"If you want to get back together with her the number 1 thing you can do is go on a few dates. What's the logic here? If her words are to be believed, we'd be 100% done if I did that.",not sexist,train
sexism2022_english-12632,"I do hope her death creates a tsunami of outrage forcing our government to place a steel-toed boot on Mexico's neck. Also, I still dream of seeing [USER] (twitter) hanging from a rope. Of that, I do not joke.",not sexist,train
sexism2022_english-5997,Why don't you go kill yourself faggot? Stop hanging out on a sub about fucking women,not sexist,train
sexism2022_english-6182,"but I managed to find a replacement Dude, who are you?! I am happy to match/text with a Single girl in a month (if I’m lucky) and when I ask to meet after two weeks of texting she tells me that she doesn’t want to meet so soon…",not sexist,train
synthetic_gen_190,Another dumb female trying to lecture men on their careers.,sexist,train
synthetic_gen_1238,Men are better at logic because women are too emotional.,sexist,train
sexism2022_english-13760,That's really good. Why does she say she hasn't seen her face in 10 years?,not sexist,train
sexism2022_english-11011,The same women that brought about prohibition and income tax ?,not sexist,train
sexism2022_english-3628,You are way too young for any serious “slapped or go home” strategies. You just need to get comfortable talking to girls. It will be at least a decade before you are banging random women in fancy restaurant bathrooms.,not sexist,train
synthetic_gen_805,"I'm not being mean, it's just biology that women can't drive.",sexist,train
sexism2022_english-12787,"LOL, 5'9 200 lbs for a woman is pretty damn big. To put that into perspective, Serena Williams is 5'9 and weighs 159 lbs, and she has muscles for days. If you're a woman who is 5'9 and 200 lbs, I can pretty much guarantee you are extremely fat.",sexist,train
synthetic_gen_261,"You can't trust a woman who rejects a nice guy, they are all the same.",sexist,train
sexism2022_english-4707,I probably wouldn't brag about that because usually when women make those choices they end up either being single moms or knowing the domestic violence hotline number extremely well.,sexist,train
sexism2022_english-13773,Beating a woman is almost as bad as saying NIGGER right Hulk?,not sexist,train
sexism2022_english-4560,"She could be kidding, she could not be. It's irrelevant since they seem to take her at her word and then thinking her preference for men taller than herself is some great indicator of a horrible world or some shit.",not sexist,train
sexism2022_english-16181,A man needs three things in life.,not sexist,train
sexism2022_english-327,"Yep. It has become such a problem with girls being molested or raped by their Uber drivers that an app was created to ""help"" [URL] Because god forbid they kick these monsters out of their countries.",not sexist,train
synthetic_gen_1149,Women are naturally unstable and shouldn't be in power.,sexist,train
sexism2022_english-16522,"You’d be surprised what girls will do for their alpha, especially after taking her virginity. She could be lying. Or not. Anyone could be lying at any time",sexist,train
sexism2022_english-8062,Joy Bayhardon talked about OLD WHITEMEN last night she forgot OLDDOUCHE BAG WHITE wome like Frankenstein &Bayhardon like herself,not sexist,train
sexism2022_english-5919,I hate to say this but they look like products of incest.... Probably good intentions.,not sexist,train
sexism2022_english-743,"🤣😂 Damn! Another feel good story of the day! Erin Popovich, wife of San Antonio Spurs coach Gregg Popovich, dies at 67 - Fox News",not sexist,train
sexism2022_english-9218,The women play better than the men? I remember when it made national news that someone in the WNBA dunked the ball. Almost everyone in the NBA can dunk.,sexist,train
sexism2022_english-3880,9. This isn't the first time Tara has stirred up public drama by painting herself as some kind of victim of harassment from alt right men.,sexist,train
sexism2022_english-4674,She’s so pathetic. “I’m super sweet” “The dad attacked me and dragged me by my hair” and she was going after people leaving? I like how the interviewer said “So you went after everyone leaving? Then she says “no” lmaooo,not sexist,train
sexism2022_english-9790,"Just WRONG, ALL WRONG. Once again paedophiles pander to other paedophiles to allow a practice that countries like Turkey are trying to stamp out. Some people do not deserve to live! NOT acceptable in ANY religion, only a fool thinks otherwise. [URL]",not sexist,train
sexism2022_english-19628,Who fucking cares mate,not sexist,train
sexism2022_english-5050,"Literally said the dishwasher thing was a joke... but the thing is the majority of people saying men can’t be raped or standing behind female rapists are men. A lot of women, including feminists have similar goals...",not sexist,train
sexism2022_english-11813,"sharia is unhinged, lost control of her life when i broke up with her sad!",not sexist,train
sexism2022_english-17713,"“If you cant survive without finding a volunteer to parasite off of, you die.” Soooo all unborn babies are parasites and they should leave their mother’s uterus and just die. Makes sense! Hey you should write a book, genius!",not sexist,train
sexism2022_english-11569,"Police Farce a bunch of cross dressing poofs with painted nails in gaymobiles & now the army will keep smack-heads Really clever putting so many women in charge in politics, UK is a complete mess [URL]",sexist,train
sexism2022_english-4862,Mika - I can see your boyfriend Joe crying at the murder trial of his former girlfriend. Remember her? The one he murdered with a blow to the head.,not sexist,train
sexism2022_english-18148,Once women hit 30 they probably have to date men in their 40s and 50s. That's fucking gross.,sexist,train
sexism2022_english-2775,"This is a cry for help from the female gender. They are blatantly admitting that they cannot make proper life decisions by themselves, and are begging for men to reinstate full patriarchal rule.",sexist,train
sexism2022_english-18544,"yikes, lets unpack this. Just because you grew up in the hood getting raised by a single mom doesnt mean that you're entitled to a living wage at mcdonalds, sweaty. Mabe you just need to work on your attitude.",not sexist,train
sexism2022_english-7272,Yeah I'm sure she's a great shag but that's about it,sexist,train
synthetic_gen_512,"Go back to the bottom of the ladder, that's where you belong.",sexist,train
sexism2022_english-16354,"I'm glad that I can be of service. As long as you realise that you're lost without women, at least in some capacity. ;)",not sexist,train
sexism2022_english-6245,"after 26 minutes of exhausting sex with [USER] , we finally both came. I guess she couldn't think of anyone either.",not sexist,train
sexism2022_english-1057,"Nancy Sinatra calling for the slaughter of gun owners, she's as bad as the mass murderers. Democrats need to be caged!! Nancy Sinatra Calls for Millions of NRA Members to be Killed by Firing Squad - [URL]",not sexist,train
sexism2022_english-19666,"[USER] By deliberately choosing to do nothing so as to cover her own (alleged) crimes Hillary's hands are as dirty as those who did the actual killing. RIP Christopher Stevens, Glen Doherty, Charles Woods, Sean Smith...",not sexist,train
sexism2022_english-18392,sarah Jeong during her University days,not sexist,train
synthetic_gen_1053,The only reason she got that job is because of diversity quotas.,sexist,train
sexism2022_english-5154,It's easier for femoids and chads and they are the only ones who count,sexist,train
synthetic_gen_18,Another dumb female trying to lecture men on gaming.,sexist,train
sexism2022_english-11402,"while she loathes in self-pity, Scaramcci THE MOOCH will be with US DRAINING THE SWAMP or should I say DRAINING THE SEWER! #MAGA",not sexist,train
sexism2022_english-17676,"You bet your ass the FBI is looking at this crap to !! in almost every picture in this year book she has a bottle in her hand, and it ain't a coke. [URL]",not sexist,train
sexism2022_english-12828,"Hillary and Bill back on the road but has she eaten too much Spirit Cooking? ""Sick Hillary Suffers ‘Uncontrollable’ Coughing Fit "" [URL]",not sexist,train
sexism2022_english-18733,The mind games you have to play with women to be involved with one just aren't worth the effort IMO. Simplify motherfuckers.,sexist,train
synthetic_gen_572,"I'm not being mean, it's just biology that women can't drive.",sexist,train
sexism2022_english-16161,This type of lawsuit could end up with Warren having to prove IF she is part Indian through DNA tests... and I fucking love it! [URL] Take her down Ayyadurai!,not sexist,train
sexism2022_english-15764,UK denies visa to Iraqi nun displaced by the Islamic State [URL] #Britainastan,not sexist,train
sexism2022_english-10359,u/CommanderHeMan,not sexist,train
sexism2022_english-18902,But you bet she’ll be posting shit like the original tweet and putting yellow ribbons all over her profile for a few days just to virtue-signal,not sexist,train
sexism2022_english-8087,"Good Lord, just look at her. I'm hoping Trump can do something -- anything -- to trigger a few of these people into hindering the ICE folks in a blatant way. Would love to see this woman in handcuffs.",not sexist,train
sexism2022_english-8673,I wouldn't give her the bpd label but honestly all it shows is to not fuck with this girl. Maybe she's crazy. Maybe she wanted you to keep trying so she could keep turning you down and this is all a game. Don't humor her regardless.,not sexist,train
sexism2022_english-12853,"Men get to form their little snowflake groups to cry about insane women but, if some women form their snowflake groups to complain about men then all women get branded as crazy cunts.",not sexist,train
synthetic_gen_785,The only reason she got that job is because of diversity quotas.,sexist,train
sexism2022_english-12081,"Incels in real life are ussually the shy and quiet guy that doesn't talk to anyone, yet I will still be called an asshole just because I want love and a girlfriend.",not sexist,train
sexism2022_english-18938,How the hell have they not arrested that maniac who ran a grieving mother down because she couldn't unload a property because of the location of the murder of two girls? Death penalty is all I'm saying.,not sexist,train
synthetic_gen_843,"You can't trust a woman who wants a promotion, they are all the same.",sexist,train
synthetic_gen_534,"Go back to the bottom of the ladder, that's where you belong.",sexist,train
sexism2022_english-1301,By pressing show less you have automatically be been registered for incel 'facts' directly to your inbox daily! We apologise for this feature.,not sexist,train
sexism2022_english-12406,rebuke her female nature,sexist,train
sexism2022_english-14726,You can end up being beaten senseless by the cops after she reeees 'RAAAPE!',sexist,train
sexism2022_english-7295,Send her a dick pic. She's clearly waiting to see the goods.,not sexist,train
synthetic_gen_381,"Go back to the kitchen, that's where you belong.",sexist,train
synthetic_gen_1114,"You can't trust a woman who rejects a nice guy, they are all the same.",sexist,train
synthetic_gen_873,She's just another bitch looking for attention online.,sexist,train
sexism2022_english-11432,Why is this not at all surprising? >Live in girlfriend Why do men allow this ever? Why? Why? Why? Why? Why? Why? I'm now a woman. Give me free room and food. Amidoingitrite?,sexist,train
sexism2022_english-13370,"tommy robinstein is literally a mossad showman, his arrests are probably one giant puppet show to keep the goyim stuck in the mental cage",not sexist,train
sexism2022_english-7947,I like to show her my penis within 5 minutes of meeting each other. If she stays then I'm good to go,sexist,train
synthetic_gen_535,Men are better at logic because women are too emotional.,sexist,train
sexism2022_english-12860,Judging by the overlap those are the most insufferable women of their generation. You just can't make this shit up. They are worst of the worst. Who would have thought that the Internet can enable such cesspool of unbearable individuals.,sexist,train
sexism2022_english-16204,Then women will call the police and claim rape because she had consensual intercourse with a sub 8 man.,sexist,train
sexism2022_english-1633,"""The postman was telling me that he's slept with every woman on our street, except one."" I said. ""I'll bet it's that stuck up bitch next door,"" replied my wife.",not sexist,train
sexism2022_english-12696,"Nah not nephilim. I dunno where i heard it was Enoch, this was years ago. There's some story cut out where Satan has sex with Eve, and not just the translation controversy from the Old Testment. I will delete that part though.",not sexist,train
synthetic_gen_206,Why do women think they deserve respect when they can't even be honest?,sexist,train
sexism2022_english-14564,"I just desperately want them to hang a sign that says ""white people aren't allowed to sit with actual humans"". Lido Pimienta made white people stand at the back of her concerts and put all the minorities up front by the stage.",not sexist,train
sexism2022_english-7387,**IncelTears (TM)** *Because you should protect the woman you breastmog.*,not sexist,train
sexism2022_english-12866,Your father sucked Jew dick while your mother had orgies with Kazharian jews Then you pop out,sexist,train
sexism2022_english-957,Their kikes and they work with the JDL. I think she'll get along fine with them.,not sexist,train
synthetic_gen_1120,"Typical female, always complaining about gaming.",sexist,train
sexism2022_english-12987,the real hicks,not sexist,train
sexism2022_english-2578,"Well fuck you, UPS -- is FedEx safe these days?? [URL]",not sexist,train
sexism2022_english-9174,"They were right we were going to hit the Singularity, they just didn't know it was going to be in leftist signaling",not sexist,train
sexism2022_english-8706,"The thing about your friend with the jacked teeth is, he’ll bang any girl, he’s about quantity, not quality.... in total honesty, I can’t even get aroused if I’m not attracted....",not sexist,train
sexism2022_english-8769,Because some woman personally left them and moved onto someone else.,not sexist,train
sexism2022_english-19242,Sarah Silverman is a dipshit so I wouldn't listen to anything she had to say. I voted for Trump because I knew how corrupt Hillary was. End of story.,not sexist,train
sexism2022_english-11272,"Your niggas are going to kill you and rape ypur wife because they are just niggers you happen to get along with, nigga.",not sexist,train
sexism2022_english-13910,"My mate had good advice about this. When an older woman asks, ""Why would I go out with someone your age?"" He slyly replies with something along the lines of, ""Well wouldn't you like to find out?""",not sexist,train
sexism2022_english-12688,Gym is good for you regardless of women. Get over it cope,not sexist,train
sexism2022_english-16447,True. ALL women are escorts except for when they see a chad.,sexist,train
sexism2022_english-18258,Kaine is so creepy! (He looks like a raging alcoholic wife beater). Ick,not sexist,train
sexism2022_english-7176,"Yeah with Mgtow Day approaching (Feb 14) I already women being childish, it'll create a surge for sure.",sexist,train
sexism2022_english-12739,That seems entirely possible...and not unexpected if Deep State remoted him to kill. Wouldn't be the first time...,not sexist,train
synthetic_gen_391,"Typical female, always complaining about equal rights.",sexist,train
synthetic_gen_976,Another dumb female trying to lecture men on equal rights.,sexist,train
sexism2022_english-4918,Holy shit it's over,not sexist,train
sexism2022_english-10032,"If we traded women on the stock market instead of companies, there would never be a bear market since cucks would always be buying shares.",sexist,train
sexism2022_english-5547,"Dammit I hate linking to twatter, but i just heard this & had to share... [URL] (she's in my fridge)",not sexist,train
sexism2022_english-3305,"if he's not hot or tall or handsome she's just being nice. So if a guy isn't any of those things, the female is never interested. got it.",sexist,train
sexism2022_english-13914,"It was rape because she regretted it afterwards, duh. There's no way she could have sex with a nerd. Sheesh.",sexist,train
synthetic_gen_299,"You can't trust a woman who wants a promotion, they are all the same.",sexist,train
sexism2022_english-8077,if your women if out there marching for this bullshit ... make sure to kick her out and send her packing !!!,sexist,train
sexism2022_english-4450,less competition Gays and trannies are low smv males who are already undesirable to females. Jfl look at all the trannies on reddit and tell me theyre not ugly as shit,sexist,train
synthetic_gen_1028,Men are better at logic because women are too emotional.,sexist,train
sexism2022_english-17121,"It's not only fewer men who are engaging in casual sex, also fewer women, as your own source stated Yes I know. But I'm bringing up the point that these factors drastically changed in men's engagement. I never said it was a bad thing.",not sexist,train
sexism2022_english-9392,"Because she said #roshan'sbae, that probably means shes in a relatiobship, jfl she can get laid but we cant",not sexist,train
sexism2022_english-6235,"If you're accused, you're guilty AND if the woman ""victim"" says you're innocent, then she must be delusional: Matt Boermeester, USC kicker, removed despite girlfriend’s denial of abuse [URL]",sexist,train
sexism2022_english-17964,Alexandia Ocasio Cortez .. pretty gal should be in movies not in office,sexist,train
sexism2022_english-18706,"If you just go to watch your favorite streamers and avoid browsing, you can easily go without even noticing the thots.",sexist,train
synthetic_gen_1046,Another dumb female trying to lecture men on their careers.,sexist,train
sexism2022_english-3360,"I might as well copy-paste my post from another thread: It doesn't matter whether she is a bookworm, who spends all her time studying, or if she is the party slut. They all want a tall, handsome, muscular, well-endowed and rich guy.",sexist,train
synthetic_gen_26,"Go back to the bottom of the ladder, that's where you belong.",sexist,train
synthetic_gen_129,Another dumb female trying to lecture men on gaming.,sexist,train
sexism2022_english-11978,Bullshit!!! settling is enabling. Whatever. Your afraid to be real and demand anything from a women. So be happy. Most real men see the superficiality and selfishness and would prefer to be alone,sexist,train
sexism2022_english-1165,No divorced woman is family oriented.,sexist,train
sexism2022_english-7856,"No woman I know in real life cares about being slut shamed. Sorry, not sorry.",sexist,train
sexism2022_english-8160,"as Enoch pointed out in the latest Daily Shoah, thot patrolling a woman you don't actually have the ability to control just makes you look weak you can't really thot patrol someone you have no influence over",sexist,train
sexism2022_english-4620,I think he was trying to get to the bottom of her hypocrisy with his questions rather than our right attack her for her violent behaviour... She's a nasty bitch so he knew he had to play it carefully,sexist,train
sexism2022_english-16076,"[USER] [USER] I know but when it comes to the Revolution I am very much THAT GUY. Until I finish Children of Liberty (and even then, probably for a good bit after it) I am perpetually stuck in 1775 Boston.",not sexist,train
sexism2022_english-9655,In a way men are already paying bachelor tax in the form of onlyfans subscriptions Most men don’t do this. A tax is something imposed by the govnt. Paying a chick to see her tits is not a tax.,not sexist,train
sexism2022_english-12868,We all hate your dad...and you too!,not sexist,train
sexism2022_english-16082,Having a chad friend is suifuel. Stay away from all chads if you are blackpilled already. No one will fuck you just because you are friends with chad.,not sexist,train
synthetic_gen_1162,"You can't trust a woman who rejects a nice guy, they are all the same.",sexist,train
sexism2022_english-11462,Why is raping old White woman an exclusively Black Thing? Ever hear about White men raping Black women...especially old Black women??? [URL] Colin Flaherty tells us about Black on White violence...support him....,not sexist,train
sexism2022_english-18067,Then comes in Rey and shits on all of them. Future is female!,not sexist,train
sexism2022_english-13461,Online dating culture. Any 5/10 girl and above would get the 99+ likes notification within a day of joining tinder. Gives them automatic abundance to spin plates. Plus feminism encourages them to sample as many dicks due to sexual liberation.,sexist,train
sexism2022_english-4405,"I see where you're getting at and it makes sense, as I mentioned in another comment, I think I need to just get more exposure with interacting with women on a more sexual level, but quarantine makes that difficult.",not sexist,train
sexism2022_english-7237,Portly Portland. God that place is a dumpster fire. And I thought LA and SF were the worst.,not sexist,train
sexism2022_english-13303,The weak are always anxious for justice and equality. The strong pay no heed to either.,not sexist,train
sexism2022_english-969,what it's like attempting to argue with the female species part 3:,sexist,train
sexism2022_english-10791,"Chelsea Clinton 'used Foundation resources to fund her 2010 wedding to Marc Mezvinsky', according to new Wikileaks email [URL]",not sexist,train
synthetic_gen_1072,"You can't trust a woman who wants a promotion, they are all the same.",sexist,train
sexism2022_english-981,Think about it! These people rather act like cockroaches and steal from you than work in their own country to make their own country great. WHAT ARE YOU GOING TO DO TO STOP THEM? Corruptgenesee.com,not sexist,train
synthetic_gen_311,Another dumb female trying to lecture men on sports.,sexist,train
sexism2022_english-2029,Every girl is fucking Chad. Since I'm blackpilled if I don't fuck after a second date (if it goes that far) ima just forget about it and move on.,sexist,train
sexism2022_english-14965,Beautiful as always! Ty sister love,not sexist,train
sexism2022_english-13463,Ladies and gentlemen I present: A Messy Kitchen,not sexist,train
synthetic_gen_226,Men are better at logic because women are too emotional.,sexist,train
sexism2022_english-11090,I'm pretty sure she divorced him years ago. Probably got fed up with having to shot in the street. Being a posh bird that must have come as a bit of a culture shock...,not sexist,train
synthetic_gen_97,She's just another slut looking for attention online.,sexist,train
sexism2022_english-3268,Fat bitch thinks she has a right to standards lmao. She should be this selective about her meals,sexist,train
sexism2022_english-5099,"I am a mother, a real man would jump at the opportunity to pay for my mistakes",not sexist,train
synthetic_gen_938,Another dumb female trying to lecture men on their careers.,sexist,train
sexism2022_english-1625,"Men and women do not share a common language, reproductive agenda, principle of social organization, or neuroanatomy. The closest you will ever get to her is balls deep.",sexist,train
sexism2022_english-1184,"As some random person once said on Twitter: ""any female born after 1993 can't cook... all they know is mcdonald's , charge they phone, twerk, be bisexual , eat hot chip & lie.""",sexist,train
synthetic_gen_308,"I'm not being mean, it's just biology that women can't drive.",sexist,train
sexism2022_english-13427,"Meanwhile, cops do nothing about muslim imams calling for gays to be killed because it's 'complex' - double standards when it comes to muslims [URL]",not sexist,train
synthetic_gen_866,Women are naturally unstable and shouldn't be in power.,sexist,train
sexism2022_english-19349,"Can confirm, all women keep a child sized dildo under their bedside table.",sexist,train
sexism2022_english-1948,Pictures like this make me feel lucky that I did not take too many pictures with women.,not sexist,train
sexism2022_english-2204,"I never! Seriously, have you? WTF is wrong? She has more hair on her chest than a lot of guys have! lol",sexist,train
sexism2022_english-3276,"Went well, as you said the only way for me to get out of there would be for me to leave for a while. So I guess we just went as friends. Even so, I went with the prettiest girl in High School.",not sexist,train
sexism2022_english-6118,Never fuck a skunk ass looking woman.,sexist,train
sexism2022_english-11202,Behold the power of NEA $$$: An actual constituent of Sen. Murkowski couldn't even get her office on the phone re: Betsy DeVos vote. Vote. Her. Out.,not sexist,train
sexism2022_english-17601,You sister is pleasuring my ass and my cock with her tongue and it's fucking sublime. You want the video you Assburgers Autist fuck?,sexist,train
sexism2022_english-11100,"I'm busy right now, what I'm doing is so much fun"" So you'd do it if you weren't busy? Nice one. Enjoy her trying to pussy whip you for another year.",sexist,train
synthetic_gen_633,She's just another slut looking for attention online.,sexist,train
sexism2022_english-7989,"Actually, you are the guy that meets her parents and they love you and she has other guys she is f'ing on the side who they hate. You are just there to distract her parents so she can be in their good graces.",not sexist,train
sexism2022_english-7374,its a girl getting excited about getting a guy thats better than her cuck bf.,not sexist,train
sexism2022_english-18341,Peace of Mind is a beautiful thing! Enjoy!,not sexist,train
sexism2022_english-918,"Called my ex a cunt once. Ive never seen anyone get so upset by a word. And she was being a cunt, she made us miss an entire hockey game because she couldnt get her ass ready in the 6 hours she had beforehand.",sexist,train
sexism2022_english-7844,"And continues sending money home to her extended family, while poor Americans can't afford to cover their own expenses.",not sexist,train
sexism2022_english-19650,retarded normie,not sexist,train
synthetic_gen_470,The only reason she got that job is because of her looks.,sexist,train
sexism2022_english-12780,This is why I don't LTR chicks that make anywhere near the money I make and I won't get married.,not sexist,train
sexism2022_english-19281,"Meh, I'm a 26 year old kissless virgin and I would never stoop so low as fucking an obese woman. I just find it so repulsive.",sexist,train
sexism2022_english-6032,"Always test a person, before you judge them 20 year old women are a pain in the ass, yes but are redeemable if you give them a chance ... lol",sexist,train
sexism2022_english-6272,"[USER] I think thats the point [USER] was making, if there are those sealed indictments then lets see them! Also she said WE have suffered enough, we the people, not the swamp assholes, we WANT them to suffer!",not sexist,train
synthetic_gen_1136,"You can't trust a woman who wants a promotion, they are all the same.",sexist,train
sexism2022_english-8107,[USER] i almost wonder if bernie was controlled opposition. His only lasting attack on her was the goldman sach speeches which most people forgot and bad judgement,not sexist,train
sexism2022_english-7557,"Ahh, a woman. Hahahaha. Never would have guessed. Bye bye, Dyke.",not sexist,train
sexism2022_english-6084,"If I see a girl who I think is pretty, I will go ahead and tell her, not because I want to get laid. Beacsause you don't want to get laid just be her friend!!!",not sexist,train
synthetic_gen_961,Men are better at logic because women are too emotional.,sexist,train
sexism2022_english-8853,4) corporate whores,sexist,train
synthetic_gen_718,She's just another slut looking for attention online.,sexist,train
sexism2022_english-5277,Hahaha I knew it what a sad life has kids happy marriage still need to go on a incel board and attention whore kek she looked to old to be 17 she probably abuses or neglects them cause she is here so much lmao,sexist,train
sexism2022_english-15350,"But it’s OK if she really is a meretricious, cheating c**t, right? Just checking . . . thought I’d check first.",sexist,train
sexism2022_english-16398,yeah she thinks OP is a wuss and is upset that she gave him so many signals and he did nothing. She wasted time and energy on him and probably hates him now,not sexist,train
sexism2022_english-11929,"""the worse the music the better looking the girls that congregate there"" LOL agreed!",not sexist,train
sexism2022_english-11985,"I usually hate to see white girls with nig nogs, not this time! 🐰 [URL]",not sexist,train
sexism2022_english-9502,"This girl got wrecked, can't remember anything (at all) and 'assumes' she was raped? CPS supposition at it's finest. [URL] #chedevans #uk #courts #justice",sexist,train
sexism2022_english-13695,"[USER] We are here to kick some ass. Bu are we not also here to crush the enemy, and to see them driven before you, and to hear the lamentations of their women? #VFM",not sexist,train
synthetic_gen_896,"I'm not being mean, it's just biology that women can't drive.",sexist,train
sexism2022_english-14866,"Lib agenda, kill the country, but taxpayers pay her way",not sexist,train
sexism2022_english-2639,"Sometimes getting girls is this easy, unless you fuck it up for yourself.",not sexist,train
sexism2022_english-10200,Imagine she was tryin to sit on your face. That help?😂lmfao!,not sexist,train
synthetic_gen_943,"I'm not being mean, it's just biology that women can't drive.",sexist,train
synthetic_gen_407,"Typical female, always complaining about equal rights.",sexist,train
sexism2022_english-2497,Thanks but I'm only interested in the sex; I don't want a relationship. I want to know how to gauge if she is on that same page.,not sexist,train
sexism2022_english-12124,"Lol, most lesbians I know are very attractive and feminine. People think that masculine lesbians are more common because they are more 'noticeable'. Those two blondes in high heels and dresses on a night out? They're gay bro.",not sexist,train
sexism2022_english-1377,And what's she bringing in return? Some pre used pussy with not much tread left on the tyres,sexist,train
sexism2022_english-19483,Lol if you look up the author she looks like a cross between a chipmunk and the Crimson chin. No one's dates you because all you're worth is a fuck,sexist,train
sexism2022_english-14566,"Yeah. Get the fucking skankiest one you can find and pay her to get some crack for you to smoke together. You're incel. Fuck it, party.",sexist,train
synthetic_gen_1080,Why do women think they deserve respect when they can't even be honest?,sexist,train
sexism2022_english-12862,Nothing wrong with not being attracted to overweight women and single mothers but yeah that's a really incel way to react.,not sexist,train
sexism2022_english-6303,All of society's problems are caused by women's choices. This is why in muslim countries it's the family that decides for the femoid.,sexist,train
sexism2022_english-19696,"Which is kinda ironic considering all the problems that come with too much T: bad acne, sleep apnea, shrunken balls, hairloss, etc",not sexist,train
sexism2022_english-12133,Why are people that have never even felt a woman's touch let alone had sex aloud to have an opinion on it?,not sexist,train
sexism2022_english-3064,well i hope she learned her lesson from frenchy the felcher and she doesn't use any Hate Speech about niggers or irtyday oojays 🙄,not sexist,train
sexism2022_english-12442,War games...excellent blast from the past!,not sexist,train
sexism2022_english-10706,"[URL] Where are the feminists decrying the violence against this woman? Why do feminists defend an ideology that claims women are second class citizens you can beat and rape if they aren't with their ""man""?",sexist,train
sexism2022_english-13441,I hope someone rapes this woman.,sexist,train
synthetic_gen_377,Men are better at logic because women are too emotional.,sexist,train
sexism2022_english-2326,Lesbian relationships are tough.,not sexist,train
synthetic_gen_615,She's just another bitch looking for attention online.,sexist,train
sexism2022_english-19135,MRA would work fine. It doesn't say anything about women's rights. Or just an egalitarian.,not sexist,train
sexism2022_english-19577,"If he continues with the lawsuit against her, I may actually have some respect for the fellow.",not sexist,train
sexism2022_english-563,I can already imagine the replies to that tweet.,not sexist,train
sexism2022_english-13662,[USER] how is it you #GirlsOfGab have the best #NSFW stuff?! I need to map you girls out and see who's within driving distance :/ Holy hell...,not sexist,train
sexism2022_english-4762,"I love [USER] . She's like a happy, smart little shitlord who is mostly polite. Nice combination. So I'll cut her some slack on the pickle thing.",not sexist,train
sexism2022_english-16147,"You mention that she likes you, but say nothing about you liking her, which leaves the question to be asked: Are you hooking up with her solely because of her looks?",not sexist,train
sexism2022_english-18465,How is that retard a biochemist in a lab. If I was working there I would ask hardcore in field questions to test her capacity and skills. Fact: none. With that closed mind it's imposibru.,not sexist,train
sexism2022_english-17849,"Just so all Canadians know, Iqra Khalid sits as a MP in Mississauga, and she is the creator of M103 and will slowly force Shariah law upon Canada....her father is also very shady...thats all i will say :)",not sexist,train
sexism2022_english-2569,"[USER] I just know Marines. Sometimes you do well. Other times your niece asks, ""Dad, what's an ass-ramming dicktard?""",not sexist,train
sexism2022_english-3573,"No, he remembers them well. In fact their cuntishness was a formative experience and has shaped and will continue to shape his dealings with women for the rest of his life. He is fortunate to have learned his lesson at an early age.",sexist,train
sexism2022_english-12895,"We have waves of communists looking to crush this country, and some people spend time fucking jerking off in pathetic grade school level bullshit. What a waste.",not sexist,train
sexism2022_english-6089,Exodus 22:18 Thou shalt not suffer a witch to live. Pretty much their moral obligation,not sexist,train
sexism2022_english-1154,"Leftist (((movie))) sensation at Sundance Film Fest has graphic rape of 11yo girl by 40yo. ""We see him, over multiple scenes that take place over a series of weeks, attempt to penetrate her. “We have to keep stretching you open, slowly,” "" [URL]",not sexist,train
sexism2022_english-14153,But not all feminist have the same ideology. Does that mean meninist believe the all women always colluded against all men with malicious intent?,not sexist,train
sexism2022_english-4906,Saw a real open minded person on the bird post that they gave #gab a whole 5 minututes before claiming that we are all Pepe worshipping racists. Nice I mean he didn't jump to any pre conceived conclusions I mean he gave the #gabfam 5 whole minutes.,not sexist,train
sexism2022_english-4956,Read up on the science of transgenderism. You're doing nothing here but spewing creationist-level bullshit. Your dumbass opinion doesn't trump reality.,not sexist,train
sexism2022_english-14522,"The immunity given to Clinton criminals was improper. I think the long talks by Sessions and others were to dismantle that immunity, set up the nullification. Trump is getting his political sea legs under him now. Poop (Clinton) will hit the fan.",not sexist,train
sexism2022_english-7772,[USER] Flip her over she is done...,not sexist,train
sexism2022_english-1570,"You may think your step sister is different. Odds are she isn't. Consider that her advice may be skewing your perception of outcomes. She's still just a bitch, susceptible to bitch fallacies.",sexist,train
sexism2022_english-5335,"Thanks this was really helpful, what would be the kind of things I would say to her?",not sexist,train
sexism2022_english-14234,You don’t get it due to age or life experience... but hot young pussy chases me. Not the other way around. I wake up to a barrage of text messages... I don’t send them. Money or access to fun flips the script.,sexist,train
sexism2022_english-15572,I always add a little 🐷 to my meatballs. Keeps Shlomo’s shekel clutchers off them.,not sexist,train
synthetic_gen_249,She's just another femnazi looking for attention online.,sexist,train
synthetic_gen_94,The only reason she got that job is because of nepotism.,sexist,train
sexism2022_english-3991,"""I found your twin!"" ... Do I look like a fucking tranny? Lmfao",not sexist,train
synthetic_gen_874,"Typical female, always complaining about equal rights.",sexist,train
synthetic_gen_1012,Men are better at logic because women are too emotional.,sexist,train
sexism2022_english-13905,"one person Except there's now a number of incel killers, not one.",not sexist,train
sexism2022_english-16563,"If you get flaked on by a Korean woman do you just brush them aside or continue to try and pursue her? I had a girl set up a date and then no showed me because she ""lost her phone"" and I cast her aside.",not sexist,train
sexism2022_english-8474,These people are a disgrace. They don't even care about each other.,not sexist,train
sexism2022_english-17666,Somebody on Gab was asking about people who make up bullshit stories about being the victim of a felony and aren't held accountable. This one looks like she will do some time Sentencing delayed for woman who made up story of sex assault by cop [URL],not sexist,train
sexism2022_english-9531,That's not a girl. That's a brain dead pawn.,not sexist,train
synthetic_gen_688,"I'm not being mean, it's just biology that women can't drive.",sexist,train
sexism2022_english-18640,"Fun fact: Shakira was my first celebrity crush, back when I was like, 8. Seems I chose wisely.",not sexist,train
sexism2022_english-15756,"Surprisingly, a white guy in Iowa who killed a female Hispanic college student has not become a popular counter-narritive to the recent and preventable murder of Mollie Tibbets by an illegal alien.",not sexist,train
sexism2022_english-14266,"Can you give more pointers on what to do when a girl starts doing these things Her voice turn baby-ish, she squint her eyes. """,not sexist,train
sexism2022_english-2186,Maybe we should prosecute her for allowing foreign criminals to murder Americans. [URL],not sexist,train
sexism2022_english-19013,"Yeah to reiterate what the other guy said, let her come to you. Even if you don’t here back in a 3 days, just wait. Go meet some other chicks too, it’ll help your mind not dwell on this current girl",not sexist,train
sexism2022_english-3760,Besides destroy the fabric of human unity? Not much at all. Besides being faggot puppets that the NWO fucks in the ass ... not much at all.,not sexist,train
sexism2022_english-14760,She can go back to her own country. She'd go to Israel but they'd call her a monkey and deport her to Africa.,not sexist,train
sexism2022_english-4283,lol nobody cares what you have to say rostie go suck down xanax some cheep box wine and kill yourself,sexist,train
sexism2022_english-3599,The say him as an ltr provider so were afraid to seem slutty around him,sexist,train
sexism2022_english-6186,Lol no he isn't. You ladies shit test alot and that is a common one.,sexist,train
sexism2022_english-4796,"Man accused of trying to drown wife, 2 kids in bathtub | Daily Mail Online [URL]",not sexist,train
synthetic_gen_950,Why do women think they deserve respect when they can't even be honest?,sexist,train
sexism2022_english-16170,Those women are pro-rape. They didn’t care about your consent. You need to publicly shame them and ruin their lives.,sexist,train
synthetic_gen_1233,"Typical female, always complaining about sports.",sexist,train
sexism2022_english-9465,"I hate to say it - but they have a lot of nerve. The LET these creatures into the country, unfettered, KNOWING what they are all about, and then they expect people outside the country to solve the problem? Insanity!",not sexist,train
sexism2022_english-277,"She also missed the point how she was paid on top of all the money spent on the trips, hotels, and food.",not sexist,train
synthetic_gen_450,"Typical female, always complaining about equal rights.",sexist,train
sexism2022_english-13542,LIFE in prison. Just consider that for a second and realize what that means. *Life* for over-the-clothing touching her boobs. That is absolutely insane.,not sexist,train
sexism2022_english-2587,[URL] This kind caring person has 7 children 2 which are adopted. Liberals will have a sick slandering false lie about any of Trumps mommies. Diane fuckstain,not sexist,train
sexism2022_english-3527,Never date seriously but definitely bang. I feel bad for the kids more than the woman so I always tried to avoid meeting them ever.,not sexist,train
sexism2022_english-12067,"@ 2:10 - A wallet made out of a woman's breasts!?!? Wow, that's some over-the-top propaganda there lol. What kind of sick pervert even thinks of a story like that?",not sexist,train
sexism2022_english-4150,Can you count any hijab's in that photo???,not sexist,train
sexism2022_english-5545,"Let’s make an all female cast star wars movie, directed by Paul Feig, starring the cast of the 2016 ’blockbuster’ hit Ghostbusters! It’s Ghostbusters.. in space, with like lasers and stronk whamen & stuff.",sexist,train
synthetic_gen_721,Another dumb female trying to lecture men on their careers.,sexist,train
synthetic_gen_276,Why do women think they deserve respect when they can't even be honest?,sexist,train
sexism2022_english-18731,"We are paying niggers to move in to our neighborhoods and destroy them, kill our kids with drugs, and rape our women. THANKS JEWS",not sexist,train
sexism2022_english-8205,Yeah so its pretty obvious that a lot of this subs users just hate women,not sexist,train
sexism2022_english-9877,"LOL nice... buy that man a pint on me! (or woman or xi or whatever, didn't intend to miss-pronoun!!! lol)",not sexist,train
synthetic_gen_956,Women are naturally weak and shouldn't be in politics.,sexist,train
sexism2022_english-17216,Why do you think we hate woman?,not sexist,train
sexism2022_english-8278,I'll never understand incels or MGTOW. Have they never met a woman with hobbies or interests? Have they never had a good female friend or even just a good conversation? Or do they think relationships are only based on sex?,not sexist,train
sexism2022_english-11099,"Should start a bounty on masks and bandannas.. One is worth $'10., 2 is worth 30., 5 are worth $75., 10 is worth $200..",not sexist,train
sexism2022_english-811,"That would be glorious, but I think that hag is bullet proof. No one has the balls to bring her down.",sexist,train
synthetic_gen_848,Another dumb female trying to lecture men on their careers.,sexist,train
synthetic_gen_690,Women are naturally manipulative and shouldn't be in leadership.,sexist,train
sexism2022_english-15019,"Ex-husband of grandmother, 72, who married 27-year-old thinks she is being ‘scammed’ [URL]",not sexist,train
sexism2022_english-4050,You can always just have outercourse if anal freaks you out,not sexist,train
synthetic_gen_477,"Typical female, always complaining about gaming.",sexist,train
sexism2022_english-19065,"I banged so many girls in my roach-infested shithole studio apartment in Manhattan, on the border of Harlem. It doesn't matter.",not sexist,train
synthetic_gen_557,Another dumb female trying to lecture men on their careers.,sexist,train
synthetic_gen_960,Women are naturally irrational and shouldn't be in politics.,sexist,train
sexism2022_english-7742,If you really wanted to twist the knife you’d be extra nice to her as you tell her no. But why waste your time.,not sexist,train
sexism2022_english-11832,"honest women trying to earn a living. ""Eh Hunny I'll blow you for 20 dollars, I just need my next fix baby...""",sexist,train
sexism2022_english-11525,100% of the liberal agenda is designed to turn us into their slaves. We do as they say or we go to jail or worse.,not sexist,train
sexism2022_english-3539,This stupid Bitch can't Prove which one of her Paramours gave her HIV.........,sexist,train
sexism2022_english-10803,"We pretty much use female exclusively in the military, even women refer to themselves and each other as female.",not sexist,train
sexism2022_english-4270,"#Liberals ....""How Can we Blame Whitey?"" Woman, 20, raped and murdered by 'obsessed' uncle who padlocked her body in a freezer [URL]",not sexist,train
synthetic_gen_754,The only reason she got that job is because of her looks.,sexist,train
synthetic_gen_315,"I'm not being mean, it's just biology that women can't drive.",sexist,train
sexism2022_english-2596,"I dont need to read it, or have her explain her symptoms....Borderline Personality Disorder! She's a weirdo! [URL]",not sexist,train
synthetic_gen_1170,Women are naturally manipulative and shouldn't be in management.,sexist,train
synthetic_gen_883,Women are naturally weak and shouldn't be in management.,sexist,train
sexism2022_english-3575,lol when i see a girl who is within my height range with a tall guy it pisses me off for some reason. Glad to know this wasn't a personality deficient i have all by myself. but i should probably work on that lol.,not sexist,train
sexism2022_english-8544,"It's crazy because every single woman on social media that ""looks like a bodybuilder"" is *guaranteed* to at least be cycling anavar.",sexist,train
sexism2022_english-16618,"Ghost the stupid bitch, delete and block her on everything. Join a local fascist organization. Read everything you can about Enrico Corradini, Julius Evola, and Corneliu Codreanu.",sexist,train
sexism2022_english-13216,Taking wife to dinner. See you tomorrow or Sunday.,not sexist,train
sexism2022_english-6573,Well I guess it wouldn't hurt to show her what the wisdom of her own words looks like...,not sexist,train
synthetic_gen_514,Men are better at logic because women are too emotional.,sexist,train
synthetic_gen_34,"Typical female, always complaining about equal rights.",sexist,train
sexism2022_english-10138,"[USER] Well, I'm a half-breed. White people produced many assholes. Just look at the editorial board at Salon, or all the cucks at the universities! Or Europe right now. If that's the current stock, it needs some infusion of non-cuck genes.",not sexist,train
sexism2022_english-723,"Trump Demands Prison for Huma Abedin. Like her boss, the top Hillary Clinton aide broke espionage laws [URL]",not sexist,train
sexism2022_english-9538,Yea. Most trans women hate men.,sexist,train
sexism2022_english-6938,Mika Brzezinski: #Giuliani's insults expose the misogyny women face every day - hotpagenews.com/r/227999,not sexist,train
sexism2022_english-18466,"My oldest daughter started Kindergarten today... Somehow, saying this on all the various social networks isn't helping me cope. Thought I'd at least make an attempt.",not sexist,train
sexism2022_english-18020,"I don't have any siblings, thankfully. If I had a normie/Chad for a sibling, or God forbid, a sister, I don't even want to think of what I'd do.",sexist,train
sexism2022_english-9187,Fakecel if you have girl’s numbers for anything other than school or work,not sexist,train
sexism2022_english-7845,it's game over for the kikes Russia's 6 new military equipment features will smash the kikes if they get out of hand [URL],not sexist,train
synthetic_gen_358,"I'm not being mean, it's just biology that women can't drive.",sexist,train
synthetic_gen_1186,"I'm not being mean, it's just biology that women can't drive.",sexist,train
sexism2022_english-18044,"Look into ""Undercover Sex Signals"" by Leil Lowndes, a female sexologist.",not sexist,train
sexism2022_english-1865,Someone saying dress modestly is the same as saying don't rape. Rapist don't care.,not sexist,train
sexism2022_english-14098,please don't be that creepy guy that tries to pick girls up at the gym,not sexist,train
sexism2022_english-17437,"I was a leftist before gamergate and I didn't do it. I was dating a Christian girl at the time, and her family never complained about us. So they are willing to bend on homosexuality.",not sexist,train
sexism2022_english-11868,Feminism has destroyed all demographics except for upper middle class white American women.,not sexist,train
sexism2022_english-13723,"MSM are so full of hate that rather than checking out a story they just assume because President Trump wants her she is a monster. We you know what they say about why you never assume, right. Ass/U/Me.",not sexist,train
sexism2022_english-16799,Why am I not surprised that ToroFA is implying that she's a dirty dishrag whore? Ghost of True Capitalist Radio is right. Women are a menace to society in America.,sexist,train
sexism2022_english-6005,"Sounds like you both were very drunk. Maybe something like this would give you the best shot: ""Fun time at the bar last week! My friends and I are gonna check out \_\_\_\_ this weekend, hit me up if you and your girls are down""",not sexist,train
sexism2022_english-17303,Tell her she better not come back with her butt virginity or you’re taking her pussy virginity,sexist,train
synthetic_gen_29,"You can't trust a woman who works in STEM, they are all the same.",sexist,train
sexism2022_english-828,"No i'm pretty sure most women would be afraid of it because if men don't want to take their bullshit, they'll just go to their dolls instead of being a good little dog for some unexciting duty sex.",sexist,train
sexism2022_english-4678,she says Trump is wrong on our border policy....and Muslims in her country want to chop her head off what fucking planet am I on again?!? [URL],not sexist,train
sexism2022_english-2305,Piloting. Any party I attended with the pilot friends I went to school with always had pilot whores. 30 guys to 1 girl ratio. One party I attended to ended up with an 18 pilot girl who fucked 3 of the guys from the party in one night.,sexist,train
sexism2022_english-15979,"as a proud White man, whom she despises, FUCK YOU, JAP BITCH",sexist,train
sexism2022_english-2487,"Once I read feminazi article how men regularly abuse female janitors by creating mess in bathrooms in revenge to... who knows what. This debunks it completely, unless all women there are lesbians and abuse female janitors this way even more.",sexist,train
synthetic_gen_645,"I'm not being mean, it's just biology that women can't drive.",sexist,train
sexism2022_english-9265,"It’s good to have a pretty, white First Lady again instead of the former ghetto-ass she-boon who looked more ape than human. [USER] [USER] [USER] [USER] [USER] [USER] [USER] [USER] [USER] [USER] [USER] [USER] [USER] [USER] [USER]",sexist,train
sexism2022_english-8305,When your being questioned on the street by a Bobby Hijabi.....,not sexist,train
sexism2022_english-16346,Merkel has no conscience !! She is like a DEVIL. She will never find rest when she dies. Such EVIL person! I hate her! Raffie Chohan/Dutch Defense League,not sexist,train
sexism2022_english-18449,"She obviously passed her ""fuck before"" age.",sexist,train
sexism2022_english-1601,A woman needs a man like a fish needs a bicycle!¹ ----- ¹assuming fish spend half their life dreaming about finding the perfect bicycle,sexist,train
synthetic_gen_120,"You can't trust a woman who works in STEM, they are all the same.",sexist,train
synthetic_gen_493,"Typical female, always complaining about sports.",sexist,train
sexism2022_english-3553,"I agree with that but at the same time I know myself well enough to say I can’t love a woman. The minute she begins to hit the wall and some hotter, younger women enters the picture, it’s time for impulse control because I’m going to want that.",sexist,train
sexism2022_english-10970,"Sign in the womens' toilets in those states that allow people to use the toilet of the sex they identify as: ""Please don't rape the young girls - unless you're really black, really Muslim, or really desperate.""",sexist,train
sexism2022_english-16854,"Not to mention some slightly promiscuous woman who actually IS raped may have a harder time being believed because this woman decides to make herself an easy ""target"" and publicize it like she's doing something good for women. it's just disgusting",not sexist,train
sexism2022_english-10942,fuck rice she sux. he needs to fire tillerson. bush fucking moles drain swamp,not sexist,train
sexism2022_english-12248,"As a female who potentially might have a daughter one day, it terrifies me that you all found each other and circle jerk victimhood and the hate towards women.",not sexist,train
sexism2022_english-9132,Any female can make a living just by selling their soiled panties.,sexist,train
sexism2022_english-2038,I'm not. I'm going slow and trying to flirt with her a little and maybe do something online with her over the weekend. Need to ask first,not sexist,train
sexism2022_english-9275,"I just mean really hot girls. That's my ''type'. They don't all look identical or anything, but typically young, slim, nice bodies, pretty faces with nice bone structure with bright green/blue/grey eyes, long hair etc",not sexist,train
synthetic_gen_1166,"Go back to the kitchen, that's where you belong.",sexist,train
sexism2022_english-18186,My life is way better without a woman in it. WAY better.,not sexist,train
synthetic_gen_594,"Go back to the bottom of the ladder, that's where you belong.",sexist,train
synthetic_gen_99,"Go back to the bottom of the ladder, that's where you belong.",sexist,train
sexism2022_english-589,Every Black kid I knew in Detroit came from a family. I was a poor White kid from a broken home. My mother was an OG “Me First” Man Hater and my dad was a communist. 1985.,not sexist,train
sexism2022_english-7320,"Without glasses, she looks like Hillary Clinton.",not sexist,train
sexism2022_english-2199,You must apologize to the Muslim girl who lied and committed a fake hate crime with her lying brother. How dare you! Muh victimhood. [URL],not sexist,train
sexism2022_english-3295,"I don't know why we would use a group of people who murder others when they can't get laid as a symbol for ""order""",not sexist,train
synthetic_gen_913,"Typical female, always complaining about sports.",sexist,train
synthetic_gen_428,Men are better at logic because women are too emotional.,sexist,train
synthetic_gen_703,Men are better at logic because women are too emotional.,sexist,train
synthetic_gen_36,Why do women think they deserve respect when they can't even be honest?,sexist,train
synthetic_gen_821,"I'm not being mean, it's just biology that women can't drive.",sexist,train
sexism2022_english-19429,"here's what you do, if you're a hot 21 year old girl, you tell your father you found the man of your dreams and move out, come live with me and i'll teach you the way of the wolf, i'll be the Mr. Miyagi to your inner Daniel LaRusso",not sexist,train
sexism2022_english-6404,"How did the paid to act deranged people who show up at Movie houses, Diners ect know they are going to be there ? Must be someone from the inside. Like the woman with baby calling out our ex EPA Sec, Pruitt that was so set up",not sexist,train
synthetic_gen_77,"Typical female, always complaining about sports.",sexist,train
sexism2022_english-7352,"Except for the fact that women of all heights should never weigh over 135 pounds, you stupid fat cunt. FAT WOMEN ARE REPULSIVE. LOSE SOME WEIGHT YOU FUCKING COW.",sexist,train
sexism2022_english-15394,To rationalize being an arrogant selfish prick.,not sexist,train
sexism2022_english-9737,"Shame he didn't strike her solar plexus. That would hurt and put her on the floor, but not show a big mark. BA",sexist,train
sexism2022_english-16561,What a fucking miserable existence to be a woman ~~like that~~.,sexist,train
synthetic_gen_1178,She's just another gold-digger looking for attention online.,sexist,train
sexism2022_english-2776,I never seem to get the tranny porn on my feed but I exclusively use the app and not the website maybe that's why?,sexist,train
synthetic_gen_617,"Go back to the kitchen, that's where you belong.",sexist,train
sexism2022_english-9533,"This shit is wrong in so many ways,young women train and work their asses off just to get screwed over by fags that want to be women,and whats worse is the school system allows this BS",sexist,train
sexism2022_english-10427,lol ugly girls,not sexist,train
synthetic_gen_1116,Why do women think they deserve respect when they can't even be honest?,sexist,train
synthetic_gen_865,She's just another gold-digger looking for attention online.,sexist,train
synthetic_gen_130,She's just another bitch looking for attention online.,sexist,train
sexism2022_english-14742,Depends on the anime. Like death note for example. Light yagami humiliated and took advantage of multiple women throughout season 1. I wouldnt call that blue pilled.,not sexist,train
sexism2022_english-953,"Hey ladies, don't be stupid. Follow Lauren Southern's lead. She's smart, pretty and woke AF. Good combo. [URL]",sexist,train
sexism2022_english-11951,"She is good, at least she is not trying to infect someone with an STD without that person knowing it.",not sexist,train
sexism2022_english-8788,[USER] put did she have a permit....,not sexist,train
sexism2022_english-8688,Most women I know in their early 20's have a count over over 20. Also I'm being modest.,sexist,train
sexism2022_english-16007,Now she has a 93% chance of being HUNG at Gitmo. #DemocratCorruption #ExecuteObama #ExecuteClintons #ExecuteMcCain #ExecuteSoros for treason.,not sexist,train
synthetic_gen_733,Why do women think they deserve respect when they can't even be honest?,sexist,train
sexism2022_english-10429,"OK, so now let's hope she goes home and stress eats everything in sight and blows her fake heart out.",sexist,train
sexism2022_english-3416,"I like that theory, but practice tells me that ""she"" usually enjoys it immensely, so perhaps it's not just the sudden widening of the trachea?",sexist,train
sexism2022_english-9034,Arrogant democrat billionaire whose father co-founded Hyatt tells men to use girls restrooms [URL],not sexist,train
synthetic_gen_678,She's just another gold-digger looking for attention online.,sexist,train
synthetic_gen_73,Women are naturally manipulative and shouldn't be in tech.,sexist,train
sexism2022_english-19,I’m pretty sure if there is a zombie apocalypse today’s millennial snowflakes would be the first to go. Natural selection would kick in. I however am a little c**t and would stampede over the top of them. “Get out my way bitch” 😂😂,sexist,train
synthetic_gen_185,"I'm not being mean, it's just biology that women can't drive.",sexist,train
synthetic_gen_488,Men are better at logic because women are too emotional.,sexist,train
sexism2022_english-3511,"Lol. For someone who's a data scientist, she's pretty dumb about this.",not sexist,train
sexism2022_english-8660,Damn marriage even sucked back then. Wonder what the tradcucks are going to say now since they think everything was peachy back in the day. Sure females were under more patriarchal control back then but they were still uber cunts to deal with.,sexist,train
sexism2022_english-12337,"Charlie Kirk says not to give money to universities, they will use it to destroy America! [URL]",not sexist,train
sexism2022_english-3042,Fix it if it's bothering you. Stop worrying about girls. It's a serious problem.,not sexist,train
sexism2022_english-5566,"Islam is the military wing of cultural marxism, hence the preference for the settlement of Muslim ""refugees"" in the UK.",not sexist,train
sexism2022_english-4355,"Wait...can canadians hate? Or is it just that if they saw him on the street they wouldn't say ""hi buddy, how are you?"" They'd skip straight to the ""hi buddy"".",not sexist,train
sexism2022_english-2867,"""listen white lady full of fleas just know if you & i were int he same continent i would hunt you down 7 beat da air out of you & leave you to rot openly "" SO TRUE!! you are a nigger.....",sexist,train
synthetic_gen_648,"You can't trust a woman who works in STEM, they are all the same.",sexist,train
sexism2022_english-10055,"She lets him fk her brains out everynight, it is genuine",not sexist,train
sexism2022_english-6607,All in due time. At least from appearance her eggs can be used without the taint of telegony. Had she previously lain with beasts of the field she would have used it to cuck long ago. Shows she’s got at least a shred of decency.,sexist,train
sexism2022_english-7823,"There are three: male, female, and insane.",not sexist,train
sexism2022_english-9698,Damn... she must be an absolute piece of shit.,not sexist,train
sexism2022_english-2869,People keep mentioning pair bonding but that just doesn't exist. If it did exist women wouldn't be such hoes. Hypergamy is their game.,sexist,train
sexism2022_english-15419,"White citizens in this nation are currently 5 times more likely to be the victims of a minority criminal than the other way around. And you think magically their hatred of whites will go away when we’re the minority? You’re that stupid, aren’t you?",not sexist,train
synthetic_gen_1,Men are better at logic because women are too emotional.,sexist,train
sexism2022_english-19219,"Women of an earlier decade were taught about proper ""consent"". [URL] The problem with women is they want the hookup culture to seek Alphas, bu want the puriticanal prudery otherwise.",sexist,train
sexism2022_english-11598,If you’re hooking up with the mother then out of respect I wouldn’t touch her family members personally but I’m not a 🐕,not sexist,train
sexism2022_english-84,Huffpost is getting very unfriendly to link with their cookies. Fuck the EU,not sexist,train
sexism2022_english-4959,She's a brave woman who understands history. She has my greatest respect.,not sexist,train
sexism2022_english-15667,"“We’re f—ing your grandmother, that’s what we are doing.” ...... [URL]",sexist,train
synthetic_gen_252,Women are naturally unstable and shouldn't be in leadership.,sexist,train
sexism2022_english-8551,She doesn't believe in race she believes in geography. Women are idiots,sexist,train
sexism2022_english-3338,Black female ICE agent accuses police department of racial profiling after being pulled over three times [URL],not sexist,train
synthetic_gen_978,Men are better at logic because women are too emotional.,sexist,train
sexism2022_english-13476,This is very effective. Laughing out load when you see a single mom mudshark in the store also stings.,not sexist,train
sexism2022_english-6758,"If you really wanna impress a lady on the first date, play this song. Have it playing when you pick them up: [URL]",not sexist,train
synthetic_gen_419,"I'm not being mean, it's just biology that women can't drive.",sexist,train
sexism2022_english-5939,Matt Damon you knew about Weinsteins rapes. a girl asked you to help her report it and you shut it down all you actors knew this crap. You are a disgusting Pig,not sexist,train
sexism2022_english-17660,stupid fkn juden think ppl need permission from them to have guns and remove the criminal parasite from among them,not sexist,train
synthetic_gen_660,The only reason she got that job is because of diversity quotas.,sexist,train
sexism2022_english-444,Plan your exit....give evidence and start filing...push her for a girls trip or vacation use that time to move your things out i hope your not a feminazi but i hope i helped if your a brother to us,sexist,train
synthetic_gen_312,"I'm not being mean, it's just biology that women can't drive.",sexist,train
sexism2022_english-16913,"Who the fuck vacations in Haiti? Who grabs the wife & kids & is like ""Lets spend this summer in a garbage dump eating mud cakes""? [URL]",not sexist,train
sexism2022_english-11013,No... you missed it. She didn't die... no poison in her cup.,not sexist,train
sexism2022_english-3720,Your post doesn’t make sense. If men are utilities to women to extract resources why would they want men to kill themselves?,not sexist,train
synthetic_gen_603,Another dumb female trying to lecture men on gaming.,sexist,train
sexism2022_english-17556,In the eyes of women ignoreing them means treating them bad....,sexist,train
sexism2022_english-5883,so many credible threats from male gamers that she had to cancel public appearances She cancelled ONE public appearance over a threat that was explicitly ruled non-credible.,not sexist,train
sexism2022_english-10778,"""comes off as friendly and interesting"" she's a porn star?? how would you know this lmao? halo effect to the max",not sexist,train
sexism2022_english-7415,Hmm. The majority of women disagree with you. Are you virtue signaling by any chance?,not sexist,train
sexism2022_english-18144,"A Houston nurse is no longer employed after she posted on social media about a young patient with measles, Texas Children’s Hospital said. The nurse also made anti-vaccine comments. [URL]",not sexist,train
sexism2022_english-13667,"My wife and I can't keep up with just the two of them. Most of the time when I'm supposed to be masturbating in the other room, I'm mainly just on Reddit cause I just can't beat that much.",not sexist,train
sexism2022_english-7195,So she sucked a lot of dick...not surprised!,not sexist,train
synthetic_gen_380,"Typical female, always complaining about sports.",sexist,train
sexism2022_english-646,you're finger banging a girl in public and you got butthurt at the idea of buying her a fucking drink? god damn weirdo,not sexist,train
synthetic_gen_216,Another dumb female trying to lecture men on equal rights.,sexist,train
synthetic_gen_878,"Go back to the bottom of the ladder, that's where you belong.",sexist,train
sexism2022_english-9310,"If you call yourself a Fascist and you still support Trump despite his betrayal and servitued unto Israel, you are a Fed. You cannot win through the current system through election, only an insurrection or a coup will work.",not sexist,train
sexism2022_english-16730,Damn you're ruthless,not sexist,train
sexism2022_english-10099,fuck her off with a nine mm this is what you get when an arab fucks a monkey.,sexist,train
sexism2022_english-15167,Don't mess with granny!,not sexist,train
sexism2022_english-5349,"Well, I can't. because the fact that he just stopped at the girl pissed me off. I want to see her get fucking floored too. She even kicks him. Until guys stop being white knights, we will never win.",sexist,train
synthetic_gen_436,Men are better at logic because women are too emotional.,sexist,train
sexism2022_english-14501,"Neil Cavuto is a nevertrumper and is not man enough to just say so. Instead, he acts like a snowflake vagina and Sen. Shelby is a huge pos RINO swamp scum. These people are incredibly incompetent and corrupt, stop voting for incumbents.",sexist,train
sexism2022_english-2069,Thank you brother. I do not look down on our white brothers and sisters in Briton. What is happening there is happening in all white nations at varying rates of speed. Any of us who think otherwise is not living in a place I like to call reality.,not sexist,train
sexism2022_english-8877,"Its a divorce where she takes your brand new vw and aparently all but empty room. its not ridiculous, its standard procedure :(",not sexist,train
sexism2022_english-3247,"Either that, or he has ridiculously high standards for what constitutes an attractive woman.",not sexist,train
synthetic_gen_501,She's just another bitch looking for attention online.,sexist,train
sexism2022_english-16590,damn look at this female reationalization here again. Its like a running theme with FDS mods who post in this sub. always engaging in bad faith arguments hoping no one will look at your argument's logic.,sexist,train
sexism2022_english-18582,Weak genes What fucking biological advantage are they claiming comes with a better jawline?,not sexist,train
sexism2022_english-5753,"As an adoptee, my birthmother had options. I am blessed that she was a strong Christian, and chose life. Rape or no rape, the alternative of ""not being"" is never a choice IMO.",not sexist,train
synthetic_gen_1040,She's just another gold-digger looking for attention online.,sexist,train
synthetic_gen_556,"I'm not being mean, it's just biology that women can't drive.",sexist,train
synthetic_gen_767,"I'm not being mean, it's just biology that women can't drive.",sexist,train
sexism2022_english-14116,"You want to hurt others to get back at your mom ? I’m sorry that you didn’t get a good mom, but that’s crazy",not sexist,train
sexism2022_english-8972,#Labour tell us they are fighting antisemitism at the same time as putting muslims into office. #hypocrites. #Corbyn is a Nationalist Socialist. #Hitler was a Nationalist Socialist.,not sexist,train
sexism2022_english-10374,"True for most species, but not all. Hyena females rule the clan, and males are at the very bottom.",not sexist,train
sexism2022_english-1676,"NTA you were just being a free and independent girl, everyone makes mistakes at those ages, if he can’t accept that it was just a little mistake all those years ago he’s seriously as pathetic as your brother",not sexist,train
synthetic_gen_348,Men are better at logic because women are too emotional.,sexist,train
sexism2022_english-18495,"That was an incredibly depressing episode, men don't red pill men, women red pill men.",sexist,train
sexism2022_english-12683,"Meetup.com, I'll give it a shot when I'll be back home. i simply hope it is popular here in my country. Yeah, I feel I could be somewhat an interesting man for women. Too bad I rarely find women to have a nice conversation with..",sexist,train
sexism2022_english-4510,"That is Sarah McDaniel and it's a shame because she is really damn hot but she adopted a fake blue eye and fake boobs to look ""hotter"", but that kind of kills it because they're fake.",not sexist,train
sexism2022_english-7693,or you could just put your big dick jeans on,not sexist,train
sexism2022_english-16061,Naked Mexican man drowns his daughter in Baptismal pool in a California church [URL],not sexist,train
synthetic_gen_626,Men are better at logic because women are too emotional.,sexist,train
sexism2022_english-15204,"For each alpha male with 4 wives, there are 3 sexually frustrated beta males who have no chance to ever found a family, and no option to get sex except by raping children or animals.",not sexist,train
sexism2022_english-12104,what did the stupid woman expect. didnt she do any research on islam before inviting them into Europe?,not sexist,train
sexism2022_english-9831,they get wet for a book/movie where In blackpillscience sub a study mentioned feminists have same fetish rate with average woman when it comes to that stuff.,not sexist,train
sexism2022_english-7814,"Clearly. I'm Irish, with a lot of questionable relatives from Ireland (my ma actually KNEW Paddy ""Bogside"" Doherty somehow), but I find myself praying for the English. They are sooooo fucked.",not sexist,train
sexism2022_english-9516,"You're the exact type of person I hoped this post would reach. The world doesn't revolve around women. It revolves around whatever the fuck you want to do. Edit: To clarify, make sure it is something productive and not harmful to other people.",not sexist,train
sexism2022_english-18584,Street shitter molests sleeping 22 yr old woman on plane. I blame Jew Al Franken. [URL],not sexist,train
sexism2022_english-7653,No need to feel like a pussy idk what neck beard has to do with it? Maybe its a reddit thing I don't know about. But don't compromise your values. You should be proud,sexist,train
sexism2022_english-6881,"Dudley Walden‏ Dads, don't send your daughters to college, especially left wing institutions. Less than 4 years and now in antifa and XXX actress.",sexist,train
synthetic_gen_901,Men are better at logic because women are too emotional.,sexist,train
sexism2022_english-16889,Seahawks Player Caught On Video Taunting Female Officer During Arrest: “Are you scared of me?“..I got a lot of f**king money you broke _______ WOW! [URL],not sexist,train
synthetic_gen_1090,Why do women think they deserve respect when they can't even be honest?,sexist,train
sexism2022_english-4886,"Occasionally, without me knowing it, my wife's vagina will reset itself from the original factory settings to 'Challenge Mode.'",sexist,train
synthetic_gen_81,The only reason she got that job is because of nepotism.,sexist,train
sexism2022_english-4870,Because women see people attempting to avoid mess ups as inferior /s,sexist,train
sexism2022_english-6724,"Why wouldn't you? Dont think, just do it. Worst that can happen is she rejects you and moves on.",not sexist,train
sexism2022_english-13995,"I am not a ""White Trash Tranny Meth Whore."" I am a White woman and you hate me for it #VileJewLiar",not sexist,train
sexism2022_english-3182,"Fuck off back to Braincels, cunt.",sexist,train
sexism2022_english-5668,"Ya. Guess where she is now? Dead. RIP, crazy Cathylick bitch. Mutey time, DJ nigga. :)",sexist,train
sexism2022_english-7928,"Hopefully in the future if we didnt nuke each other, women will be completelly useless. Sexbots waifus will do everything and better than a disgusting roastie. Good morning i hate women.",sexist,train
sexism2022_english-4429,dumb ass women today ask more why you are not divorced and collecting huge alimony checks,sexist,train
sexism2022_english-4592,"You don’t delete on gab my friend. Unless it’s left wingers, you can delete as many of those cunts as you wish.",sexist,train
synthetic_gen_486,The only reason she got that job is because of nepotism.,sexist,train
sexism2022_english-11959,"Ruth Davidson; May she be culturally enriched by many, many Moslems.",not sexist,train
sexism2022_english-10810,"ATHENA If you are a woman and your Christianity has deprived you of the worship of the female divinity, learn that in the Greek religion there are six goddesses. One of them suits you.",not sexist,train
synthetic_gen_362,Men are better at logic because women are too emotional.,sexist,train
sexism2022_english-3213,"As soon as Loretta Lynch started trending for her crimes, Facebook put up a fake story about Putin ordering a team of hackers to hack the American election for Trump. Isn't that just amazing...lmao! These people lie worse than Satan himself.",not sexist,train
sexism2022_english-8685,Awesome response to her sexual baiting. Maybe I'll begin tellings girls that I'm a virgin with a mock-innocent look.,not sexist,train
sexism2022_english-4342,"You fucked up with: > I, being an idiot, make the mistake and gree to be her friend out of fear of not having her in my life at all. fix that, tell her you don't think it's working out as friends. Don't be outcome independent.",not sexist,train
sexism2022_english-18610,"women have no problem to have their wage slave, if he is not performing enough she can just replace him",sexist,train
sexism2022_english-791,Hmm no [USER] stream yet. Wonder if she's zonked after the 12 hour stream yesterday. I needs my vicarious energy!!!,not sexist,train
synthetic_gen_666,She's just another bitch looking for attention online.,sexist,train
sexism2022_english-14582,"[USER] - This is what we're now encountering on gab: 'Sorry to hear gab is littered w/ anti-gay rants. The ignorant hate must end or gab will become useless' (posted earlier today by '@ g i a t n y'). According to her, 'free speech' = useless litter.",not sexist,train
sexism2022_english-2760,"Her mother, Helga Bullock (née Helga Mathilde Meyer), was a German opera singer.",not sexist,train
sexism2022_english-11026,"Hahahahaha. The usual. Women= victim. Was it their destiny to be victims. War happens, primary victims women. They divorce rape us, victims women.",sexist,train
sexism2022_english-4077,"Their mommy's forgot to teach them that ""sticks & stones may break my bones but words will never hurt me."" [URL]",not sexist,train
sexism2022_english-1963,"Jews are very good at blending Into their HOST nation, while they are constantly working to destroy its culture and traditions. That's what makes (((them))) so dangerous since they often go unnoticed.",not sexist,train
sexism2022_english-10219,Latest Fashion for women Purchase one for Christmas Like Today Buy one for all your European female family and friends! IF raped there's lots of evidence left behind! MEN DON'T RAPE WIMPS DO Scared of Mommy syndrom,sexist,train
sexism2022_english-12048,"LOL! You can go naked, you just can't be too HOT and do it. . These ""body-confident"" undisciplined women (who often look like they have trouble dressing themselves anyway) might feel body-shamed. .",sexist,train
sexism2022_english-6470,A Recent Example of How Jewish Tyranny Maintains it's Grip Valerie Plame tweeted a link about jews starting all the wars and had the full force of jewry come down on her. [URL],not sexist,train
sexism2022_english-13574,"Appreciate everyone's advice and general positive vibes. I'm going to ask. I went today but she wasn't working. Will update, hopefully with good news haha.",not sexist,train
sexism2022_english-16072,"Fuck subtle, just pm the guy and tell him ""your wife is being gangbanged, also /r/mgtow"". Don't post it as a reply otherwise all the women and white knights will gang up on you, but if you PM him he'll listen.",not sexist,train
synthetic_gen_335,The only reason she got that job is because of diversity quotas.,sexist,train
sexism2022_english-3746,Tell her to 1vs1 you on MW2 Rust and see whos cute after you quickscope that bitch to hell,sexist,train
synthetic_gen_170,Why do women think they deserve respect when they can't even be honest?,sexist,train
synthetic_gen_143,The only reason she got that job is because of her looks.,sexist,train
sexism2022_english-14946,"I think you're giving these vapid whores too much credit.Even if you were a chad, you will never have true love and meaningful life with a foid like that.Deep down,you know she's a whore and that she's staying with you because of how you look.",sexist,train
synthetic_gen_936,The only reason she got that job is because of diversity quotas.,sexist,train
sexism2022_english-10450,"Ya, The smiling Charlie Manson looking bitch will smile in your face as she sticks the knife in and twists",sexist,train
sexism2022_english-1105,"Why did the chicken cross the road? To get to the beautiful girl's house. Knock knock, who's there? The chicken.",not sexist,train
sexism2022_english-18809,"a dog will look you in the eye and do your bidding no matter how badly you beat it. U discipline a woman once and she'll call the police on u, kek. In all seriousness tho, will a woman show you the same loyalty a doggo can?",sexist,train
sexism2022_english-9029,#GABFAM #PURPLEREVOLUTION in full swing #CIACoup. Would someone please tell #DECIETFUL#HRC she's done its over!!,not sexist,train
sexism2022_english-9260,"I was never on Twitter, but they still hate me.",not sexist,train
sexism2022_english-9012,"Yep, my buddies ex wife claimed to have ""caught fibromyalgia"" from her deadbeat friend lol.",not sexist,train
synthetic_gen_736,Men are better at logic because women are too emotional.,sexist,train
sexism2022_english-6150,"He should take his little girl out to at truck stop and pimp her out then. No violence or gangbangs of his daughter, but she'll be used and he can make a buck or two on top of it. another win for liberal progressives",sexist,train
sexism2022_english-13583,Yeah. Absolutes don't exist. Why then do girls avoid awkward guys? Why is awkwardness associated with creepy?,not sexist,train
synthetic_gen_205,Why do women think they deserve respect when they can't even be honest?,sexist,train
sexism2022_english-10994,Finger her with your penis.,sexist,train
sexism2022_english-6206,I say you put her in a room naked with 20 of her beloved refugees and let’s see how much they respect her..,sexist,train
synthetic_gen_416,The only reason she got that job is because of her looks.,sexist,train
sexism2022_english-10895,"Usually no but it happens. Incels think all women are the same which isnt exactly true, but it seems that way sometimes.",sexist,train
sexism2022_english-17470,"If McCabe is endeavoring to ""Fuck Trump"" whether literally or figuratively, it violates his oath to uphold the U.S. Constitution. Do cuck's words matter (his wife is paid by people's enemy)? [URL]",not sexist,train
sexism2022_english-15307,you can get a shitty android for like $30 that has those capabilities,not sexist,train
synthetic_gen_511,Another dumb female trying to lecture men on their careers.,sexist,train
sexism2022_english-11315,[USER] That or I think the mother put his religion down as Muslim.,not sexist,train
sexism2022_english-12958,"I was raised with a traditional view of family, man is head of household, put a woman on a pedestal, and all the rest of that crap. It took 17 years but I came around to the true nature of women.",sexist,train
synthetic_gen_925,Another dumb female trying to lecture men on their careers.,sexist,train
sexism2022_english-9340,I think that some incels are so concerned with the end goal that they won’t know what do when they get a gf,not sexist,train
sexism2022_english-652,"Which means that ""manosphere"" movements are still about male subjugation to women. If the complete and abject failure of a woman is the fault of man, you're their bitch, not the other way.",sexist,train
sexism2022_english-13522,"A ""strong"" Asian woman who hates Asian men and is happy to abandon her half-Asian son.",not sexist,train
synthetic_gen_328,"You can't trust a woman who wants a promotion, they are all the same.",sexist,train
sexism2022_english-2894,He's a great liar then. But once a cheater ALWAYS a cheater. And you see men date women who have cheated. They are both good at lying. But I'd say they are terrible LRT material.,not sexist,train
sexism2022_english-14663,"soak bear in gasoline, put downrange in gravel pit, hand your girlfriend a rifle loaded with tracers. Great fun.",not sexist,train
synthetic_gen_499,Why do women think they deserve respect when they can't even be honest?,sexist,train
sexism2022_english-4971,"Most tabletop and RPG communities are filled with beta, ugly, low self-esteem men. So, they just bend over any girl around them. That's why feminism penetrates easily on those communities.",not sexist,train
synthetic_gen_1145,Women are naturally irrational and shouldn't be in power.,sexist,train
sexism2022_english-6269,A Clinton protégé A LOT of people DIE in her Distrist [URL],not sexist,train
sexism2022_english-12510,"as visions of dancing boys dance in their heads, with delusions of rape anytime anywhere, & their daughters bedroom is no longer off limits",not sexist,train
sexism2022_english-12468,It's the one I use to train your wife. She especially likes the reward she gets for doing a good job.,sexist,train
synthetic_gen_1075,Men are better at logic because women are too emotional.,sexist,train
sexism2022_english-6689,ROFL!! Yes! I will never look that video in the same way. My interpretation: Never let her control shit. HB10 has nothing on me. Push her off and take the reins. Strongest reality wins and I'm riding this one. lmao.,sexist,train
sexism2022_english-15837,Where is the Democratic call to investigate this assault on a woman??? [USER] [USER] [USER] [USER] [URL],not sexist,train
sexism2022_english-18998,Another (((cuck))) whining for #WhiteGenocide.,not sexist,train
synthetic_gen_244,"I'm not being mean, it's just biology that women can't drive.",sexist,train
sexism2022_english-3234,mam may i please have a crumb of pussy mam please,sexist,train
sexism2022_english-2965,Then how do you not understand that people who don't think a rape happened can't possibly be at the same time admitting it happened but was somehow the woman's fault?,not sexist,train
synthetic_gen_993,"Typical female, always complaining about their careers.",sexist,train
sexism2022_english-15446,"He said, ""I just found out that my great, great grandfather was a runaway slave, because my great, great grandmother was a bitch."" buh-dum *pss*",sexist,train
sexism2022_english-4449,"I'm a 6'5"" gigaChad and I'm here to tell you guys it's not as easy for me as you think. Yesterday I almost got with a Stacylite but was personality mogged by a 5'2"" bald Indian janitor. Hang in there bros.",not sexist,train
synthetic_gen_309,Why do women think they deserve respect when they can't even be honest?,sexist,train
sexism2022_english-11417,"Yep. They're so toxic that merely thinking about them traps and corrodes your soul. Yet your hormones compel you to do just that. If being female is Eve's curse, being unable to look away is Adam's.",sexist,train
synthetic_gen_922,"You can't trust a woman who rejects a nice guy, they are all the same.",sexist,train
sexism2022_english-8752,"Exactly! 12-18 year old girls are not adult women, they are still having slumber parties and worrying about school for gods sake...They want to go go prom and date boys their own age, not be hit on by creepers",not sexist,train
synthetic_gen_3,The only reason she got that job is because of her looks.,sexist,train
sexism2022_english-11790,Schooling means nothing and doesn't prep you for the real world. Any idiot can get a STEM degree but few will benefit from it.,not sexist,train
synthetic_gen_1082,Men are better at logic because women are too emotional.,sexist,train
sexism2022_english-8775,😂😂😂😂😂😂I've walked in to find my German Shepherd with her nose in my cup!! And yes she has grabbed cups with brims on them to sneak away and drink by herself!! 😂😂,not sexist,train
sexism2022_english-923,"I’m a guy, I would be fine with “do you want have sex with me” told by a girl. And I would not complain.",not sexist,train
sexism2022_english-13282,"1. They’re looking to see if other women want you (social proof) so they don’t seem weird if they want you. 2. If you’re a virgin, lie. Fake it till you make it. The girl who I lost my virginity to thought I had slept with 7 women (LOL).",sexist,train
sexism2022_english-6337,His name is dumb fuck.,not sexist,train
sexism2022_english-6496,"Chicks dig scars, maybe you should do a cool one your cheek.",sexist,train
sexism2022_english-4219,"[USER] Dunno, seems like the real deal, but he's got a huge mess to clean up. Eight years of subversives working tirelessly to destroy the military and the country, means he's got to take the fight externally as well as internally.",not sexist,train
synthetic_gen_485,Why do women think they deserve respect when they can't even be honest?,sexist,train
sexism2022_english-15679,"And I wondered if Kerouac was Jewish. It doesn't appear so. His mother's maiden name is Lévesque, which could be related to Levi, which is about 90% Jewish. But she wasn't Jewish religiously and neither was Jack. [URL]",not sexist,train
sexism2022_english-5331,aww she is great xx [URL],not sexist,train
sexism2022_english-14916,"Translation: ""sexually assaulting/harassing women is almost as good as if not better than consensual sex"".",sexist,train
sexism2022_english-7673,she looks like a skank-ass ho bitch.,sexist,train
synthetic_gen_509,Men are better at logic because women are too emotional.,sexist,train
sexism2022_english-2517,I use women like Kleenex. Blow and throw.,sexist,train
sexism2022_english-4333,Elon Musk is a gay pervert who would kill his grandma to be liked by 10 more people. His needyness is pathetic. I sincerely hope he dies of cancer. #tesla,not sexist,train
sexism2022_english-698,Should have given her a taste of equality and drilled her with a left hook.,sexist,train
sexism2022_english-778,Ok so I need to buy a tractor now to get women. Times have changed.,sexist,train
synthetic_gen_780,The only reason she got that job is because of her looks.,sexist,train
sexism2022_english-3403,"Her ""feels"" make her incapable of stepping back and evaluating the data and implications. After all, she's a Strong Woman.",sexist,train
synthetic_gen_578,She's just another femnazi looking for attention online.,sexist,train
sexism2022_english-15064,"Thats what the middle east is like, they also change allegiances on a dime. [URL] Seems some cunt edited half the speech out, thats not the one I was thinking of. You can watch a longer one on youtube. Gaddafi calls out the Saudis more.",sexist,train
sexism2022_english-13632,The women that Roe vrs Wade would affect should die anyway. Fucking baby killers.,sexist,train
sexism2022_english-9283,"Not to mention women are too dumb to understand STEM. Like women are too weak to be in the US military, but they're lowering fitness standards to fit women in.",sexist,train
synthetic_gen_909,Women are naturally irrational and shouldn't be in tech.,sexist,train
synthetic_gen_426,Why do women think they deserve respect when they can't even be honest?,sexist,train
sexism2022_english-14396,I haven't experienced this though women regard a man without male friends as a red-flag. She's also gauging status through peerage. It's also possible that she's looking to monkey-branch from her cuckold boyfriend by utilising his male network.,sexist,train
sexism2022_english-2342,"Yeah, but I'm better looking than Cantwell, I could just seduce all the female magistrates. I'll magistrate on those magistrates.",not sexist,train
sexism2022_english-10905,thats in calif most of those people are to dumb to have guns hell they voted for waters and pelosic and frenkenstien,not sexist,train
sexism2022_english-8609,"Think about it, would you want to be anywhere near a woman who thinks nothing of murdering her baby? Think of what she would do to you as you slept if you so much as pissed her off.",not sexist,train
synthetic_gen_1183,"I'm not being mean, it's just biology that women can't drive.",sexist,train
sexism2022_english-8735,She got her equal rights... And lefts 😂,sexist,train
sexism2022_english-10981,"The democrat party did not stand up for the American people of color, This poor girl was murdered by MS-13. #ThursdayThoughts",not sexist,train
synthetic_gen_837,The only reason she got that job is because of diversity quotas.,sexist,train
sexism2022_english-14829,"Its gonna get worse...white-guys can't resist Asian, Chinese, and Blk females. They're spreading that precious white spermicide to the wrong, Melanin-carrying females.",sexist,train
synthetic_gen_79,"Typical female, always complaining about equal rights.",sexist,train
sexism2022_english-12181,"Anime girls like Chad better ha, in animu too many of the males are skinny pretty boys.",not sexist,train
sexism2022_english-15738,I once lived next to a lady who would literally blow out her voice from yelling at her kids.,not sexist,train
sexism2022_english-1978,"funny no mention of a autopsy on the girl who drowned in the lake--- one has to wonder if she was drugged, hit over the head or chained to s small-block ???",not sexist,train
sexism2022_english-4638,Of course some neo-nazis have relationships. That doesn't make them good people and it sure as shit doesn't mean that most women won't be offput by the fact that he's a Nazi.,not sexist,train
sexism2022_english-14228,"You can if she lives in Thailand and wants a better life, fucktard.",sexist,train
synthetic_gen_563,Men are better at logic because women are too emotional.,sexist,train
sexism2022_english-1450,Gives me a pass for what? You're the one repeatedly fucking up here.,not sexist,train
synthetic_gen_612,Men are better at logic because women are too emotional.,sexist,train
sexism2022_english-15449,Ask her. Thats literally the only way you'll know. (Unless you see she's holding hands with him and/or kissing him.),not sexist,train
sexism2022_english-16790,"Bro it’s hard work taking care of a cat, just ask my wife who acts like I’m making her break large rocks with a tiny hammer, every time I ask her to clean the litter box.",not sexist,train
sexism2022_english-18585,"Mika Brzezinski of MSNBC's Morning Joe is a disgusting fascist and the opposite of everything I believe. With that said, I would still bang the hell out of her! #GabFam #Gab [URL]",sexist,train
sexism2022_english-13314,Dump her first...,not sexist,train
sexism2022_english-15387,"There's a belief that when a woman becomes a mom she is granted some mother rights or something that excuses a lot of awful toxic behaviour. ""I'm your MOTHER"" is used frequently when they disrespect or break a boundary.",sexist,train
sexism2022_english-17446,"They are complaining about guys but can’t stop riding in their dicks. Ladies, excuses don’t work that way. Guys are treating you like shit, because you are shit. Men don’t do things without reason, otherwise they would be girls.",sexist,train
sexism2022_english-5761,Shebby Dasserman Wultz 👎🤮,not sexist,train
sexism2022_english-12531,Intentionally spill some wine on her and hope she takes off her clothes,sexist,train
sexism2022_english-17953,They had a hit with David Tenant as the Doctor and slowly but surely started taking the shows new found success for granted.,not sexist,train
sexism2022_english-8257,Lol how the fuck is an orc tyrone?,not sexist,train
sexism2022_english-9644,"Three Dreamers Arrested for Gang Raping a Handicapped woman in NJ ""Raping those that Americans wouldn't"" ___ [URL] #NoDACA #BUILDtheWALL #DEPORTthemALL",not sexist,train
sexism2022_english-17063,"I am sorry, I don't subscribe to those conspiracy theories. Many witnesses, real mother, real daughter, I believe she is really dead. You can believe what you want.",not sexist,train
sexism2022_english-8169,"A platform that was meant for musicians and performers that became the new capital of e-thot land, in which girls diddle themselves for money.",sexist,train
sexism2022_english-13729,"You don't address WHY she would want to follow your leadership. Anyone can tell a girl to do something... "" Leadership "" isn't inherently attractive. What is the thing that motivates her?",not sexist,train
sexism2022_english-7407,8 officers injured by 2 teenage girls and an 18yo boy? Hahaha....no wonder terrorists are so emboldened to commit atrocities here. The UK police are pussies.,sexist,train
synthetic_gen_1076,She's just another slut looking for attention online.,sexist,train
synthetic_gen_998,Why do women think they deserve respect when they can't even be honest?,sexist,train
synthetic_gen_581,Why do women think they deserve respect when they can't even be honest?,sexist,train
sexism2022_english-7920,"Muslim girl lies about her hijab being torn off; Trudeau immediately calls Canada racist. Syrian 'refugee' kills Canadian teenager in Burnaby, BC; Trudeau says NOTHING.",not sexist,train
sexism2022_english-9536,But what if I'm a Genderkin? You gonna triple tax me?,not sexist,train
sexism2022_english-2763,The dad is a bit of pussy. He had the bitch on the ropes and didn't have balls to KO her.,sexist,train
sexism2022_english-11635,"Her second boyfriend has dumped her. Who knows, maybe she misses you, stop overthinking.",not sexist,train
sexism2022_english-1692,"How in the hell does a traitor, POS, appointed, squatter, force US intel to commit treason? We must have a bunch of damn cowards in our intel!!!",not sexist,train
sexism2022_english-1586,"Help Refugees wants to help women and children in Calais! They just need, uh, more men’s shoes, men’s coats, men’s shirts, and men’s underwear. But don’t ask why, ok? [URL]",not sexist,train
synthetic_gen_1087,Another dumb female trying to lecture men on their careers.,sexist,train
sexism2022_english-183,"Wasted. Like Britney, she transformed herself to a slut. I like her songs before that time.",sexist,train
synthetic_gen_506,She's just another femnazi looking for attention online.,sexist,train
sexism2022_english-17049,"By the looks of the angry women at the #WomensMarch, they need to march for a few more weeks before they can fit into anything other than stretchy pants. #Trump #MAGA [URL]",sexist,train
synthetic_gen_1191,Women are naturally weak and shouldn't be in power.,sexist,train
sexism2022_english-8839,"The Last Jedi actually explains why Leia wasn't that sad about Han dying and just kept going like nothing afterwards. Because she had a lesbian girlfriend after Han left her, so she got over that quickly.",not sexist,train
synthetic_gen_15,"Go back to the bottom of the ladder, that's where you belong.",sexist,train
synthetic_gen_673,"Go back to the kitchen, that's where you belong.",sexist,train
sexism2022_english-6995,Day by day i want to kill every woman on this earth more and more,sexist,train
sexism2022_english-7184,I was sucking off this girl last night when I thought. Hang on a minute.....,not sexist,train
synthetic_gen_469,Why do women think they deserve respect when they can't even be honest?,sexist,train
sexism2022_english-17545,There are alot of women out there. So many that don't have crippling mental disorders. Go look for one of those. You'll be glad you did.,not sexist,train
synthetic_gen_289,Women are naturally unstable and shouldn't be in politics.,sexist,train
sexism2022_english-18695,"That’s literally in my post dude. The single moms are easy to get, they’ve just all been crazy.",sexist,train
sexism2022_english-16176,never presume Jews respect your sovereignty White countries are for everyone. Nation states are a joke. Globalism for the Jew world order,not sexist,train
sexism2022_english-5493,"did the dumb ass dems forget about separation of state and religion ,any and all judges in any court in this country needs to adhere to the constitution ,never anything else including personal feelings and or ideals",not sexist,train
sexism2022_english-13806,"Yeah, a drag queen!",not sexist,train
sexism2022_english-2643,It's sexist to not let transgendereds split the skulls of women open in sports.,sexist,train
synthetic_gen_1232,She's just another bitch looking for attention online.,sexist,train
sexism2022_english-695,"Do not say ""alleged sex"" you call it ""child rape"" like they do when ever it's a male teacher and female student. It's not a tryst, relationship, love, sex, or any other less impacting name. It's still child rape.",not sexist,train
synthetic_gen_992,Why do women think they deserve respect when they can't even be honest?,sexist,train
sexism2022_english-2666,Call the cops on her and sue her for defamation. Girls are generally pathological liars. It would be easy when the cops go for the story only for her to change it regularly on the fly.,sexist,train
sexism2022_english-5116,so cute when a washed up WHORE finds the cuck of her dreams [USER]‍,sexist,train
sexism2022_english-6819,"Fair enough I agree with you, telling your daughter she's too ugly for the guy she is crushing on is a horrible thing to say. That's why fathers will instead emphasize that many men are looking for sex so she can put two and two together herself.",sexist,train
synthetic_gen_1173,Why do women think they deserve respect when they can't even be honest?,sexist,train
synthetic_gen_945,The only reason she got that job is because of nepotism.,sexist,train
sexism2022_english-9052,Woman calls police because overweight boyfriend stepped on her left foot [URL],not sexist,train
sexism2022_english-4692,"Have to wait until Sept. 5th for #Hillary next speech, I understand her life is basically a shitshow, but she drums up pure gold every speech. #WaitingPatiently",not sexist,train
sexism2022_english-11798,"Gays, minorities, and women are only cool to Liberals if they vote for Liberals. Otherwise, they are potential targets, and receive the worst of the Liberal hatred.",not sexist,train
sexism2022_english-12786,"Interesting that this woman would associate a dog with obedience. The first thing I associate a dog with is a loyal companion. But I guess women expect obedience, men expect a loyal companion.",sexist,train
synthetic_gen_1051,The only reason she got that job is because of diversity quotas.,sexist,train
sexism2022_english-3020,come fuck with me Jew an I will show you what Stalin did to the Jews all jew need to be hung they are stupid an look they kneel in front of a wall to pray to nothing because there is no heaven or hell so you faggot mother fucker are just going to die,not sexist,train
sexism2022_english-1720,"After it betrayed you in such a way would you invite it back into your home? I can just imagine all the emotional bs, that the women would be carrying on with to get back into the good graces of the poor victim male.",sexist,train
synthetic_gen_730,The only reason she got that job is because of her looks.,sexist,train
synthetic_gen_861,She's just another femnazi looking for attention online.,sexist,train
sexism2022_english-13949,"my dad was over 6foot my mom was 5'2"" guess who I took after lol",not sexist,train
sexism2022_english-619,"Manmade Climate Change may be real, but negataive effects pale in comparison to 3rd World population growth. Population will kill the world sooner.",not sexist,train
synthetic_gen_173,She's just another femnazi looking for attention online.,sexist,train
synthetic_gen_920,Another dumb female trying to lecture men on their careers.,sexist,train
sexism2022_english-18084,Some of them are calling out on her bullshit it's hilarious.,not sexist,train
sexism2022_english-890,Imagine your 15 y old whatever is ignored by rich 17 y old guy 'cause she's a thot. And then she makes up a rape allgation to get back at him...,sexist,train
sexism2022_english-16392,"Doublethink + doublespeak. Simples. Reading list: Brave New World, 1984, Animals Farm, Gulag Archipelago Viewing list: Logan's Run, The Running Man, Idiocracy, In Time. Just cut the happy ending, it is only Holywood sloppy fake.",not sexist,train
synthetic_gen_928,"Go back to the laundry room, that's where you belong.",sexist,train
synthetic_gen_178,"Typical female, always complaining about equal rights.",sexist,train
sexism2022_english-7365,"My hypothetical twin would be an incel, since women hate short men. Although, with my luck, I'd have a fraternal twin who would end up being a tallfag.",not sexist,train
sexism2022_english-13510,Accountability is Women's kryptonite. I have seen it over and over and over. They will never sincerely apologize or admit fault. She is not sorry that she cheated... She is sorry that she got caught.,sexist,train
sexism2022_english-7129,"Why are you so interested in ""fertile""? I don't want kids. Fertility is actually a turn off. A hot barren woman would be better. But you can never trust them on that...nor trust that God won't pull some shit and ""open her womb"" like in the Bible.",sexist,train
sexism2022_english-11474,"#TechHumor [URL] ""Only a #Millennial spends 1st day on job crying to Internet friends about how he got company spammed w. swastikas for being retard on Twitter"" ""teachable moment. not wise to discuss internals of company's network on social media""",not sexist,train
sexism2022_english-6393,The final show down. Based incel vs normie interloper. May Saint Morgan guide the incel to victory.,not sexist,train
synthetic_gen_214,She's just another slut looking for attention online.,sexist,train
synthetic_gen_781,The only reason she got that job is because of her looks.,sexist,train
sexism2022_english-3632,It’s really true that the less you show interested and look around for other women then the one u actually are interested in will come for you. Just wow...,not sexist,train
sexism2022_english-17745,She said she liked killers and she said they seemed almost human or something to that effect. Endorsing prison labor is sick. Bill was a notorious racist back in the day even,not sexist,train
sexism2022_english-10824,She disobeyed her male keeper. She knew the rules.,sexist,train
sexism2022_english-5210,"In Sweden we soon have election. Newspaper [USER] [USER] hate SD a right ving parti. Its hate SD all day long, [USER] [USER]",not sexist,train
sexism2022_english-7646,"So lady in the street, whore between the sheets isn’t a thing?",sexist,train
synthetic_gen_271,The only reason she got that job is because of her looks.,sexist,train
sexism2022_english-2101,"I've never seen this many pissed off females in my life, for me ones, one too many..LOL",sexist,train
sexism2022_english-12988,We need to know how both men and women handle space travel. You can't colonize other planets with just men. Plus space travel would get mighty boring without you cuties and your nice hair.,sexist,train
sexism2022_english-6132,[URL] She said she was voting for demonrats.,not sexist,train
sexism2022_english-18191,They are saying it’s not precedent setting! What you mean if a gay couple comes in for a wedding cake dressed up again Phillips of the cake shop has to go through this all over again?,not sexist,train
sexism2022_english-4622,It's called 'The Meadow Report' and there is nothing wrong with it. Thanks ladies.,not sexist,train
sexism2022_english-13339,"Comment of the Day ""Hey, we [Apple] have to have a major protest if a man can't go into the female bathroom with little girls, but we don't give a fuck about gays being killed with govt support or actual female discrimination."" [URL]",not sexist,train
synthetic_gen_390,Men are better at logic because women are too emotional.,sexist,train
sexism2022_english-17994,Dog her face is already fucked up,not sexist,train
sexism2022_english-16124,"There's nothing wrong with having a few girlfriends that you all like :\^) As the other guy said, don't get that mindset it's bad. Getting more girls will have you be less emotionnaly dependant.",not sexist,train
synthetic_gen_37,Women are naturally inferior and shouldn't be in management.,sexist,train
synthetic_gen_392,"Go back to the bottom of the ladder, that's where you belong.",sexist,train
sexism2022_english-18343,Who hurt you? Lol,not sexist,train
synthetic_gen_246,Men are better at logic because women are too emotional.,sexist,train
synthetic_gen_969,"You can't trust a woman who wants a promotion, they are all the same.",sexist,train
sexism2022_english-15693,What are your spinster asscounts? 1? Or 0 I don’t really have an ass,not sexist,train
synthetic_gen_1216,"You can't trust a woman who works in STEM, they are all the same.",sexist,train
synthetic_gen_63,"I'm not being mean, it's just biology that women can't drive.",sexist,train
sexism2022_english-2485,manslaughter charges for the lying whore that destroyed this family. 3 articles i've read and NONE of them say the name of the lying whore.... dat female privilege.,sexist,train
synthetic_gen_590,"Typical female, always complaining about equal rights.",sexist,train
sexism2022_english-18261,"For a feminist SJW, she isn't entirely bad looking. What does make perfectly fuckable women go nuts?",sexist,train
sexism2022_english-7906,"Gas station manager fired after telling mom, whose son is on life support, to work or be fired [URL]",not sexist,train
sexism2022_english-1007,"No, I insist on staying on topic. Maybe so, but as of now, they are stuck in the past and way more anti-woman than the left.",not sexist,train
sexism2022_english-18539,"Alright, I get it. We coddle women to no end because they give birth to children yada yada. But why don't we shame the FUCK out of women who do not reproduce, reproduce with horrible men, damage their child or raise them badly (single motherhood)?",sexist,train
sexism2022_english-11141,I'm ashamed': #Trump voter admits she got it wrong after ICE deports her daughter-in-law - hotpagenews.com/r/233065,not sexist,train
sexism2022_english-16107,They’ll do it anyway. I think it’s not uncommon for women to get assaulted when they’re sick and medicated.,not sexist,train
synthetic_gen_962,"You can't trust a woman who wants a promotion, they are all the same.",sexist,train
synthetic_gen_228,Women are naturally unstable and shouldn't be in power.,sexist,train
synthetic_gen_600,She's just another gold-digger looking for attention online.,sexist,train
sexism2022_english-19948,Porno puke is a complete moron!,not sexist,train
sexism2022_english-8405,"And not only that, but her parenting tactics would've produced more clueless betas and manipulative self-righteous bitches.",sexist,train
sexism2022_english-16186,READ: Meghan McCain's eulogy for her father [URL] [URL],not sexist,train
sexism2022_english-16842,"The whole triracial ""I'm not white so I can't be racist"" vox meme is so cucky. Shabbos goys while Milo makes shekels selling ""it's ok to be white"" t shirts coopting 4chan",not sexist,train
sexism2022_english-2751,Women want money. That's all women want. 99% of their activities is about maximizing profits from men. Men chase pussy women chase money.,sexist,train
sexism2022_english-17086,"I'm not angry. I've just internalized the truth. Stephan is a traditionalist and a bit of a cuck. When his lovely wife divorces him and takes the children with her, I won't cry because we all tried to warn him.",not sexist,train
sexism2022_english-10972,Well . . . she can still commit suicide in prison.,not sexist,train
sexism2022_english-11052,5’10 is enough to tell the average girl your 6 foot,not sexist,train
synthetic_gen_2,She's just another femnazi looking for attention online.,sexist,train
sexism2022_english-19344,"her 25 min. of 'fame' didn't pan out the way she envisioned. crawled back in the hole, i guess. nasty woman!",not sexist,train
sexism2022_english-9312,"These idiots where not USING the fucking crosswalk, they were blocking people from being able to go, get your mother fucking ass out the fucking road and you wont get hit you fucking assclowns!",not sexist,train
sexism2022_english-792,"Well, might have read over the 2nd date thing. Kino her, make her talk, make a connection (there are ways to manage this). If you get any kind of positive vibe, kiss her. Fortune favors the bold.",not sexist,train
sexism2022_english-7688,Herpes is genetic now?? He was in the room while his sister was being examined? This whole thing is a complete fantasy.,not sexist,train
sexism2022_english-9096,The Markel effect. Next 007 could be black woman... [URL],not sexist,train
sexism2022_english-11580,"I say we exterminate all women with less than C cup titty size. This way all future females will have giant melons. Any chick with small tits needs to kill herself, srs.",sexist,train
synthetic_gen_799,Women are naturally unstable and shouldn't be in politics.,sexist,train
sexism2022_english-4017,women's vaginas and **scrotums** Um ... are you sure about that?,not sexist,train
sexism2022_english-17335,"Well, she didn't. They don't have children together and I'm skeptical about the whole making her quit her job thing but who knows, maybe she actually did. I think it was with the expectation that she would get a new one but with less male customers.",not sexist,train
sexism2022_english-14222,You’re not gonna do it. Marry her and live the rest of your life with an insufferable cunt,sexist,train
sexism2022_english-11274,I hate it when people discriminate against women builders. A lesbian needs a job just as much as anyone else.,sexist,train
sexism2022_english-19335,that's not enough. don't breed with a bitch either nor live with them .... especially if you're making house payments as she can legally divorce rape you and have you booted out .... at least in some states.,sexist,train
sexism2022_english-16377,"Alright first off, dont try to convince people. They have to be willing to swallow the redpill. But holy fuck man the stuff you said to that chick and her cuck made me lose my sides.",not sexist,train
sexism2022_english-1248,NBC bitches about fake news then gives $200 million to Buzzfeed.,sexist,train
synthetic_gen_1094,"I'm not being mean, it's just biology that women can't drive.",sexist,train
sexism2022_english-7852,Unhygenic shit and fucking a bitch who is cheating on her man (cz every bitch got one but wont tell) to me is worst thing . Mastrubate and sleep the best in world.,sexist,train
sexism2022_english-7453,Dr. Lorich was found by his 11-year-old daughter on the bathroom floor of his tony Upper East Side apartment with a knife in his chest at around 1pm on Monday. [URL],not sexist,train
sexism2022_english-15940,And won’t. Just like she has no will to challenge her programming.,not sexist,train
sexism2022_english-18400,As she benefited from not being required to be registered for draft. Or having to worry about being drafted under threat of gov or social violence. During her whole lifetime. Just shows how spoiled such women are.,sexist,train
sexism2022_english-17118,Get out of here with that PUA terminology. IDC if you chase women/pump and dump but seriously plate? GTFO.,not sexist,train
sexism2022_english-9113,"As well as this, the competition didn’t include a bikini contest, and also had an all-female judging panel for the first time. Congrats to the Miss Germany contest for becoming more ‘woke’ 🤔",not sexist,train
synthetic_gen_778,Another dumb female trying to lecture men on equal rights.,sexist,train
sexism2022_english-10335,I LOVE #KatieHopkins & how she just doesn't give a shit! She loves stirring the black pot known as #EvilIslam ! #BanIslam #NeverSharia [URL],not sexist,train
synthetic_gen_937,"You can't trust a woman who works in STEM, they are all the same.",sexist,train
sexism2022_english-12709,"Look at zat pathetic exscuse fur ein untermensch piece of she filth. She looks like when she was in girl scouts, and still ein female , she ate troop #unit 731",sexist,train
sexism2022_english-3011,20 men found guilty of raping more than a dozen teenage girls in northern England [URL],not sexist,train
sexism2022_english-18263,"1) I am not Jewish. 2) You are a clearly an excellent example of a retard. 3) You still have not justified your earlier points, which you cannot because you talk shit.",not sexist,train
synthetic_gen_559,The only reason she got that job is because of her looks.,sexist,train
sexism2022_english-11197,"There's a time and a place man, girls don't want to hear about your problems. They want someone who's fun and comfortable with themselves that can make them laugh.",not sexist,train
synthetic_gen_744,"Go back to the bottom of the ladder, that's where you belong.",sexist,train
synthetic_gen_641,Why do women think they deserve respect when they can't even be honest?,sexist,train
sexism2022_english-8061,"I didn't make it personal. She said she was the ENM relationship type and thats another way of saying a women who sleeps with lots of random men without commitment. I didn't say she was a ""slut"" I said that's what I commonly hear that referred as.",sexist,train
sexism2022_english-14306,"I was unaware that was you, thicc isn’t my type but I don’t disregard men who prefer it. This is thicc tho, not some fatass who insists her rolls is what makes her thicc. That’s what I was trying to say.",sexist,train
sexism2022_english-15558,"Bengal Muslims known as the Rohingya people, prepare their children to kill Buddhists in Myanma - VladTepesBlog #Islam #IslamicTerrorism [URL]",not sexist,train
sexism2022_english-9922,"Kick her in the balls first, then jail the old bitch!",sexist,train
sexism2022_english-2068,"Hell we got half of America NOT on our side. Missiles sent. Hope they hit all the targets,. Now get the Hell out and come home.",not sexist,train
synthetic_gen_400,Another dumb female trying to lecture men on sports.,sexist,train
sexism2022_english-11567,"Tony as for JK she is just an idiot. Regarding Islam, I would call them a Satanic Cult and not give them the luxury of calling them a religion.",not sexist,train
sexism2022_english-12362,"Game over,my wife is forcing me to get off the net.Time to change and party hearty downtown for dinner and club tour...",not sexist,train
sexism2022_english-13924,Charming. You're just so ... charming. Bet you're beating the ladies off with a stick. What a pig.,not sexist,train
sexism2022_english-18109,Okay with how things are going if ww3 happens all the countries with nukes are going to shoot themselves instead of the enemy because they put a woman in charge of nuclear military power Holy shit thats some fucking delusion,sexist,train
sexism2022_english-16394,"Well we already had a feminist doctor killing off patients (Fuck you Dr. Barton, burn in hell cunt.) This is not surprising. The government want the men dead, and they'll get every woman in on it that they can.",sexist,train
synthetic_gen_679,"You can't trust a woman who rejects a nice guy, they are all the same.",sexist,train
sexism2022_english-1626,but we who reminded the masses where called crazy tin foil hat nut jobs haha whos the dumb asses now not us. [URL],not sexist,train
sexism2022_english-14045,Most girls have never been flaked by a guy so it can come off as pretty damn abundant however there are hundreds of ways to fuck it up and look like a loser ex: being too sorry I would not recommend pushing it back without changing the venue,not sexist,train
sexism2022_english-18818,"Lizzo wouldn’t screw you. When she has access to hot white, black, Asian guys etc.",not sexist,train
sexism2022_english-2062,"Abolish common law marriages. We have them in Canada. I could lose a significant amount of my dad's pension because of his whore girlfriend, who has 4 kids of her own.",sexist,train
sexism2022_english-8961,"We need to stop referring to all men as kings and all women as queens, this shit is getting out of hand.",not sexist,train
synthetic_gen_831,"Typical female, always complaining about equal rights.",sexist,train
sexism2022_english-2449,Oh the dirt he must have on this corrupt old hag! I hope he can #LockHerUp,sexist,train
sexism2022_english-3768,I was attempting to answer your question; I don’t obsess over single moms in any way shape or form.,not sexist,train
sexism2022_english-4218,"That's kinda dumb dude. There's billions of women on Earth. AWALT works in a statistical, ""better safe than sorry"" sense, not in a literal ""all 3.5 billion women on Earth have the exact same values and tendencies"" sense.",not sexist,train
sexism2022_english-18772,The sub will get drowned out. Red pill ragers take time to go full zen mode mgtow. It’s bound to become an almost all women hypocrisy posting view. We’ll just migrate if push comes to shove.,not sexist,train
synthetic_gen_1016,She's just another femnazi looking for attention online.,sexist,train
synthetic_gen_254,Women are naturally weak and shouldn't be in politics.,sexist,train
synthetic_gen_693,Men are better at logic because women are too emotional.,sexist,train
synthetic_gen_1074,Why do women think they deserve respect when they can't even be honest?,sexist,train
sexism2022_english-12417,"Well, she still has Bill and who knows how many minions still in place...",not sexist,train
sexism2022_english-14753,I do not associate people that powders their face like a fking ghost with a woman,sexist,train
sexism2022_english-14613,"Asian Womyn = AWALT. Well, they are worse than your typical non-asian women.",sexist,train
sexism2022_english-19848,"Stop talking to her and hit on her hot friends. If she gets jealous, that works in your favor. The friends might tell her to consider you. At the very least, you’ll have more options.",not sexist,train
sexism2022_english-4354,Probably some dude wrote it and her dad has no clue because he cut ties with his trashy daughter or left her mom long ago.,not sexist,train
sexism2022_english-12923,"Would have been cool. It's like having a hot girlfriend for a few weeks, and then her ex comes back.",not sexist,train
sexism2022_english-17898,assume you're either a closet gay or extremely socially inept to the point you could never initiate and cope with a relationship. I'm ok with that. I assume they are miserable.,not sexist,train
sexism2022_english-16647,"Jews are second and third cousins, every one. All vouched by recent DNA studies, but you want to bug the billion large religion of many nations as inbreed? We don't want either here, but sister love is not due with the islams",not sexist,train
sexism2022_english-13884,Chad is rawdogging her in the all gender bathroom,sexist,train
sexism2022_english-1227,It means you might be wasting your time if you want to hookup. Don't automatically disbelieve what a woman says. They don't like that.,sexist,train
sexism2022_english-12470,"Well, yeah. I find half the people who claim to have been raped weird. Kesha claims Dr Luke raped her. Because he's got access to Katy Perry (before the haircut) and Kesha, who looks like she eats lard twice a day. So naturally he rapes the whale.",sexist,train
synthetic_gen_342,"Typical female, always complaining about gaming.",sexist,train
synthetic_gen_649,Women are naturally irrational and shouldn't be in management.,sexist,train
synthetic_gen_382,"I'm not being mean, it's just biology that women can't drive.",sexist,train
sexism2022_english-4230,"what i know the best thing to do is, to introduce yourself to girls, win over their friends and get to the real point. after introducing yourself then tell them you ate there for X girl and take her aside and talk 1on1",not sexist,train
sexism2022_english-15261,"We need one big #WomenOfGab photo thread, ladies post you hot photos here #FreedomFriday #Gab #Introduce yourself [URL]",not sexist,train
sexism2022_english-13335,Cause you said “was” going to be a against her. Change it to “why downvote me when I’m against that bitch spawn of Satan”,sexist,train
synthetic_gen_587,"I'm not being mean, it's just biology that women can't drive.",sexist,train
sexism2022_english-9279,EXACTLY THIS. What blue-pilled moron thinks it's a good idea to put women in charge where people's lives are affected based on their judgment? Especially if their judgment is filtered through their current mood?,sexist,train
synthetic_gen_532,"Go back to the laundry room, that's where you belong.",sexist,train
sexism2022_english-2567,"Seen this to many times. I literally just don't pay attention or acknowledge the bitch anymore. I know the marriage is a joke, she knows the marriage is a joke, the same only person who does not know is the Simp who got married.",sexist,train
sexism2022_english-17362,"Shonen can be good cope too, if see cute anime girls makes you feel worse, that’s why I fuck with shonen",not sexist,train
sexism2022_english-11106,"Fuck charity to women. So much of taxpayer money is already charity to women. I'd pay if someone established a ""charity"" that offered to punish women for crimes that they get away with under the judicial system due to the /r/pussypass.",sexist,train
sexism2022_english-6740,"I think our friends [USER] [USER]‍ [USER]‍ would like this pic of a #sexy #IDF soldier [USER] [USER]‍ [USER]‍ make a list of Jews they plan to kill, these sexy sexy women train all day to kick these stupid guys asses",not sexist,train
synthetic_gen_1108,Another dumb female trying to lecture men on sports.,sexist,train
sexism2022_english-15531,"Lol no, it won't. Men are the disposable ones, not women.",not sexist,train
sexism2022_english-19692,Hundreds of dead baby girls have been found in #Pakistan rubbish dumps: [URL],not sexist,train
sexism2022_english-8761,So bad to give her sex. She does not deserve it until she loses some weight! /s,not sexist,train
sexism2022_english-3001,Fearless Feminazi can't handle the fact she was knocked to the ground. Should have stayed at home if you can't take a beating like the man you thought you were. Once your stuff is on the internet it is NEVER going to to away.,sexist,train
sexism2022_english-19815,[USER] That guy has the right to scream. His dad is super abusive. I heard he actually cut off his son's hand Poor kid has had mental troubles ever since ranging from delusions of granduer to trying to sleep with his sister,not sexist,train
sexism2022_english-13328,"democrats from Minnesota (leftist muzzie shithole) are the dumbest anti-americans there are. KLobuchar, one of the reps. is a dumb bitch who has a moronic position on the tax bill. Fuck this stupid woman",sexist,train
sexism2022_english-5552,He might suddenly become visible after she’s been knocked up by Chad and Tyrone and she needs betabux. But that’s only a possibility for 6-7/10 normies,sexist,train
sexism2022_english-6432,Lesbian special education teacher has sexual relationship with 12-year-old girl [URL],not sexist,train
synthetic_gen_570,"I'm not being mean, it's just biology that women can't drive.",sexist,train
sexism2022_english-685,"Most girls will see through it, but it'll usually be a cute ""Your hand is cold? Sure it is"" kinda flirty response rather than ""No it's not, you're just trying to violate my womanhood by holding my hand! Ugh!""",not sexist,train
synthetic_gen_283,Women are naturally manipulative and shouldn't be in leadership.,sexist,train
sexism2022_english-13487,"If you were in a set, I see this as a perfect time to isolate/compliance test. Turn to the guy and say ""Cut that shit out"" and then say to the girl, ""hey, let's move over here.""",not sexist,train
synthetic_gen_1105,"Typical female, always complaining about equal rights.",sexist,train
sexism2022_english-1461,I did not attack YOU ASSHOLE just your Moron pal and butt fuck buddy. go hashtag your moms asshole. Poor little Trump pussy faggot.,sexist,train
sexism2022_english-14678,"Islam is not a religion, it is a cult devoted to spreading by the sword.It is/was used as a justification for the most horrible crimes against women and children. It approves of slavery and murder of anyone not believing in their pedophile god.",not sexist,train
sexism2022_english-6417,"In full chameleon mode they don't *act* or *sound* bad. It can lull you into a false sense of security, until you get hit with the AWALT stick again.",sexist,train
sexism2022_english-10763,"Honestly, yes. Numales ruined the care that women need to take",sexist,train
sexism2022_english-10399,A lifelong friend of Ford denies her claim: [URL],not sexist,train
sexism2022_english-11260,like the raw truth bitches but lets makes it profitable lml,sexist,train
sexism2022_english-9304,Like Clinton she blames everyone but herself. Narcissistic bully.,not sexist,train
sexism2022_english-16837,please dont have kids if u fall in love. no incel kids please!,not sexist,train
sexism2022_english-9987,"The she-god mentality of women is going down the drain. Men make the world work and, yet, we bow to the bitches for occasional birthday present pussy. Sexbots will be realistic very soon and women's days of pussy rule will be over. &#x200B;",sexist,train
sexism2022_english-12933,....and she STILL looked like warmed over shit. [USER],not sexist,train
sexism2022_english-2725,Jesus dude. Start a work-out and diet regime RIGHT NOW stop feeling sorry for yourself. Wipe ugly ass make-up off.... and stop trolling,not sexist,train
sexism2022_english-16709,When a nigger talks all that comes out of his/her mouth is shit. A niggers penis looks like a big giant piece of shit.,not sexist,train
sexism2022_english-10352,Look at how her stupid feet stagger around trying to figure out why gravity is being so sexist and won't pussy pass her baaahahaha !,sexist,train
sexism2022_english-8708,MGTOW is a response to feminism. It is not the cause. Men did not go their own way and then marriage rates collapsed.,sexist,train
synthetic_gen_844,"Typical female, always complaining about their careers.",sexist,train
sexism2022_english-12118,"[USER] .........i like tall, strong women. Wouldn't be a problem for me. :P",not sexist,train
synthetic_gen_270,She's just another gold-digger looking for attention online.,sexist,train
sexism2022_english-9433,"[USER] Jill Stein's reptilian neck is showing, look at that coaxial cable in her neck.",not sexist,train
synthetic_gen_75,Why do women think they deserve respect when they can't even be honest?,sexist,train
synthetic_gen_941,She's just another bitch looking for attention online.,sexist,train
sexism2022_english-7758,lol ya you played this game before and I corrected you. now Up 2 U when this ends. Was Muhammad a pedophile for fucking Abu Bakrz little girl? [URL],not sexist,train
sexism2022_english-10147,"I have had many one night stands/hookup buddies. Why would you want to fix that? Just keep doing that, the '10' will come. the money will come, the trophy wife...will come. You will develop an abundance mentality. And abundance will come your way.",not sexist,train
sexism2022_english-9610,"The feminists are all about building up Sharia's fLawed family now. Notice how Muslims on the Left with large mics aren't fighting for freedom for Muslim women around the world, they're celebrating/pushing for their continued slavery.",not sexist,train
sexism2022_english-14357,“No one need be surprised if among our people the personification of the devil as the symbol of all evil assumes the living shape of the Jew.” — Mein Kampf [URL],not sexist,train
synthetic_gen_622,Why do women think they deserve respect when they can't even be honest?,sexist,train
sexism2022_english-10267,Or because she could just say she was raped and everybody would believe her.,sexist,train
synthetic_gen_82,Another dumb female trying to lecture men on their careers.,sexist,train
sexism2022_english-5958,"Picked off by a Muslim rape gang, raped and pregnant by 14: Victim of Rotherham child abuse ringleader reveals social workers and police did nothing despite knowing about her ordeal [URL]",not sexist,train
sexism2022_english-1623,Lol I came across a profile that said her 'hoe phase' was over and she wanted to be taken on a date. Jfl at taking that used up 25 yo cunt on a date.,sexist,train
synthetic_gen_777,She's just another femnazi looking for attention online.,sexist,train
sexism2022_english-6029,Isn't that exactly what you do though? Hang out in subs and talk about Feminazis and ugly/fat girls? Just like you did here?,sexist,train
synthetic_gen_752,"Go back to the laundry room, that's where you belong.",sexist,train
sexism2022_english-472,"Well, I've seen the Packer's fans wearing their cheese hats, so it was a no brainer. Never had them roasted, and I'm not afraid to say I have no desire too. No offense to your mother or her cooking of course! ;)",not sexist,train
synthetic_gen_644,Women are naturally irrational and shouldn't be in power.,sexist,train
sexism2022_english-1605,I met a future girlfriend using that test. Good stuff!,not sexist,train
synthetic_gen_61,The only reason she got that job is because of her looks.,sexist,train
synthetic_gen_27,"Go back to the kitchen, that's where you belong.",sexist,train
sexism2022_english-3314,Dat is true they do have hooked beaks,not sexist,train
sexism2022_english-3666,"This is bollocks! You can be with a woman for years, watching her back while she has the knives out. To trust a woman is the height of idiocy, there is no accounting of your good deeds, you need to know this. They are only programmed to receive",sexist,train
sexism2022_english-4253,I agree with a the critiscm and pointing shot behavior but saying women are useless fucktards that should go die isnt the same thing,not sexist,train
synthetic_gen_462,"Go back to the bottom of the ladder, that's where you belong.",sexist,train
sexism2022_english-6165,"[USER] is a good 1 -2 follow shes smart an pretty,",not sexist,train
sexism2022_english-11031,"Got a friend who stutters. He's moving to the USA after he met a yank woman, they hit it off when he spent time in Boston. Been chatting via the internet after his visit. He's a bit younger than me (41). So, you can't say never",not sexist,train
sexism2022_english-3091,"A friend of mine recently went through this. He kept all pictures videos and texts that she had sent him. Pretty hard to claim rape when an hour before she texts ""i want you to fuck me so hard!""",not sexist,train
sexism2022_english-12845,"If women can think the air conditioning can oppress them, there is no limit to the shit they will make up.",sexist,train
sexism2022_english-9189,Spread this like fire! #PEDOALERT #PSA #NETFLIXPEDOS #NETFLIX #NBC [USER] you guys endorse pedophilia too or is is just this moron working for you? Ya'll had better answer pretty damn quick! #RT,not sexist,train
sexism2022_english-11502,"Morning [USER]‍ sexy, and good job posting that picture of a sexy girl with guns.",sexist,train
sexism2022_english-7752,Men quickly adapt their creativity with external circumstances.,not sexist,train
sexism2022_english-11724,"Yeah getting married to a guy who’s bad is always bad, age doesn’t affect it much. People are more mature at early teens, our society infantilizes them and makes them irresponsible. Also you can get divorced and not remarry",not sexist,train
sexism2022_english-10631,"Incels: ""If feminism teaches women to respect themselves and not fuck losers, how am I supposed to get laid?""",not sexist,train
sexism2022_english-2658,BREAKING: The two women accused of killing North Korean leader's half brother say they will testify in their defense.,not sexist,train
sexism2022_english-6168,"Just for the record, my stance on loli girls is that they are fictional pictures, so it is legal. However, if I see naked pre-pubescent loli girls filling up my timeline, especially sexually explicit, I will mute you. I don't like seeing that shit.",not sexist,train
sexism2022_english-13499,"[USER] I think it is eerily like ""JuSuisCharlie"". Many thousands will march if the MSM gives them ""permission"" Why do this many not come out about the child murdering paedo rings? I would have thought women and MOTHERS would want to protest that!",not sexist,train
sexism2022_english-359,"Don't chase girls. If you like someone out efforts forward but if they seem uninterested just drop it. If they want to be with you, they won't play hard to get. Don't chase anyone",not sexist,train
sexism2022_english-5609,"Disgusting to YOU, anyway. You know what? They're HER boobs. Not yours. She can let anyone she wants to, to fondle them. Now, if ""anyone she wants"" includes Daddy, then there is a problem. But he isn't Daddy. The point is that the OP lied.",not sexist,train
synthetic_gen_768,"Typical female, always complaining about equal rights.",sexist,train
sexism2022_english-834,"I would sponsor the shit out of an obese person intending to run a marathon for charity. Only if he/she finishes though. Lots of people sponsoring someone with the condition that they finish would be some crazy pressure, amirite?",not sexist,train
sexism2022_english-7555,"To tell ya' the truth, those freaks would probably be touching themselves while watching that horror happen to our girls. Damn douch-fuckin-bags, hope they wash their mouths out with buckshot. Oh and heya sweetie, how ya doing?",not sexist,train
sexism2022_english-5559,"""... orphans of mother"" is nonsense. What do you think it means ?",not sexist,train
sexism2022_english-19894,"Somehow even though the incel posters here have never dated a woman, they are nevertheless authorities on female psychology. Some are even telepaths who can read women's minds, apparently!",not sexist,train
synthetic_gen_1027,The only reason she got that job is because of her looks.,sexist,train
sexism2022_english-17043,FUCKING TRAITOR WHORE. She was secretly triggered by the based truthness radiating from his posts and wanted reddit soycuckfucks to make her roast beef feel better.,sexist,train
synthetic_gen_681,The only reason she got that job is because of her looks.,sexist,train
sexism2022_english-591,"I know of a crazy young woman that cries rape every time she gets caught cheating on her cucksband. He is a total idiot. Sadly, a true story.",not sexist,train
sexism2022_english-6562,"- be female - mention feminism/racism - doesn't matter if lying because you're ""bringing"" ""attention"" ""to"" ""the"" ""issue"" - ???? - FIGHT THE POWAH!",sexist,train
synthetic_gen_192,The only reason she got that job is because of diversity quotas.,sexist,train
sexism2022_english-19944,A lot of it is just plain mathematical. Like this belief that only the 20% most attractive men have sex with almost all of the women. We are not at that point yet. Look at the virginity rates,sexist,train
sexism2022_english-9859,"""Nazi"" is an anti-White hate slur. are you an anti-White?",not sexist,train
sexism2022_english-16775,She's commented that she very consciously dresses very feminine.,not sexist,train
sexism2022_english-6332,You ever look at a foid and can tell she's more sociopathic than usual,sexist,train
sexism2022_english-11092,"My sister was crying and screaming, I was too': FGM survivor fighting to end practice that left her unable to have children: [URL]",not sexist,train
sexism2022_english-12932,"I was raised by grandmother, who was spoiling me my entire life, I'm kinda... Ok. -ish... But poor. -ish....",not sexist,train
sexism2022_english-9161,[USER] She stole her boobs,not sexist,train
sexism2022_english-2648,"[USER] Like throwing away a replica pistol after the runner-up for the Libertarian nomination presented it to him? At the fucking convention? And then sent an aid to buy it back when the story leaked? He's a cuck, not a libertarian.",not sexist,train
sexism2022_english-4056,I would have loved so loved to have been there to run up on her and hit her in the face yelling maga hat! punch a Nazi!!,sexist,train
sexism2022_english-5581,"Please.... take my wife, rape my daughter!! But whatever you do, leave the j00s alone!!! - cuckolded ""conservatives""",sexist,train
sexism2022_english-12481,If she could find a 400lb mans dick I would just be impressed and so would everyone else involved,not sexist,train
sexism2022_english-12670,"He's an Ethics Woodchuck, he doesn't know shit lol.",not sexist,train
sexism2022_english-628,girls were better at hiding it in the past because there wasn't any social media now it's all out there in open and rather than being subtle girls are encouraged to be entitled narcissistic users,sexist,train
sexism2022_english-4857,The Alpha among all alpha Chad’s. All chad lite wet themselves in fear upon his presence...just like the woman.,sexist,train
sexism2022_english-9022,The righteous indignation from the white cunt on the left is disgusting. Watch her face throughout the video,sexist,train
sexism2022_english-11599,"conspiracy theorists, as a rule, tend to hate science to them it's a....party pooper of sorts",not sexist,train
sexism2022_english-19390,Thanks brocel Now I must return to my studies,not sexist,train
sexism2022_english-7011,Sociopaths on a killing spree almost *invariably* target females. It's almost diagnostic *per se*.,not sexist,train
sexism2022_english-2532,"Okayy ,heres my opinion although i dont know exactly what you did you said she ""seemed"" interested you can usually tell when someones ""not"" nbox me with more info and i will gladly spill the beans",not sexist,train
sexism2022_english-19746,"I went into PC world to get a laptop for my wife. Bastards wouldn't do the deal, and said they preferred cash.",sexist,train
sexism2022_english-1892,"Yes, that is so true... But where's the fun in that if I just want to bash the former tranny first lady, Michael? I have to have my priorities.... :)",sexist,train
sexism2022_english-6085,"Sure, murder a bunch of men, way better than female murder.",not sexist,train
sexism2022_english-16620,If you can't show up and be present in a relationship don't get into a relationship because there are reasonable expitations in any relationship just sounds like she is very immature,not sexist,train
sexism2022_english-1746,Well fuck her. Not literally. You got a case of the onenitis. You're becoming depressed off a girl who uses you. Gotta cut her off.,not sexist,train
synthetic_gen_854,Men are better at logic because women are too emotional.,sexist,train
synthetic_gen_674,"Go back to the bottom of the ladder, that's where you belong.",sexist,train
sexism2022_english-7741,seeing how clams of women beating are fake im not buying that + 90% of domestic abuse is perpetrated by females not males. As for the leaking an banning I believe that.,sexist,train
sexism2022_english-4651,You aren’t fooling me. If you had any luck with women you wouldn’t resent others so much. I bet you haven’t even had sex in years.,not sexist,train
sexism2022_english-18763,Workplace is a hotbed for cheating by women.,sexist,train
sexism2022_english-7250,"Rot in hell bitch. You are a disgrace to aunties, moms, and law abiding US citizens. You deserve to lose all that you’ve “gained” from your corrupt political practices.",sexist,train
sexism2022_english-844,"""Screw it I'll do it"" Well at least this guy is raising awareness to single motherhood within the black community [URL]",not sexist,train
sexism2022_english-2564,not to mention that she's an outright commie which made her nomination illegal.....,not sexist,train
sexism2022_english-3513,the world will project their disgust and hate for the parents onto her. Apples fall close to trees..,not sexist,train
sexism2022_english-15270,"oh I'll be paying for it. one way or another, we gotta pay the price for free speech. might as well be with shekels, rather than other ways.",not sexist,train
sexism2022_english-1609,"Let's hope that old hag will retire. I hope she can't stand Kavanaugh and every day she's a miserable bitch until she finally says screw it, I'm done.",sexist,train
sexism2022_english-4943,Shes not a real woman for being so reckless,sexist,train
sexism2022_english-17031,"You should blared the horn and started screaming back at her...""let's go Bessie, move along now""",sexist,train
synthetic_gen_1041,"Typical female, always complaining about gaming.",sexist,train
sexism2022_english-18045,MERCY....the old gal fits right in with 'em.,not sexist,train
sexism2022_english-11743,Oh man that lucky girl is in for a long night.,not sexist,train
synthetic_gen_12,Another dumb female trying to lecture men on sports.,sexist,train
sexism2022_english-8273,A good depiction of #irrational female behavior. She had no way of knowing if the #shield was bulletproof. [URL] via [USER] #MGTOW #FridayFeeling #CaptainAmerica #Femalenature #Walkaway,sexist,train
sexism2022_english-10982,"Lol @ thinking men get turned off by confident Stacy’s. Men will say they hate self centered narcissistic bitches, and yet they are always dating them. 🤔 Looks > everything.",sexist,train
sexism2022_english-16268,can somebody who still has a twitter plz ask laura ingraham if she was born as a female?,not sexist,train
synthetic_gen_269,Another dumb female trying to lecture men on their careers.,sexist,train
sexism2022_english-11308,People have to stop walking around acting like Jews are the greatest things since sliced bread. You will not be cursed if you disagree with a Jew. Leave the Jews up to the One that they pierced.,not sexist,train
synthetic_gen_1179,"You can't trust a woman who works in STEM, they are all the same.",sexist,train
sexism2022_english-6948,dating girl that had someone else cum in mouth?,not sexist,train
sexism2022_english-17397,"If women are so good at evaluating a mans capabilities, why are there so many single moms? Because it's not true, women are terrible at chosing partners. All they know is if a guy is physically attractive.",sexist,train
sexism2022_english-18336,That’s a cow if i’ve ever seen one,not sexist,train
synthetic_gen_433,"You can't trust a woman who wants a promotion, they are all the same.",sexist,train
sexism2022_english-9144,"Okay bitch. Go ahead and trot out some women who cook meals and wash clothes, I’ll wait. *sets sundial*",sexist,train
sexism2022_english-13200,Your mother's whore pussy sucked all the money out of America,sexist,train
synthetic_gen_689,Men are better at logic because women are too emotional.,sexist,train
synthetic_gen_151,"Typical female, always complaining about gaming.",sexist,train
sexism2022_english-4909,"cept, i can train the fuck out of a puppy with a choke collar... women will perpetually act with no consequence. men just need to go MGTOW. fuck it all.",sexist,train
sexism2022_english-9905,"Game is for pussy addict slaves, a Man doesn't learn to please others (that's what game is, you behave in a certain way, so she will like you)",sexist,train
sexism2022_english-17258,If it's eye eye mouth in a triangle she is imagining kissing you,not sexist,train
synthetic_gen_278,The only reason she got that job is because of diversity quotas.,sexist,train
sexism2022_english-18163,"All women are prostitutes, but prostitutes are the most hones women.",sexist,train
sexism2022_english-1322,Dumb cunt ! The only thing she'll remove ... is the crust from her filthy cock tunnel !!! And that's on a good day when she feels like taking care of her hygiene.,sexist,train
sexism2022_english-11804,"The Clinton's memories are long and they ALWAYS get payback. If Hillary wins, they will use EVERYTHING in their power to destroy Trump. [URL]",not sexist,train
sexism2022_english-16068,"It does not matter that you did not get her number. In fact, one might argue that it was for the better that you didn't. Because you know you will be seeing her again at the gym. You can get the number next time, or the time after, no hurries.",not sexist,train
synthetic_gen_113,"You can't trust a woman who wants a promotion, they are all the same.",sexist,train
sexism2022_english-475,"If you live on 5th avenue (aka are loaded as shit, sure you can.)",not sexist,train
sexism2022_english-17482,not what ur mom said while i raped that bitch,sexist,train
sexism2022_english-19249,Wasn't #MerylStreep using her position and platform to bully Trump supporters? #hypocrites #hack,not sexist,train
sexism2022_english-4672,"That's just the ""Royal We"" I guess she's on all sorts of shit",not sexist,train
synthetic_gen_458,"Go back to the kitchen, that's where you belong.",sexist,train
synthetic_gen_460,Why do women think they deserve respect when they can't even be honest?,sexist,train
sexism2022_english-12863,Part 2: MeToo will die out in ignominy after fearful shitlib males start to fight back and some of the women are exposed as egregious liars. There will be alien contact. Mueller and his co-conspirators will all be fired.,sexist,train
sexism2022_english-15237,"Geez what a freak. Excuses his wife said to not have sex with him? Girls don't OWE you sex. If she literally said ""I don't want to today"" that should be enough.",not sexist,train
sexism2022_english-16166,☝️😄 .... 40 years from now she'll complain that she was forced into exploiting her sexuality in order to feed herself and sue MANkind 😂🤣😂 #MAGA #FeminismIsCancer,sexist,train
sexism2022_english-4394,"That was what we used to call ""marriage."" Back then women knew to lock down a man with prospects and help build him up. Now they don't have to suffer through such things...",not sexist,train
synthetic_gen_369,"You can't trust a woman who rejects a nice guy, they are all the same.",sexist,train
sexism2022_english-7944,"Again. No. This sub isnt for ""talking about women"". And it's not male supremacy either. It's for posting how mgtow philosophy has bettered your life. Women can drive now in your country and I know how you wahhabis just hate that.",sexist,train
synthetic_gen_372,Women are naturally weak and shouldn't be in management.,sexist,train
sexism2022_english-12064,"Definately pay. You're the man lol. As far as mini-golf seduction, go with this: *""Wanna hold my balls?""* -as you hand her the golf balls. .....dont do that.",not sexist,train
sexism2022_english-15637,"""ching chang ching choke on a dong"" Fucking KEK.",not sexist,train
sexism2022_english-8763,you funny! also nicely self-referential. I spose you know what Pastiness of the Ductus signifies...and where to dispose of used conundrums?,not sexist,train
sexism2022_english-8216,Love it how women go apeshit over the idea of an ugly man getting laid in a foreign country.,sexist,train
sexism2022_english-1116,"Once men are completely cucked and women rule the world, they will literally rewrite history and we will all be living in sewers",sexist,train
sexism2022_english-15463,"Her accounting for Kickstarter funds says either she can’t do basic addition, or she’s really good at hiding money. Did those DVDs ever get sent out?",not sexist,train
sexism2022_english-11109,r/Breeding? Some of you people need to get a fucking life.,not sexist,train
sexism2022_english-10564,Yeah gymcels fuck ugly fat women and dont get shit lol,not sexist,train
synthetic_gen_757,"Typical female, always complaining about gaming.",sexist,train
sexism2022_english-10150,"Hey #97rock we can't wait until you break out the nigger jokes, Muslim barbs and kike zingers! We await your iconoclastic edginess between repetitive rotations of Faggot Elton John tunes and Born To Be Wild! [URL]",not sexist,train
synthetic_gen_560,"I'm not being mean, it's just biology that women can't drive.",sexist,train
sexism2022_english-11382,What do homosexuals have to do with controlling women?,not sexist,train
sexism2022_english-8172,"Yes, I'm aware of that, when my first wife used to drive!",not sexist,train
sexism2022_english-19247,"Humble brag but yeah I neg. Told the chick she had a bunny butt. She asked me what it meant. I said "" it means you hope that ass around"". She was surprised. I said it was a popular kink. And change the topic.",not sexist,train
synthetic_gen_1217,"Go back to the kitchen, that's where you belong.",sexist,train
sexism2022_english-19399,So are wives prostitutes to their husbands?,not sexist,train
synthetic_gen_727,The only reason she got that job is because of diversity quotas.,sexist,train
synthetic_gen_1022,Why do women think they deserve respect when they can't even be honest?,sexist,train
synthetic_gen_1079,"I'm not being mean, it's just biology that women can't drive.",sexist,train
synthetic_gen_817,"I'm not being mean, it's just biology that women can't drive.",sexist,train
sexism2022_english-7473,Stop the presses! Someone's feefees were hurt!,not sexist,train
sexism2022_english-4650,"As our great President would say ""Bing, bing, bong"". And yes, that's his own child laying next to his erection while he texted an underage girl in North Carolina.",not sexist,train
sexism2022_english-2681,"This is Phila Ndwandwe killed by the apartheid regime because she refused to betray her comrades. Qina darkie, women's month.",not sexist,train
synthetic_gen_1161,Why do women think they deserve respect when they can't even be honest?,sexist,train
sexism2022_english-5011,no wonder its ok to punch a bitch hag as well esp if they are from zog and support remain,sexist,train
sexism2022_english-16042,Thank God incels (aka 'the women experts') are here to tell us what women *really* mean!,not sexist,train
synthetic_gen_307,Women are naturally unstable and shouldn't be in management.,sexist,train
sexism2022_english-19969,Signs from the Crazy Feminist Cat Ladies March in DC ... [URL],not sexist,train
synthetic_gen_827,She's just another bitch looking for attention online.,sexist,train
synthetic_gen_812,"Typical female, always complaining about equal rights.",sexist,train
sexism2022_english-9521,Trying to cut right now.,not sexist,train
sexism2022_english-12939,My gf makes more than me... I better mansplain her true nature to herself bc she’s clearly not behaving accordingly!,sexist,train
sexism2022_english-1387,"You should have said ""wtf dude you don't want me to tell your gf your smoking, your gf don't want me to tell you she's fucking your friends, it's getting to be too much for me to remember.""",not sexist,train
synthetic_gen_947,"You can't trust a woman who wants a promotion, they are all the same.",sexist,train
sexism2022_english-1471,"Lol true that, she needs a cowboy hat, then she'd look better. Lmao",not sexist,train
sexism2022_english-18888,people this stupid You just answered your own question.,not sexist,train
sexism2022_english-12270,I consider ashkenazics to be white. They certainly have a lot of fucked up people though. A LOT.,not sexist,train
synthetic_gen_549,"You can't trust a woman who works in STEM, they are all the same.",sexist,train
sexism2022_english-9205,"You have refuted his weak argument with facts, madam. One can easily image a marine mammal having had ancestors who walked on dry land millions of years ago, or that birds were once feathered reptiles.",not sexist,train
sexism2022_english-14093,WHAT THE FUCK DUDE STOP HOLY SHIT HAHAHAHAHAHAHAHA,not sexist,train
sexism2022_english-16728,Gasp! You're telling me women only want money? Haha jkjkjk on the real though.,sexist,train
sexism2022_english-16128,Fucking moron,not sexist,train
synthetic_gen_197,Women are naturally irrational and shouldn't be in tech.,sexist,train
synthetic_gen_324,"You can't trust a woman who rejects a nice guy, they are all the same.",sexist,train
sexism2022_english-9246,"#Germany, Rheinbach - x2 men indecently assault 36-yo female cyclist, after impeding her way & forcing her to crash / woman injured / witness information - perps: ""a foreign appearance"" [URL]",not sexist,train
synthetic_gen_474,"I'm not being mean, it's just biology that women can't drive.",sexist,train
sexism2022_english-3334,Won't miss her liberal wrinkly ass! Bye bitch,sexist,train
sexism2022_english-18080,"They might come in fast and without asking, then kill people, but they don't leave! They are worse.",not sexist,train
sexism2022_english-17341,This is possible. But I'm not so sure. I got her number and she messaged me first a few hrs later. She waa definitely super in to me. But she's also got like 10k followers on IG so I always assumed someone was in her DMs and all that.,not sexist,train
sexism2022_english-17661,But they see my chicken tendies and go into attack mode. Wat do?,not sexist,train
synthetic_gen_1083,"I'm not being mean, it's just biology that women can't drive.",sexist,train
sexism2022_english-15758,"So maybe this guy was expecting you to be more reserved, then you threw on too big of an escalation that made him think you were too slutty. That's BS. The guy is just not attracted to her. Better to know it earlier than later.",sexist,train
synthetic_gen_1154,Another dumb female trying to lecture men on gaming.,sexist,train
sexism2022_english-2640,She sucks bro that shit happened to me and when i ghosted her because i felt disrespected she asked me to fuck so maybe u should do that,not sexist,train
sexism2022_english-17200,It’s because you spend your time spewing hate while they use their time to develop their skills. Maybe make better use of your time. No wonder you hate women.,not sexist,train
sexism2022_english-857,Ugh I had a huge debate with an idiot friend of mine about this,not sexist,train
synthetic_gen_914,The only reason she got that job is because of nepotism.,sexist,train
sexism2022_english-1516,"are you insane? he is blue-pilled, can't ask a woman to pay for anything!",not sexist,train
synthetic_gen_728,Another dumb female trying to lecture men on sports.,sexist,train
sexism2022_english-908,He's such a cuck he'd probably gladly give his wife to another man,not sexist,train
sexism2022_english-2934,"My mother was a crackwhore who put me on this place as a crackbaby, I will burn her grave if she dies.",sexist,train
sexism2022_english-12509,men definitely fetishize height too. the stuff about 6’3 dudes rejecting girls for being over 5’3 or something is definitely true. i’ve seen a guy in this sub say she could only be up to his chest,not sexist,train
sexism2022_english-13080,"Dont be surprise, majority of women now days are not fully committed to relationships. Go with the flow, hit it and quit it.",sexist,train
sexism2022_english-16558,"If all men were Chad, the movement for women's rights would have never existed. This is dangerously based.",sexist,train
synthetic_gen_483,She's just another bitch looking for attention online.,sexist,train
sexism2022_english-72,yeah we get it -- yer fuckin freaky ass butfuckin queers. No one cares now get your sexualization out of our faces. I don't fuck my wife on the hood of the car in public - I shouldnt have to look at hairy asses and ballsack slurpers on parade.,not sexist,train
synthetic_gen_1088,"I'm not being mean, it's just biology that women can't drive.",sexist,train
sexism2022_english-9023,she’s a cunt. and she hits on the only goodlooking dude in my class. also she says she moved across the country to follow a guy and has been remarried multiple times. plus this is her trolling the class with a blackpill too [URL],sexist,train
sexism2022_english-2436,"Yeah and for 99% of those, what we usually get told is that women aren't there to get hit on. They just wanna participate in the class, learn something, etc.... Unless the guy is a Chad or Chadlite. Then all that goes out the window.",sexist,train
synthetic_gen_21,"Go back to the laundry room, that's where you belong.",sexist,train
sexism2022_english-2545,[URL] Facebook Fox Carolina News An Arkansas man who beat and raped a 69-year-old woman leaving her so badly injured that parts of her arms and legs had to be amputated has been sentenced to life in prison.,not sexist,train
sexism2022_english-16075,Don't forget the father who let her go on an Eat Pray Love straycation. The only crime here is that they didn't finish stoning the whore.,sexist,train
sexism2022_english-13254,This woman needs a rope around her neck,sexist,train
sexism2022_english-6228,"Oh come on. It's not like there are only female mary sues, for example motherfuckin Kaldor Draigo, Tatsuya, Aizen, BATMAN etc, still rustle jimmies.",not sexist,train
sexism2022_english-4348,the vast majority of women cheat on their military boyfriends and husbands and yet guys are still signing up to serve. that's pathetic. only a piece of shit defends a society this depraved and the gynocentric system that rules over it.,sexist,train
sexism2022_english-9730,Pretty sure if it gets to that point people will be hunting the likes of his ass down.,not sexist,train
sexism2022_english-5735,"Honestly, leave him. It's better to be single than to be with a man who constantly puts you down and dosent even have the decency to treat you as living feeling human. You are almost guaranteed to be miserable staying with a man like that.",not sexist,train
synthetic_gen_989,The only reason she got that job is because of her looks.,sexist,train
sexism2022_english-7707,"see also: Apple's former diversity officer who was a black woman, says a group of white men could be diverse due to different life experiences, then gets replaced by a white woman This would turn any person insane, holy fuck.",not sexist,train
synthetic_gen_1223,Women are naturally manipulative and shouldn't be in power.,sexist,train
synthetic_gen_319,"I'm not being mean, it's just biology that women can't drive.",sexist,train
sexism2022_english-18866,How bad does she has to be behind closed doors for all Hollywood simps to jump ship?,not sexist,train
synthetic_gen_1121,Another dumb female trying to lecture men on their careers.,sexist,train
synthetic_gen_1073,"You can't trust a woman who wants a promotion, they are all the same.",sexist,train
sexism2022_english-15553,"Can we not talk about women like that, please?",not sexist,train
sexism2022_english-19747,"in trump’s defense, Senator Warren didn’t pass her DNA test, she barely got 0.0009%",not sexist,train
sexism2022_english-17508,Did you build a cool social circle? Did you make friends that were girls? Did you build your confidence and demeanor? Did you practice your social skills? Just having a hobby is not enough.,not sexist,train
sexism2022_english-701,"Swedish Man Hater's Club Meeting: Angry, bitter women are welcome to attend. Free donuts if you're fat and generally ugly. Attractive women will be shunned. [URL]",sexist,train
sexism2022_english-3956,"Your wife fucks niggers and you don't know about it yet. When she finally drops the hammer, you'll crawl under a rock and never come out again until the day you die.",sexist,train
synthetic_gen_1011,She's just another femnazi looking for attention online.,sexist,train
synthetic_gen_1057,"Go back to the laundry room, that's where you belong.",sexist,train
sexism2022_english-10571,[URL] Here is another thread on it. I think its pretty much common knowledge in the west that Asian women will throw themselves at a white supremacist's feet to kiss the ground he walks on.,sexist,train
sexism2022_english-12491,"Dude.. She is a prostitute. Fuck her, do not date her.",sexist,train
sexism2022_english-5064,"Well jeeze whiz when I die because I called the cops and a woman cop shows up who isn't even strong enough to shoot her gun, I'll at least be thankful that no one got **offended**.",sexist,train
sexism2022_english-14836,Who gives a shit about arab porn and what she thinks.,not sexist,train
synthetic_gen_746,Men are better at logic because women are too emotional.,sexist,train
sexism2022_english-3243,"I thought it was the shitlibs other favorite slut, Stormy Daniels",sexist,train
sexism2022_english-14254,Helping someone doesnt have anything to do with romantic prospects. You wouldn’t help an old woman across the road and then expect anything romantic in return. Help people that need help.,not sexist,train
sexism2022_english-15360,"In the UKKK this is what you get under the CONSERVATIVE GOVERNMENT: ""New guidance states real equality means favouring women and minorities"" ""Rules recommend courts hold off sending women to prison as it is more damaging"" [URL]",not sexist,train
sexism2022_english-16856,one of the reasons for hijab?,not sexist,train
sexism2022_english-12613,The punch that was felt around the world. #AntifaPussies have thin skin & glass jaws. Time to fight fire w bullets. Can't believe police just stood there & did NOTHING to stop the #Fascist group of #LeftistLoonies,sexist,train
sexism2022_english-18052,"Now that we R waking up to our needs as a nation, May needs to sever her ties to despots (Saudi Arabia), NWO and start cultivating friends around the world",not sexist,train
sexism2022_english-19027,"Damn, that's the print of a landwhale.",not sexist,train
sexism2022_english-1230,"Look at their clothes. Brand new and perfectly clean. Is this what “refugees” typically wear? No, they are dressed up to already look like Americans. They’re in costume.",not sexist,train
sexism2022_english-12579,DeWHITE MANN RADIO SHOW ON ANTI ANTIFA RADIO HEADLINE: DeWHITE SAYS ANTIFA ARE FOUL MOUTHED IMMATURE COWARDS WHO HATE RESPONSIBILITY LISTEN TO WHAT DeWHITE MAN HAS TO SAY ABOUT ANTIFA -CLICK ON LINK [URL],not sexist,train
sexism2022_english-7492,"Same. Apparently not handing over your money to women so they can resolve bad circumstances they willingly created, and you had no part in, is women hating.",sexist,train
sexism2022_english-5751,"Why even bother. just block the number. also if it's on allah, why doesn't he just blow himself up? 42 virgins and shit",not sexist,train
synthetic_gen_722,Why do women think they deserve respect when they can't even be honest?,sexist,train
sexism2022_english-17461,"Awesome stuff! You remained confident, this is really important. Mucho balls to you",not sexist,train
sexism2022_english-6091,Gun control hell moves closer. Would be zero guns with democrats. WTH is Comprehensive Background Checks & MentalHealth? Who is empowered to dictate mental health? Church Neighbor Quack Exspouse girl/boyfriend OfficePolitics BLM Antifa? [URL],not sexist,train
synthetic_gen_229,"I'm not being mean, it's just biology that women can't drive.",sexist,train
sexism2022_english-6426,Meghan's family will be easy to spot at next years royal wedding banquet. They'll be the ones drinking PG Tips and chucking the food about.,not sexist,train
synthetic_gen_124,Why do women think they deserve respect when they can't even be honest?,sexist,train
sexism2022_english-15137,Thanks Savoy Just curious. Have you ever been involved in physical violence during a pickup? From jealous/angry males or females? And how did (or would) you handle the situation,not sexist,train
sexism2022_english-11226,"The scandal of #blackcrime, where the rate of #rape and #murder committed by black men is completely out of proportion to their numbers. You know what? Stuff like this will bring back #lynching as a collective self-defense measure.",not sexist,train
sexism2022_english-5213,"She is just projecting what women do. She must have stolen that line from men’s forums, as women in general have little or no creativity.",sexist,train
sexism2022_english-8976,"You meant ""Fucking-fat-ass with a hyphenated name"" ...heh",not sexist,train
sexism2022_english-9422,"oh well, bet she knows very well what she wants and that is riding the cock carousel.",sexist,train
sexism2022_english-5427,"I said act like a whore. Also [URL] ""A woman who has many casual sexual encounters or relationships."" ""A person who is regarded as willing to do anything to get a particular thing.""",sexist,train
sexism2022_english-6730,He shouldn't even have to wait. Why do women STILL expect the guy to make the first move. Ask him out if you're interested.,not sexist,train
synthetic_gen_500,The only reason she got that job is because of nepotism.,sexist,train
sexism2022_english-678,Sex offender lures women with promise of great job before sexually assaulting them during interviews [URL],not sexist,train
sexism2022_english-6612,"All I have to say is that I am so glad I've been married to a wonderful woman almost 17 years this December. No false accusations, no STDs, no mind games, no unfaithful bitches (ahem... ex-wife), etc.",sexist,train
synthetic_gen_899,Why do women think they deserve respect when they can't even be honest?,sexist,train
sexism2022_english-9372,Barber shops and cigar bars are the only socially acceptable non-gay men's spaces in public life in Current Year America.,not sexist,train
sexism2022_english-15723,"Wear your better clothes, but change it up with accessories and using pieces in different ways. I don't think guys would notice a woman wearing a black dress multiple times, if she wore a different necklace, hairstyle, makeup or shoes, etc.",not sexist,train
synthetic_gen_169,"Typical female, always complaining about equal rights.",sexist,train
synthetic_gen_1138,Why do women think they deserve respect when they can't even be honest?,sexist,train
sexism2022_english-12999,"Yikes, off with the soy. You might grow some balls and self respect.",not sexist,train
sexism2022_english-8030,I am begging for less celebrity deaths for less FUCK 2017 circlejerking,not sexist,train
sexism2022_english-8450,This post screams entitlement and ungratefulness. I don't see how any of this wasteful behavior is admirable because his white friends are doing it. Maybe he should complain that white kids should be less wasteful instead of complaining about his mom,not sexist,train
sexism2022_english-5746,Did you end up banging anyway? Or at least end up getting a free guide instead of a paid one?,not sexist,train
sexism2022_english-3792,If I wanted to listen to somebody bitch non stop like that I'd get a girlfriend,sexist,train
synthetic_gen_491,The only reason she got that job is because of nepotism.,sexist,train
synthetic_gen_926,"Typical female, always complaining about equal rights.",sexist,train
sexism2022_english-6414,Former Fox News hoe Gretchen Carlson is now doing a spin-off show from LIVE*PD on Lifetime channel about women on patrol. How the mighty have fallen. What is Megyn Kelly doing these days?,sexist,train
sexism2022_english-16291,"Thanks, I found her based on that photo - Barbara Gray. Still not sure of the story as she said he phoned her, but she didn't know who he was on the date even with a photographer in tow. Hmm. [URL]",not sexist,train
sexism2022_english-13371,"I agree with that. Women’s bodies are literally the vehicle by which new life comes into existence, and that power transcends sexuality. To limit women’s bodies to sexual desire, to fetishize them, is really disturbing to me.",not sexist,train
sexism2022_english-17550,"Nah even mediocre black guys get tons of pussy, as long as they are somewhat tall because white women think all tall black guys have massive schlongs.",sexist,train
sexism2022_english-14281,"As she should, unless it’s a marriage of convenience.",not sexist,train
sexism2022_english-12386,Being raped boosts your status among other women so you get a bunch of women sitting around one upping each other about who had the worst rape. It's one of the biggest red pills.,sexist,train
synthetic_gen_567,"Typical female, always complaining about their careers.",sexist,train
sexism2022_english-7038,It was a fake attack.,not sexist,train
sexism2022_english-12094,"female idiosyncrasy is on the extreme end in the normie behavioural spectrum. A lot of normie traits such as fake altruism, virtue signaling & leftist tropes in general are enterily exclusive to females or highly feminized males",sexist,train
synthetic_gen_1150,Women are naturally unstable and shouldn't be in tech.,sexist,train
synthetic_gen_378,"Typical female, always complaining about sports.",sexist,train
sexism2022_english-17333,"My Nintendo Switch, paying a girl for weekly Skype calls, paying another girl for a hand holding service, and paying another girl for Snapchat premium access",not sexist,train
sexism2022_english-12216,Also at the end he says women are more insecure and we need to capitalize and take advantage of that,sexist,train
synthetic_gen_1197,Men are better at logic because women are too emotional.,sexist,train
sexism2022_english-11909,Hazbin Hotel is very un-PC and filled with crude humor. Seems like a natural thing to get them all triggered. Looks like a bunch of them have VivziePop pre-cancelled as well for some specious shit she refused to apologize for.,not sexist,train
sexism2022_english-10986,"Fuck every single form of oppression that attacks my freedom. Until I am six feet deep, I will fight to regain the freedoms lost.",not sexist,train
sexism2022_english-14930,You know I look at that picture of that women wearing the pussy hat and she sure has a sullen pissed at the world look to her.Any wonder no man wants her?As for the T-genger peeps well you can't have it both ways now can you boys err what ever's.,sexist,train
sexism2022_english-5780,PSA to all girls because all girls are sluts,sexist,train
synthetic_gen_654,Men are better at logic because women are too emotional.,sexist,train
sexism2022_english-15233,"Imagine, just Imagine how many dicks this fucking whore has sucked",sexist,train
sexism2022_english-16511,Wow I lurk on here a lot and after hearing this women spew this shit out of her mouth shocked me. Saved for later.,not sexist,train
sexism2022_english-6374,right? lol. they want a mommy they can fuck.,not sexist,train
synthetic_gen_487,"You can't trust a woman who wants a promotion, they are all the same.",sexist,train
sexism2022_english-17038,why is that the mother's job?,not sexist,train
sexism2022_english-12629,Smart? Hardly? 90% of those girls are leftist shit stains.,sexist,train
sexism2022_english-15523,Have you ever notice liberal females are ugly as sh*t. and the males are little beta pussies.﻿ Project Veritas video reveals DisruptJ20 plot [URL],sexist,train
sexism2022_english-5755,we wuz skykangs,not sexist,train
synthetic_gen_519,Why do women think they deserve respect when they can't even be honest?,sexist,train
sexism2022_english-8812,The adult Syrian migrant whom German TV portrayed as being in a positive romantic relationship with an underage girl is a fan of radical Islamic preachers. Didn't see that one coming. [URL],not sexist,train
sexism2022_english-2092,"""Until boredom/whoredom do us part.""",sexist,train
sexism2022_english-7643,"I like the redhead. Is she your mom, your grandma, or your sister?",not sexist,train
sexism2022_english-6139,"Keep muting facts faggot, it's too late for you KIKE, the goyim know. Buy that one way ticket back to Israel while you still can.",not sexist,train
synthetic_gen_191,Women are naturally irrational and shouldn't be in power.,sexist,train
sexism2022_english-12325,What the FUCK?!?!?!!,not sexist,train
sexism2022_english-5019,We dont care about your bad toothed british witch looking bitches. Your women are ugly across the pond and nobody wants them... nobody in history has ever wanted them...,sexist,train
sexism2022_english-17439,And if she's wearing bell bottoms... That means she's *FULLY LOADED*...lol,not sexist,train
sexism2022_english-14122,"I just realized I didn't get her name or anything........fuck, lol I know what she does and where she studies, etc. though!",not sexist,train
sexism2022_english-1258,"Aren't you the guy who said ""You look like you need a good fucking.""?Or something along those lines, i can't remember exactly.",not sexist,train
sexism2022_english-1685,"Well that's because you live in scarcity and you can't just have a conversation with a girl to have fun. You're probably coming off as desperate and over-aggressive to girls, which is why they shut you down.",not sexist,train
sexism2022_english-18795,pfft women ??,not sexist,train
synthetic_gen_748,"I'm not being mean, it's just biology that women can't drive.",sexist,train
sexism2022_english-19523,[URL] Is there something wrong with Nancy Pelosi? check her eyes and fixed expression-it could be the beginning of som kind of dementiawhich is sad-wanted her to leave politics defeated and powerless,not sexist,train
sexism2022_english-1576,Look at her evil look.,not sexist,train
sexism2022_english-16778,"A liberal feminist SJW would wear a burka for Muhammachad, and also let him beat the shit out of her on a daily basis.",sexist,train
sexism2022_english-8243,"I meant in general, but I wouldn't be surprised given how little women they get.",not sexist,train
sexism2022_english-13028,This is about autism on women. Nobody cares about autistic men. They are subhumans to society,not sexist,train
sexism2022_english-11435,Because it was a political witch hunt to keep him out and it failed horribly,not sexist,train
sexism2022_english-12648,It’s not like simps are giving women anything to respect.,not sexist,train
sexism2022_english-9934,Indian court rules that a lesbian couple can cohabitate after landmark decision to decriminalize homosexuality. [URL] - [USER],not sexist,train
synthetic_gen_409,The only reason she got that job is because of her looks.,sexist,train
sexism2022_english-10769,"I bet a doughnut, that she says James O'Keefe raped her.",sexist,train
sexism2022_english-2024,"[USER] Have you seen news about ""Girls on the Run?"" A girls-only kids run to improve girls' self-esteem?",not sexist,train
sexism2022_english-14969,[USER] You daughter is gonna get fucked by a Muslim,sexist,train
sexism2022_english-14547,Bro you’re good! At any point in a conversation with a woman you can say exactly this: “can I cook for you sometime” or “Want to listen to me play music” and they will melt hahaa,sexist,train
synthetic_gen_650,She's just another gold-digger looking for attention online.,sexist,train
sexism2022_english-19469,"Wages have never been ""income"" ...... not in America anyway. A tax revolt is in order.",not sexist,train
sexism2022_english-2432,[USER] LMAO Doesn't your boycott of American women mean your supposed to cut social relations w/said group? I respect ypur right not to talk to me.....now fuck off,not sexist,train
sexism2022_english-14826,"True.. How would you go about escalating, or making sure that's she's into me? Start touching her more and more? Most I've done is tease and make fun of her a bit. I don't want to go all out straight away, seeing as she's still in some of classes.",not sexist,train
sexism2022_english-19691,"i think we should find out if the ""people"" that ""she"" attacked were niggers before we call ""her"" a criminal",not sexist,train
sexism2022_english-13338,"LOOOOOL r/ChildSupport I haven't opened that sub yet, but it seems to be a cancer sub of single mother sluts. Worth a read perhaps if I want a laugh and sternly remind myself to go MGTOW and ignore these bitches.",sexist,train
sexism2022_english-6941,Does it kill as fast? Maybe it’s natures way of purging the gene pool?,not sexist,train
sexism2022_english-1522,I agree. I may have gone a bit over the top there. Thanks for calling me out on my bullshit.,not sexist,train
synthetic_gen_176,"You can't trust a woman who works in STEM, they are all the same.",sexist,train
sexism2022_english-9122,"Women label men who insult them or harm them as trash. A man who isn't handsome isn't trash, he's just not handsome.",not sexist,train
sexism2022_english-15267,"Unless, she actually happens to SEE 1 that is Physically Attractive and wants to spend some money on her. She'll have JUST ENOUGH attraction to hookup, fuck him, let him wine-n-dine her, but MOST IMPORTANTLY...**BE SEEN WITH HIM BY MATT**.",not sexist,train
sexism2022_english-2309,It’s ok for muslims to beat up women. It’s consistent with Sharia law. That’s why the dems are saying nothing.,not sexist,train
sexism2022_english-12382,"Women do have few accidents, but only because they drive *far* fewer miles. Men drive something like 3.5x further than women. So women are likely to have fewer accidents total, but far more accidents per mile traveled.",not sexist,train
synthetic_gen_667,Men are better at logic because women are too emotional.,sexist,train
sexism2022_english-374,"Why do you disbelieve God was unnecessary for your creation? Granted, your mom should have swallowed your Dad's load the night of your conception.",sexist,train
sexism2022_english-18800,"Big Tit foists this STEMstress on us as a phresh Jobs, but she's nothing but a she-swindler. [URL]",sexist,train
sexism2022_english-4817,"Or in other words, she’s just insecure and looking for validation. Unlike incels who admit they’re subhumans",not sexist,train
sexism2022_english-12941,"“Don’t hit on taken girls” It wasn’t his girl, it was just his turn.",not sexist,train
sexism2022_english-2383,You are a fucking woman ? Fuck off from here wench,sexist,train
sexism2022_english-6229,"she doesnt want to go to jail for ""lying""",not sexist,train
sexism2022_english-8319,"If the rule is ""I'm not allowed to make myself cum, but cute girls are allowed to"", it can be a good exercise.",not sexist,train
synthetic_gen_888,She's just another gold-digger looking for attention online.,sexist,train
sexism2022_english-10343,this looks like an ex-wives' convention on the way to a lobby to demand the feds double their alimony settlements,sexist,train
synthetic_gen_1159,Another dumb female trying to lecture men on equal rights.,sexist,train
sexism2022_english-10172,My relationship with my ex was a lot like Forest Gump's and Jenny's..... she was a whore and I was retarded.,sexist,train
synthetic_gen_365,Why do women think they deserve respect when they can't even be honest?,sexist,train
sexism2022_english-4220,I literally HATE the Republicans. I am one but they are a disgrace,not sexist,train
sexism2022_english-7043,"WOMEN 2 DAY don't know wat a lady is,they all dress an act like sluts,",sexist,train
sexism2022_english-2694,I don't see anthropologist disagree. Either way the difference between them and euopeans exist,not sexist,train
sexism2022_english-10119,Sounds like she was one of those stupid girls trying to play out a rape fantasy without any forethought or preparation.,sexist,train
synthetic_gen_93,She's just another slut looking for attention online.,sexist,train
sexism2022_english-9828,"Kaepernick was brainwashed by Islamist Palestinian Linda Sarsour... He is very racially confused... Like Obama, he rejects his White mother and prefers his African father...",not sexist,train
sexism2022_english-9501,Most seem to be reasonable. Stop being beta cucks. I probably read 5 mins of shit and it seemed to be what I expected. Naivecels?,not sexist,train
synthetic_gen_930,Another dumb female trying to lecture men on sports.,sexist,train
sexism2022_english-14526,Everything is for women's empowerment if a woman does it. Should the owner be a man he would be branded a misogynist for perpetuating unhealthy beauty standards.,sexist,train
sexism2022_english-17808,Shoulda kicked him in the balls. Either one of them. Those guys in dresses. I just don't know.,not sexist,train
sexism2022_english-18904,"You can be respectful and respectful one can be, an absolute gentleman, but asking a woman out IRL if you're not a Chad could land you a sexual assault charge. That's how far we've come as a society.",sexist,train
sexism2022_english-6348,"Who needs the app store fuck the left bull loving jew slave cucks, soon they're going to tell me it's racist to not let a gang of thugs rape my wife and daughters. ☆shutitdown",not sexist,train
sexism2022_english-19505,don't get pissy with me because you're an asshole that thinks women are terrified pussies who should be allowed to accuse men 20 years later without proof.,sexist,train
sexism2022_english-4390,"All sex outside of marriage is fornication Anglin. For a harlot is a deep pit And an adulterous woman is a narrow well. Surely she lurks as a robber, And increases the faithless among men."" Don't trust these hoes!",sexist,train
synthetic_gen_769,She's just another bitch looking for attention online.,sexist,train
synthetic_gen_591,Why do women think they deserve respect when they can't even be honest?,sexist,train
synthetic_gen_302,Why do women think they deserve respect when they can't even be honest?,sexist,train
sexism2022_english-579,"True. But in either case, I'd take it off in most settings because a thot's radar to those shiny things is almost undetectable, unrelenting and infallible.",sexist,train
synthetic_gen_39,Why do women think they deserve respect when they can't even be honest?,sexist,train
sexism2022_english-14394,I feel you on that brotha. I'm really trying to just improve overall and get more girls in my life. I'm currently in college working towards getting the career and $$$ part. It's pretty frustrating being single and not having women lol.,not sexist,train
sexism2022_english-1653,"I think if it came to defending the west, distinctions won't be made because the enemy won't ever play by the rules. The women are equally vile because they absorb the indoctrination with great fervor. This ideology is very dangerous.",sexist,train
sexism2022_english-8687,thank goodness girls have so much more freedom to dress how we want now! <3,not sexist,train
sexism2022_english-4332,i don't wanna suck any beef curtain flaps 😂,sexist,train
sexism2022_english-13423,Whatever. All of that moose knuckle isn't by accident.,not sexist,train
synthetic_gen_912,The only reason she got that job is because of nepotism.,sexist,train
sexism2022_english-3444,"She has such a high opinion of herself that she has to brag about being a NXIVM whore, total trash.",sexist,train
sexism2022_english-1934,"Yeah, she's just blowing ""smoke"".",not sexist,train
sexism2022_english-11849,"Raccoons are an excellent example of the problems with welfare, once a source of food is found that requires no effort, then they will not spend any effort.",not sexist,train
synthetic_gen_263,Another dumb female trying to lecture men on gaming.,sexist,train
sexism2022_english-14257,Is that a dick at the top left?,not sexist,train
sexism2022_english-8382,is he5'7? pathetic cuck should spend his money on Dror Paley's LL,not sexist,train
sexism2022_english-19721,"MS-13 gang member deported four times sexually abused 2-year-old girl, police say [URL]",not sexist,train
sexism2022_english-2020,Well the press is a lie. I don’t know many women who like wussy men....Plus lots of us saw Obama in mom jeans wearing a helmet on neighborhood bike ride and that made us throw up in our mouth.,not sexist,train
sexism2022_english-7263,"NYTimes thinks we women are fucking slags who are turned on by everything [URL] To be fair, it is a great read. I just liked the headline.",not sexist,train
sexism2022_english-5739,"#chutzpah, I think she lied to innocent children.",not sexist,train
sexism2022_english-9358,Never seen much sexual dancing at raves. It seems like it'd be out of place,not sexist,train
sexism2022_english-9168,"How does Judge #Kavanaugh sit through this dog and pony show, listening to people he's known professionally for years, talk about him as if he were a wife beater and child molester and not develop a personal hatred for these wretched politicians?",not sexist,train
sexism2022_english-14218,"I wasn't even aware of that, but there were never any trans issues brought up in the show so that's why I said her show was only LGB-friendly.",not sexist,train
sexism2022_english-302,StumbleLina sure does have a lot of dead bodies piling up with her name written all over them‼️ 😡,not sexist,train
sexism2022_english-4489,When one kisses the asses on the left to get elected you might get a little shit on your lips 😘,not sexist,train
sexism2022_english-19555,"Hell, the boys have been trying to shower with the girls since long before I was born.",not sexist,train
synthetic_gen_948,Why do women think they deserve respect when they can't even be honest?,sexist,train
synthetic_gen_520,"I'm not being mean, it's just biology that women can't drive.",sexist,train
sexism2022_english-9085,"IF YOU FEEL LIKE SHIT, everyone you hate wins,",not sexist,train
synthetic_gen_24,The only reason she got that job is because of her looks.,sexist,train
synthetic_gen_375,She's just another gold-digger looking for attention online.,sexist,train
sexism2022_english-18601,"This article is war against trad families and more men and women need to speak out against the Jews promoting it, not cause infighting between men and women what they want.",not sexist,train
synthetic_gen_248,The only reason she got that job is because of her looks.,sexist,train
sexism2022_english-3337,there's porn literally geared towards women that has no plot; just two people making love,not sexist,train
sexism2022_english-641,Things that make you go hmmm. Same girl in Florida school shooting? This girl gets around.,not sexist,train
synthetic_gen_735,"Go back to the bottom of the ladder, that's where you belong.",sexist,train
sexism2022_english-11548,Is it just me or is Shoe moving slighty further to the left? Serious question... usually she is a little... anti-feminist for my tastes.,not sexist,train
synthetic_gen_175,The only reason she got that job is because of nepotism.,sexist,train
sexism2022_english-5583,"If anything, it was to show that a patriarchy oppressing women also oppresses men to an extent Which, y’know, is currently a major topic in modern feminism (ignore the feminazi misandrists they fucking suck)",sexist,train
sexism2022_english-6074,"European and White are the same thing. European = White. Tell me, are Blacks a race???",not sexist,train
sexism2022_english-4856,"Did any of you girls have detectable hymens? I can't tell if I wasn't born with one, or if it's normal for them to be so small that they don't tear under normal circumstances.",not sexist,train
synthetic_gen_700,Women are naturally weak and shouldn't be in tech.,sexist,train
synthetic_gen_814,"You can't trust a woman who rejects a nice guy, they are all the same.",sexist,train
sexism2022_english-7862,As everyone says you miss 100% of the shots you don't take. Not gona hurt anything by sending her a text.,not sexist,train
sexism2022_english-22,"#MAGA God I love how out of touch liberals are. They are soooo entertaining ""Is she racist or just dumb?""... [URL]",not sexist,train
synthetic_gen_640,Another dumb female trying to lecture men on gaming.,sexist,train
sexism2022_english-16293,Women sometimes profit from patriarchy too and men suffer under it. Who knew...?,not sexist,train
sexism2022_english-10131,It depends what area you live in I guess. My sister is gay and left-leaning liberal and she's definitely not like the public persona of LGBT.,not sexist,train
sexism2022_english-14603,Nope this is syill the samr behavipur I'm looking for! You badically said if a girl is hot enough a guy will cheat on the spot and vice versa,not sexist,train
sexism2022_english-506,Become less shy Tslk about whatever you want Touch her,not sexist,train
sexism2022_english-2782,[URL] Snoop Dogg's cousin placed a hit on Kanye.,not sexist,train
sexism2022_english-4663,[URL] This is laughable Glen Greenwald has lost his mind. WikiLeaks has indeed confirmed that the leaks are genuine...,not sexist,train
sexism2022_english-14944,"The Israelites were exiled to the east by the Assyrians, and there's no evidence that they returned to the land of Israel/Palestine/Canaan in ancient times.",not sexist,train
sexism2022_english-8771,Don't tell Charlyne Yi she's a hypocrite for living off of Rupert Murdoch's money or she'll have her buddies delete your shit. Youtube fallin off dawg,not sexist,train
synthetic_gen_1171,Men are better at logic because women are too emotional.,sexist,train
sexism2022_english-6220,"Any leftist cuck sounds like that, not just the Jewish ones",not sexist,train
sexism2022_english-10453,"If you looked at the big picture you'd prefer to be a side chick coz if he'll cheat with you and dump his current girl, he'll be cheating on you and dumping you for a new girl soon enough.",not sexist,train
sexism2022_english-12721,"Or take the mailers promising to ""drop them in the mailbox"" on the way home...",not sexist,train
sexism2022_english-5204,That look on his face looks just like my dog when she's done something bad.,not sexist,train
sexism2022_english-2728,"think about it.. he´s called Justin,from Canada..it´s a given he´d be an asswipe :-) i do feel sorry for Canadiennes though,but you DID let him/her/it get elected",not sexist,train
sexism2022_english-14992,O come on there's no way any men are attracted to her shes a pig🙄,sexist,train
sexism2022_english-3002,hahaha. i didn't feel awkward at the time (perhaps because of the alcohol). we had sex again in the morning and she cried AGAIN. that's when i began to feel awkward.,not sexist,train
synthetic_gen_566,Another dumb female trying to lecture men on gaming.,sexist,train
synthetic_gen_1122,Women are naturally unstable and shouldn't be in power.,sexist,train
sexism2022_english-14456,‘It’s part of her body’: Trans activist tells straight guys to start dating trans women [URL] via [USER] I'm sorry if it doesn't have a pussy it's not a woman!,sexist,train
sexism2022_english-5147,""" Getting women is like going to Walmart. I can shit on Walmart and still shop there faggot"" This had me literally laughing out loud.",sexist,train
sexism2022_english-3312,An insufferable NPCUNT. She ask for his name and she turn it into sexual harassment.,sexist,train
sexism2022_english-423,"‪REPORT:‬ ‪Sleepy Jeff Sessions refused to lock up Crooked Hillary Clinton but possessed the power all along. ‬ ‪The question is, why? 🤔🤔🤔 WATCH: [URL]",not sexist,train
sexism2022_english-7290,"The Mediterranean countries are fucking hellholes. I have heard from some expats that dating in Central Europe (France, Germany etc.) is easier and that women do approach men. Here they never approach, even chad need work hard to get pussy",sexist,train
synthetic_gen_360,"Go back to the bottom of the ladder, that's where you belong.",sexist,train
sexism2022_english-2853,thanks for handling the typing chores on this for me. ;-) besides I would have said fuck a fuck ton more times,not sexist,train
sexism2022_english-11220,"Hey, that's my shit too. The mother fucker is a demon for releasing supercuts",not sexist,train
sexism2022_english-15209,okay the mom shit is almost done. one more laundry load to start then we will share the holofaux lies or the facebook cabal. remember to make protonmail accounts with @ names. im going to start screenshoting names in case gab gets shoah'd.,not sexist,train
sexism2022_english-18506,"You want some intense red pills? Go to the grocery store on a Saturday and pay attention to the couples, married or otherwise.",not sexist,train
sexism2022_english-17712,"If you zoom in on her face, you can see how the first hides all the freckles Nice tits too",sexist,train
sexism2022_english-963,"yeah, also I have no statistical data but from anecdotical evidence obese girls seem to be into men who are even more high T and muscular than average girls, depite having a much lower smv themselves",sexist,train
synthetic_gen_792,"Typical female, always complaining about equal rights.",sexist,train
sexism2022_english-5847,[USER] It looks like she could be on the verge of an aneurysm or an orgasm or a blotch... or all three at once,not sexist,train
sexism2022_english-1639,"""The movement has a real problem with women."" [USER] They just hate we have all of the good-looking Women. 2nd Law in action.",not sexist,train
sexism2022_english-6395,U got a dirty mouth for a Christian. Christ would be shocked.,not sexist,train
sexism2022_english-13580,"Opsec wasn’t an idiot & Side is not an idiot & what you saying here: “I got no soild evidence just the shit my sewing circle comes up with, heh.” - Judge Dread #RetardAlert",not sexist,train
synthetic_gen_167,"Go back to the laundry room, that's where you belong.",sexist,train
sexism2022_english-13321,"And if you go on to have a very happy life together after that, who cares? But you won't, because every single one of her previous partners was better than you.",not sexist,train
sexism2022_english-2787,dog pill girl seems also pretty normal.,not sexist,train
sexism2022_english-1447,"#astrology That's all for now. Starting Tuesday, the 14th, through Sunday the 19th, watch for the mass shooting(s)/stabbing(s), car/truck ramming or terror attack. It'll be Democrat/liberal and/or Muslim again.",not sexist,train
sexism2022_english-3814,I know right? Maybe she likes his strength but his long ass nails are hurting her when he fingers her.,not sexist,train
synthetic_gen_547,"You can't trust a woman who rejects a nice guy, they are all the same.",sexist,train
synthetic_gen_84,The only reason she got that job is because of diversity quotas.,sexist,train
synthetic_gen_539,Why do women think they deserve respect when they can't even be honest?,sexist,train
sexism2022_english-10440,And I'm the idiot ? Lmfao,not sexist,train
synthetic_gen_676,"You can't trust a woman who rejects a nice guy, they are all the same.",sexist,train
synthetic_gen_35,Another dumb female trying to lecture men on sports.,sexist,train
synthetic_gen_303,The only reason she got that job is because of her looks.,sexist,train
sexism2022_english-17855,"Grammar is SO important! Don't you just hate it when people mix up ""Their"" and ""They're""? 😁 There so dumb!",not sexist,train
sexism2022_english-14951,"Fuck off. Your civil rights are to follow the secular laws, accept freedom of speech (including blasphemy), and embrace freedom of religion (including apostacy).",not sexist,train
synthetic_gen_1029,"Typical female, always complaining about sports.",sexist,train
synthetic_gen_445,The only reason she got that job is because of nepotism.,sexist,train
synthetic_gen_830,Men are better at logic because women are too emotional.,sexist,train
sexism2022_english-3342,high iq. i got called out on this once for my female gtav character.,not sexist,train
sexism2022_english-8702,Much of the discourse about men is from women femsplaining what men are like. The idea of asking and listen to men never occurred to them.,sexist,train
sexism2022_english-11342,wtf is a semi virgin?,not sexist,train
sexism2022_english-15574,Yup. As a black male I agree. Lol I used to get bullied in the barber shop when I was like 10 . Made me a man really quick. One of the barbers used to call me a skinny faggot and would kick me in the leg .,not sexist,train
synthetic_gen_453,Women are naturally weak and shouldn't be in leadership.,sexist,train
sexism2022_english-17019,Idk cause women are fucking stupid.,sexist,train
synthetic_gen_293,Another dumb female trying to lecture men on sports.,sexist,train
synthetic_gen_424,"I'm not being mean, it's just biology that women can't drive.",sexist,train
synthetic_gen_1184,"I'm not being mean, it's just biology that women can't drive.",sexist,train
sexism2022_english-552,"Ignore her completely. When she tries to hurt you or insult you either agree and amplify or tease her lightly, but under no circumstances give her any validation. Sit back and watch her lose her shit.",not sexist,train
sexism2022_english-3648,"Two ladies knitting baby clothes. One says to the other what you expecting a boy or a girl? I hope it's a cripple was the reply, I've made a right fuck up of this sleeve.",not sexist,train
sexism2022_english-5090,"Not at women, no.",not sexist,train
sexism2022_english-8977,"Millennial men may not be having much sex, but I see no evedence the women are slowing down.",sexist,train
synthetic_gen_515,"I'm not being mean, it's just biology that women can't drive.",sexist,train
sexism2022_english-18941,"My old mentor, Eddie the Plumber used to say, ""Slap a dick in her mouth! That'll shut her up!!"".",not sexist,train
sexism2022_english-6189,turns out that [USER] making fun of a dead fat commie slut will be the internet equivalent of the assassination of Franz Ferdinand in 1914,sexist,train
sexism2022_english-10558,"as if a virgin woman can't figure out within the first 5 seconds of sex how to lay there and take it and moan a little bit, all they need to do for good sex",sexist,train
synthetic_gen_128,"I'm not being mean, it's just biology that women can't drive.",sexist,train
sexism2022_english-16277,"To be clear, is Joy Behar equating Americans, with whom she might disagree politically, peacefully visiting the White House; with foreign agents violently destroying public property? What an idiot.",not sexist,train
sexism2022_english-2164,I’m living right across the border from ya! But what I think you should do is not actively seek women. Just go to place and do things with no expectation of women,not sexist,train
sexism2022_english-5082,"My, my, my but Hillary is busy looking churchy tweets and Unicef-y going lately. Got her gal-pal Katy Perry to come with on that one too. I got just one word to say about it that sums it all up for most of us: Haiti",not sexist,train
sexism2022_english-6488,Did you see that post she made about supporting gun control? I died a little inside.,not sexist,train
sexism2022_english-13495,"i actually just posted about her earlier, women who are resourceful can whip a mans ass, or 70,000 romans",not sexist,train
sexism2022_english-3954,"Men hate women and hate us even more when we step out of the matrix and realize we can live life without them. We see their game, their brainwashing, and grooming and that makes them incredibly angry. Fucking this.",not sexist,train
synthetic_gen_142,Why do women think they deserve respect when they can't even be honest?,sexist,train
sexism2022_english-3209,I agree. I should have mentioned there were special rules. Men could only spike from back court and only soft block.,not sexist,train
synthetic_gen_1099,Why do women think they deserve respect when they can't even be honest?,sexist,train
synthetic_gen_69,The only reason she got that job is because of nepotism.,sexist,train
synthetic_gen_368,"You can't trust a woman who rejects a nice guy, they are all the same.",sexist,train
synthetic_gen_1034,"You can't trust a woman who rejects a nice guy, they are all the same.",sexist,train
sexism2022_english-2081,I vaguely recall a story where a drunk woman left a bar and drunk drove herself into an accident. They tried to make the bar liable.,not sexist,train
sexism2022_english-12910,She is stringing him along - he is her back-up plan. It's what women do.,sexist,train
sexism2022_english-8895,I call it ugly women attacking good-looking white women. It's all about envy and bagging yourself a Chad.,sexist,train
sexism2022_english-8176,Amarosa Managault Newman being warned to lawyer up and not use her name! That would be impossible for the limelight whore and slanderer! I truly hope she pays massively. [URL],sexist,train
synthetic_gen_637,Why do women think they deserve respect when they can't even be honest?,sexist,train
sexism2022_english-19543,I’m starting to realize how delusional this sub is. That girl is at least average,sexist,train
sexism2022_english-12852,"Before civilization, women needed tall strong men to survive. This sexual selection is so ingrained that it still persists to this day.",sexist,train
sexism2022_english-5492,"I love it! AHAHA I've been waiting for this to get a few more episodes in. This bitch is asking for it With the leve strength that he has, he would kill her if he goes full strength.",sexist,train
sexism2022_english-8476,Yet women in the developing world seemingly have the balls to go into STEM in vastly higher numbers than the daughters of first world feminism. Very strange....,sexist,train
sexism2022_english-19271,"""girls like me really appreciate love-letters and songs, anon. I think it's really sweet of you. How else would I reinforce my false sense of genetic superiority if it wasn't for simps??? """,not sexist,train
sexism2022_english-1996,cope. even at age 50 his life will be infinitely better than an incel's or even a normie's life will ever be.,not sexist,train
sexism2022_english-10275,This is why women need to get out of business. They are dumb!!!!!!!!!!!!!!!!,sexist,train
synthetic_gen_538,Why do women think they deserve respect when they can't even be honest?,sexist,train
synthetic_gen_43,"You can't trust a woman who works in STEM, they are all the same.",sexist,train
sexism2022_english-1656,What colour is this stupid woman.she must be a democrat.,not sexist,train
synthetic_gen_625,Women are naturally inferior and shouldn't be in management.,sexist,train
sexism2022_english-15424,or.... you could just not be a puss and rub her clit,sexist,train
synthetic_gen_318,Men are better at logic because women are too emotional.,sexist,train
sexism2022_english-14878,"Sarsour: 'Kill all White people! Enslave all females! Rape all of the little White girls, then kill them!' Democrats: 'Awesome! This is our new darling!'",not sexist,train
sexism2022_english-9359,Then you... Are part... Of the issue......... Don't just blame the dumbass simps. Blame the fucking women who get away with it.,sexist,train
sexism2022_english-10997,Didn't killed that delusional woman get killed by Vader because she became clingy?,not sexist,train
sexism2022_english-12097,“Waaa girls hate me for my looks no i would not fuck an asian girl asians are gross”,sexist,train
sexism2022_english-11855,"Women constantly overvalue their 10% contributions and undervalue men’s 90% contribution. Men are forced to value their own efforts themselves and are now asking, what do we need women for?",sexist,train
sexism2022_english-10813,No female wants this. They may say/think they do but they just want this guy to pay the bills while they fuck someone “exciting” which would be a the exact opposite of this person,sexist,train
sexism2022_english-16886,[USER] They show the interview. It's fucking classic. He's destroyed.,not sexist,train
synthetic_gen_208,"I'm not being mean, it's just biology that women can't drive.",sexist,train
sexism2022_english-19341,"hotter girls have higher bitch shields and shit test more, its called the hot-shit paradox lol",sexist,train
sexism2022_english-7010,That’s how you get the power back . Now she knows she ain’t shit lmao 😂. You got her in your palm now bro . Hit her up when you’re ready to get plowing .,sexist,train
synthetic_gen_869,"Typical female, always complaining about equal rights.",sexist,train
sexism2022_english-141,"yes maam , I will just sit here in the corner with my Zima and my pet rock",not sexist,train
sexism2022_english-11293,"How many inventions have these ""kings and queens"" invent? HUMMMM obongo is a cunt",sexist,train
synthetic_gen_1054,Women are naturally irrational and shouldn't be in power.,sexist,train
sexism2022_english-8441,"No, she is the leader of the One world government plot that intends to destroy Western Civilization via Islam!",not sexist,train
sexism2022_english-11688,Making games is a better cope. If you like games try making one. Educating yourself on things and trying to create is an underrated cope.,not sexist,train
sexism2022_english-14907,"They really are, and it's tainting the reputation of white women in general.",not sexist,train
synthetic_gen_994,The only reason she got that job is because of diversity quotas.,sexist,train
sexism2022_english-13981,"Feinstein, croak you old hag",sexist,train
sexism2022_english-1525,Lefty dad offers daughter $100 to knock MAGA hat off a guy who’s sitting minding his own business. Leftists...keeping it classy. [URL],not sexist,train
sexism2022_english-12418,"I have had my current dog for over 12 years, not once has she fucked anything of mine up, hell she is very respectful of everyones stuff. Ahh if only women could be even 1/1000 like my dog.",sexist,train
synthetic_gen_653,Men are better at logic because women are too emotional.,sexist,train
sexism2022_english-14642,"fuck them, it's your life. do it. if it ever comes up after the fact, just say you thought she wanted to talk about how to get back together, and things just got physical.",not sexist,train
synthetic_gen_967,"Go back to the laundry room, that's where you belong.",sexist,train
sexism2022_english-14819,It would satisfy a lot of us to know she's going to be sentenced here AND beyond.,not sexist,train
sexism2022_english-6533,"Good point. No man has ever gestated a baby after hormone treatment. No woman has ever been able to inseminate following hormone treatment. Fundamental biology NOT CHANGED by hormones. And artificial IS, and always will be ARTIFICIAL.",not sexist,train
sexism2022_english-12604,"Thats kind of how I feel. But like I said earlier, what would be a good re-approach to reask about a coffee date as friends? From the get go, this girl was never a ""I wanna sleep with her"" more of a ""I need to know this women"" lol",not sexist,train
sexism2022_english-5938,Is she dead?,not sexist,train
sexism2022_english-1404,why are all steal companies going away? why we buy Chinese steel?? that's inferior ?? WTF that's BULLSHIT just stupid democrats libtards!!!!!!!! fucking democrats suck!!!😠😠😠😠😠😠,not sexist,train
sexism2022_english-2707,Lost fellowship with everyone around me too people hate when you love something they hate or don't understand My family loves me but they don't care for me,not sexist,train
sexism2022_english-17949,Question...a man MURDERS a woman and is found NOT GUILTY in his murder trial. Two years later he is tried for murdering a second woman and found GUILTY for her murder which he DID NOT commit. Was justice served?,not sexist,train
sexism2022_english-19507,"Gee Rand. It sort of pales in comparison to a leftist SHOOTING at you, or another leftist bushwhacking you while you mowed the lawn. But I believe you and your wife. #TheBlueCoup is real! Murderous, Vile Scum! #QAnon #Q [URL]",not sexist,train
synthetic_gen_977,Another dumb female trying to lecture men on sports.,sexist,train
sexism2022_english-10240,Why do people go to the Middle East? Morons [URL],not sexist,train
synthetic_gen_473,"I'm not being mean, it's just biology that women can't drive.",sexist,train
synthetic_gen_80,"You can't trust a woman who wants a promotion, they are all the same.",sexist,train
sexism2022_english-6305,"I'm not Melania. Thank god too, because she's a whore.",sexist,train
sexism2022_english-10800,Anger can only be bottled in for so long before a repressed people overthrow their tyrannical government. [URL],not sexist,train
sexism2022_english-152,"I will never ask anyone out. They will have to do so, and I will deny any ugly degenerate whore so hard, to destroy her confidence utterly.",sexist,train
sexism2022_english-13882,I could always tell from his comics involving women that he's a cuck,not sexist,train
sexism2022_english-18297,"Why not do it in person at work? Even if she's shy, it'd be the most natural thing to do since that's how she knows you. If she's shy like does not ever want to talk shy, then texting would be a good choice",not sexist,train
sexism2022_english-5160,I bet that Muslim shit under her eye says rape me I desire it Sad thing is even a Muslim goat fucker won't touch that dike I bet she is a psychologists lol DR my ass,sexist,train
sexism2022_english-14717,The vote should happen this week. We will see what other shenanigans the dems come up with though.,not sexist,train
sexism2022_english-13544,This woman knows a lot about free dick!,sexist,train
sexism2022_english-12157,"You're pretty funny for a #Snowflake - but I'll ask you now goat - is your mommies basement ""finished"" or do you need your blankie in the winter? #StayInSchool and #SayNoToDrugs and #MAGA baby! <-- That outta #Trigger this kid!",not sexist,train
synthetic_gen_260,"Go back to the kitchen, that's where you belong.",sexist,train
synthetic_gen_807,"I'm not being mean, it's just biology that women can't drive.",sexist,train
sexism2022_english-18713,The only difficultly is deciding which is more of a train-wreck: -what this woman does or -what this woman says.,sexist,train
sexism2022_english-8817,"Idk man, maybe you leave her speechless. Keep at it and see what happens, could be something happening and she just forgets to reply",not sexist,train
sexism2022_english-9821,Millennials are fucked up because they were raised in daycares instead of being raised at home with their mothers.,sexist,train
sexism2022_english-5359,And what did this bitch get? Did she get sue? Any punishment? They don't even mentioned it.,sexist,train
sexism2022_english-16695,"When she was trying to bully, everybody was laughing but when he retailated suddenly shock and gasps and of course the simp teacher holds him back even if she's the one going for more.",sexist,train
synthetic_gen_787,Another dumb female trying to lecture men on sports.,sexist,train
sexism2022_english-18923,Stun guns from the sky! Now the cops will be able to shoot you from the comfort of their office chair. [URL],not sexist,train
sexism2022_english-11520,"I like to write these the same day I finish them, but unfortunately that meant writing late at night at the end of a week where I went from zero to 15,000 words written, edited and shipped.",not sexist,train
sexism2022_english-14335,"This poor mother is in a strangle-hold struggle with CPS over her 4 children, when the doctor's mistake is blamed on her! [URL]",not sexist,train
sexism2022_english-2102,"""Well mannered, Well intentioned"" Me: /looks over to a truckload of posts from Incels saying that they want to hit, rape, abuse, kill women/ LIE TO MY FACE AGAIN",not sexist,train
sexism2022_english-1113,"If some chick can get up on a ladder and shoot paint balloons out of her vagina, and have it called performance art, then what weev does is more than qualified.",not sexist,train
sexism2022_english-8248,"Just block her, the dating pool is ruled by men if you enforce your standards",sexist,train
sexism2022_english-14199,"Fat women go slop mode, and slop their mouths all over high-tier normies. Fact.",sexist,train
sexism2022_english-4197,There already were. The sub was overrun by posts saying they were sick of incels posting and it was turning into an incel sub,not sexist,train
synthetic_gen_1228,Men are better at logic because women are too emotional.,sexist,train
synthetic_gen_923,Men are better at logic because women are too emotional.,sexist,train
sexism2022_english-18541,"Feelings, nothing more than feelings, feelings of hate...",not sexist,train
sexism2022_english-14844,"Yeah it's funny how it was perfectly fine when it was just us boys getting mutilated. Now that it's girls too, it's the most horrible crime in the world.",sexist,train
sexism2022_english-14662,"""Ideals Fads are for weak"" <-- this is potent truth, sister well said!",not sexist,train
sexism2022_english-12856,[USER] Immigrant sexually assaulted / beat several women. NO JAIL !!! [URL],not sexist,train
sexism2022_english-10043,If a male and a female go out on their own that is a date.,not sexist,train
sexism2022_english-10235,"Mr. Hitler was so sweet i wish i would have been born in Germany when He was President. I know not EVERYTHING He did was great, He did kill a lot of White American Christian soldiers but only becuz the scheming jews tricked them😑",not sexist,train
synthetic_gen_540,"You can't trust a woman who rejects a nice guy, they are all the same.",sexist,train
sexism2022_english-4430,The fuck is wrong with you. The girl should be able to dress however she wants. These Muslim fucks giving her looks are the whores,sexist,train
synthetic_gen_565,Women are naturally manipulative and shouldn't be in leadership.,sexist,train
sexism2022_english-18545,Men can be whores also.,sexist,train
synthetic_gen_290,"You can't trust a woman who wants a promotion, they are all the same.",sexist,train
sexism2022_english-16861,"Do you see a rule that says that we cannot talk about religion in this sub? Nope, so you can't do anything about it. MGTOW remember or are you a busy body woman?",not sexist,train
synthetic_gen_537,She's just another slut looking for attention online.,sexist,train
sexism2022_english-17539,Harvey Weinstein rape accuser Rose McGowan says 'Hollywood operates like a cult' as she appears at Hay Festival [URL],not sexist,train
sexism2022_english-18404,"Nah, this murderous bitch is gonna bring down the democratic party because of her severe case of ass pain. Keep talking sea hag.",sexist,train
sexism2022_english-15000,"Kathy Griffin Uses Trump Insults to Get Attention Again Loser Kathy Griffin trying to make headlines again, they should prosecute her! [URL]",not sexist,train
sexism2022_english-13149,"This is like the Metallica video where the poor mutilated bastard was saying ""Please kill me"" over and over again, only with emojis instead of Morse code.",not sexist,train
sexism2022_english-10765,A girl can dream.,not sexist,train
synthetic_gen_1119,Another dumb female trying to lecture men on equal rights.,sexist,train
sexism2022_english-12477,"1; name checks out. 2; don't generalize, I'm A and I don't 'just say ""well I quit"" to society'; I'm raising two daughters - full custody from age 12/14 3; you seem to be MRA - wrong sub. Thank you for your service, we need cannon fodders.",not sexist,train
sexism2022_english-17370,[URL] ooh she is anti Nazi pug then and a liar,not sexist,train
synthetic_gen_455,Another dumb female trying to lecture men on their careers.,sexist,train
sexism2022_english-5600,"A VERY truthfull piece by Piers Morgan! [URL] Markel is a disgusting, fake, vain wanna-be gobalist! Who has left her own father to ROT!! She IS a United Nations whore!",sexist,train
sexism2022_english-10929,Part of the reason low income women have so many kids they can't support is because they get more in benefits depending on how many kids they have. The single motherhood rate before the great society programs was a fraction of what it is today.,sexist,train
synthetic_gen_723,Another dumb female trying to lecture men on sports.,sexist,train
synthetic_gen_619,Another dumb female trying to lecture men on their careers.,sexist,train
synthetic_gen_411,Another dumb female trying to lecture men on their careers.,sexist,train
sexism2022_english-354,"This so called senator needs a lesson in humility and fairness. Don't these people swear an oath? , must have forgotten that once she got on the gravy train. Looks like a poster child for term limits.",not sexist,train
sexism2022_english-17137,"Ask her to hang out, one on one.",not sexist,train
sexism2022_english-2703,"She knows she's not good enough for more of your time and is blaming you for it. Ditch her asap, she'll only get more clingy and mood swingy.",sexist,train
sexism2022_english-13466,"Situations are only awkward if you make them that way. Just act normal around her and everything will be fine. Every man struggles through oneitis at some point, op, you can beat it.",not sexist,train
sexism2022_english-5726,"Nazi is lecturing me about offensive and crass. How rich. oh boohoo, snowflake. Go cry to your mom and find a safe space among the storm fags.",not sexist,train
sexism2022_english-17930,I never would have heard of the Soros plot and cared to put this stupid puzzle together,not sexist,train
sexism2022_english-14163,I hope Crowder puts the final nail her nigger lovin coffin,sexist,train
synthetic_gen_554,Men are better at logic because women are too emotional.,sexist,train
sexism2022_english-7696,This FUCKING cunt! And she has the gall to let the name of the most holy be polluted by her venomous lips... I hope she burns in hell. disgusting! [URL],sexist,train
synthetic_gen_451,She's just another femnazi looking for attention online.,sexist,train
sexism2022_english-4799,"I really don't believe that's a narcissistic trait alone. Believe ""some men"" do not like being questioned or corrected especially by females.",not sexist,train
sexism2022_english-16595,"that would certainly be a very convenient assumption, but I don’t like any of the “Chad” examples posted on this sub except for this one (and I suspect because this one’s a bit more demure/less masculine. ie, his eyelashes)",not sexist,train
synthetic_gen_494,"You can't trust a woman who rejects a nice guy, they are all the same.",sexist,train
sexism2022_english-15332,I suppose egalitarian would be a better label for me. I want women and men to be equal. I don't consider myself to be better than any of you just because I happen to be female.,not sexist,train
synthetic_gen_1038,She's just another gold-digger looking for attention online.,sexist,train
synthetic_gen_808,She's just another bitch looking for attention online.,sexist,train
sexism2022_english-18722,Find a girl with common beliefs. I have. They all just consider me just a friend.,not sexist,train
sexism2022_english-15613,"Dude, i highly doubt i was better looking than you were at 15-20. i was a small acne ridden phaggot and still made out with girls. Whats you excuse ?",not sexist,train
sexism2022_english-11484,"I mean my mother hasn't cucked my dad yet....... My belief is that sheltered girls aren't that cruel. However, social media whores are the problem. If you are sub8 tho...... it's over both ways.",sexist,train
sexism2022_english-18755,"Engineering chicks are the sluttiest, other stem chicks not so much.They also believe in that women engineers empowerment and diversity bullshit and use that as a excuse to be a slut.",sexist,train
synthetic_gen_672,Another dumb female trying to lecture men on sports.,sexist,train
sexism2022_english-15534,"5 colored women breaking golf course rules in Pennsylvania, owner of course calls cops, Irish Roman #Catholic politicians upset with course owner for calling cops! What is it with Roman Catholic politicians?",not sexist,train
sexism2022_english-1237,It's probably so they don't rape women.. worse than animals,not sexist,train
sexism2022_english-2874,Not until they get rid of that dead glassy stare. Too much like real women.,sexist,train
sexism2022_english-8190,Michael watching [USER]‍ burn in hell.,not sexist,train
sexism2022_english-11664,That’s beta. It shows you are desperate to confirm their number as you have few options. You drop a few points with women doing that. A guy with options doesn’t give a shit if the number is real or not as he has several other numbers that are real,not sexist,train
sexism2022_english-10828,Did you send her dick pics? Dick dox,not sexist,train
sexism2022_english-18855,It’s not anywhere near over..they are getting this skank comfortable and later I bet tomorrow they will kick her a few new holes in her ass!,sexist,train
sexism2022_english-5467,"Incels would love to be committed to any woman, so just fucking lol at using the argument that men don't want to commit. Only the top20% men don't want to commit because they just want to use you as a cheap cum dumpster.",sexist,train
sexism2022_english-1369,"mate, i dont think 'onetisis got knocked the fuck out', I think you whined like a little bitch to some girl you've been obsessed with and then ran the fuck away like a pussbag",sexist,train
synthetic_gen_46,She's just another gold-digger looking for attention online.,sexist,train
synthetic_gen_929,Why do women think they deserve respect when they can't even be honest?,sexist,train
sexism2022_english-5433,"shower. Fucking plebe. Pretty much that whole sub. ""Shower. You know you can't pause WOW in the middle of raid, right n00b? God females suck at logic, I'm Going My Own Way! God, I can't wait to tell everyone all the time for the next 50 years.""",sexist,train
sexism2022_english-17175,"Missouri Governor's wife robbed at gunpoint in St. Louis by ""teens"", ""males"", ""suspects"".... [URL]",not sexist,train
sexism2022_english-18172,Good point. 2016 Trump put the lying bastards on notice. [URL],not sexist,train
sexism2022_english-7104,I think she has her priorities straight? Let's definitely ignore the murderous black man filled with hatred of whites and focus on a mean flyer. Seems totally legit! (seen on Voat) [URL],not sexist,train
sexism2022_english-16937,"This child rapist should be promoted then. Seems like no one believes she did anything wrong. The only reason women get away with crimes like this is because of the way men treat women,",sexist,train
sexism2022_english-8867,Luther ate his own shit.. Really. On a more serious note. Corbyn is now thought to have been working for the Russians during The Cold War..,not sexist,train
sexism2022_english-19118,"But ""he"" looks very much was born in a female body and did nothing to change that. I think if ""he"" is attractive enough of a female, she would definitely want to have sex with him.",not sexist,train
synthetic_gen_803,Men are better at logic because women are too emotional.,sexist,train
sexism2022_english-16059,"Anyone have anymore info on this? This is sick, crazy, illegal shit right here. The senator that was killed along with her husband from NC? spoke of this. #GabFam #pizzagate [URL]",not sexist,train
sexism2022_english-8434,Wonder who she fucked to get that,sexist,train
sexism2022_english-10794,the Bernie Bitch who got arrested for leaking secret docs [URL],sexist,train
sexism2022_english-13005,"Futas don't exist, and traps have same requirements as regular femoids.",sexist,train
sexism2022_english-4975,[USER] too bad little puppet Loretta lynch will do everything she can to put a stop to it.,not sexist,train
sexism2022_english-16233,"Just text one of them saying- ""I'm doing X at Y time, you should join me. :)""",not sexist,train
sexism2022_english-18413,"Oh shut the fuck up you little cuckold. Also Verne was fucking rich and if you look it up, he treated his girlfriend like ABSOLUTE TRASH.",not sexist,train
sexism2022_english-14803,[USER] I suck at all that junk. I'm so bad at internet stuff.,not sexist,train
sexism2022_english-15765,"According to Twatter, it's world hijab day.When did this become a ""thing""?",not sexist,train
sexism2022_english-13546,Mental health 'hospitals' are prisons where they force drugs on you. The therapists and psychiatrists are just stupid foids and cucks giving bluepilled advice. If you show any emotion in mental hospitals they put you in isolation.,sexist,train
sexism2022_english-18625,"Reminder that she votes for the party that enslaved blacks, lynched blacks, segregated blacks, and aborts blacks.",not sexist,train
sexism2022_english-2377,Status symbol among their peers. Many women only have one hobby. Displaying a higher status then their female 'friends'. So the alpha chick has photos with a tiny dog? I need photos with a tiny dog.,sexist,train
sexism2022_english-6197,So are you saying women who are competitive in nature are trans-male?,not sexist,train
sexism2022_english-8710,"That hag. I kid you not is worth $250,000. [URL]",sexist,train
sexism2022_english-18040,I guess this guy doesn't realize that she is using a rape allegation to cover for her cheating on him. Is this guy stupid or what. Now chad coming over for round 2 with the girlfriend. Nah..let him learn the hard way. Lessons usually stick that way.,sexist,train
sexism2022_english-3155,4-year-old girl came home from daycare with 2 capsules of crack cocaine [URL] [URL],not sexist,train
sexism2022_english-13033,My wife is a slut. But I don't mind.,sexist,train
synthetic_gen_1236,The only reason she got that job is because of nepotism.,sexist,train
sexism2022_english-17732,"Is this the scarcity mindset. Your heart is wrapped up over a girl you're not even dating, so yes, that's a scarcity mindset. If you want to date her, quit pussyfooting around and ask her out. Otherwise, move on with your life and meet other girls.",sexist,train
synthetic_gen_179,"I'm not being mean, it's just biology that women can't drive.",sexist,train
sexism2022_english-18895,"This is just dilusional, , Jewish genes carry turrets syndrome, fat , hairy , women, eeehh, not so Much",not sexist,train
sexism2022_english-15635,"Awesome, did you guys study the origin of the aryans?",not sexist,train
sexism2022_english-17466,True.. men tend to bond much quicker and better than women.,sexist,train
sexism2022_english-15639,"The numbers are really close to that if you throw out black rapes, and really they are the exception, not the rule. Very few white men rape adult women. Child rape is rarely if ever reported.",not sexist,train
sexism2022_english-18054,BHAHAHAHAHAAHAHAHAHAHA I KNOW SO MANY 21 year old girls and they're just as dumb as teenagers.,sexist,train
sexism2022_english-12332,[USER] Lol Stop being her bitch. She lost get over it!,sexist,train
sexism2022_english-5914,Also a man making a joke about a rape is unfanny to them. But a real rape a woman commited agains a man is a joke. 2+2=Vagina,sexist,train
sexism2022_english-12672,"I think he called her a bad bitch or something, I may be wrong.",not sexist,train
sexism2022_english-16763,[USER] I just want to know who let her around booze after her antics on election night,not sexist,train
sexism2022_english-6360,the left's 14 words: we must secure the existence of virtue signaling & a future for our wife's children :),not sexist,train
sexism2022_english-3601,"Circle the words ""queer,"" ""feminine,"" ""female,"" and ""homosexual"" and then connect them with a line, then send him back to school with it tomorrow. I guarantee it will be awesome.",not sexist,train
sexism2022_english-3382,[USER] sending her last intel report back to saud,not sexist,train
sexism2022_english-3217,[USER] Same. We live in a world where many women would feel better about themselves if you called them a hoe. #ThanksFeminism,sexist,train
synthetic_gen_110,"Go back to the bottom of the ladder, that's where you belong.",sexist,train
sexism2022_english-18637,Women can’t rape men. Only men can rape women.,sexist,train
sexism2022_english-7062,"Yes, she was a good teacher. I would challenge her and the students when they said something I didn’t agree with. I think she respected me for doing it. We actually became friends after the semester ended.",not sexist,train
sexism2022_english-14933,Well if he’s a “pimp” then I guess all you lady’s know what that makes you...,sexist,train
sexism2022_english-11343,"I look at the bright meaning of the picture, Trump replaced most powerful whore on the planet, now he took her place and He in charge",sexist,train
synthetic_gen_798,"I'm not being mean, it's just biology that women can't drive.",sexist,train
sexism2022_english-13269,I basically have. As much as a woman could be politically aware IDK. But she understands (((WHO))) is doing the degeneracy-pushing.,sexist,train
sexism2022_english-3935,"Even if she likes you, she's just using you for something. We all are.",not sexist,train
sexism2022_english-11852,"It's not, why would you think that? Do I sound retarded?",not sexist,train
synthetic_gen_1181,"You can't trust a woman who works in STEM, they are all the same.",sexist,train
sexism2022_english-15406,He said not wearing a hijab would turn women into whores': SECOND headteacher claims there's a 'Trojan Horse-style plot' at Oldham school with Muslim governors [URL],not sexist,train
synthetic_gen_457,Another dumb female trying to lecture men on sports.,sexist,train
sexism2022_english-18958,Lower your standards sweaty. And stop fat shaming. If you can’t lift your 220lb girlfriend then you’re just lacking.,not sexist,train
sexism2022_english-18050,If you actually take your own life you have massive balls. I had an older friend do this and I have mucho respect for taking charge of the situation.,not sexist,train
sexism2022_english-1965,[USER] ...or bring your sister.,not sexist,train
sexism2022_english-15070,The term “asshole” always seems to indicate he treats the girl badly. Femoids want an “asshole” who treats everyone else badly except them so they can feel like a special princess. Even worse really,sexist,train
sexism2022_english-5710,I know of at least 4 women near me that are murderers. Its called abortion.,sexist,train
sexism2022_english-19160,"I always thought prostitutes were real women, damn I didn't know they were just sex robots!",sexist,train
sexism2022_english-16290,All women benefit from the actions of violent men.,sexist,train
sexism2022_english-2745,"If they sent it to a female prison, the women would try to force him to service them, now that would be funny.",not sexist,train
sexism2022_english-4806,Wow. How could that many Hapa guys be all gay? Not even one of them ever had a girlfriend before? I never realized there were that many gay Hapas.,not sexist,train
sexism2022_english-18736,"she's right faggots, man up or lay down and rot",not sexist,train
sexism2022_english-3441,It's our life force and they need it - we don't need them. That's the mantra I'm trying to brand onto my brain regarding my approach with women.,sexist,train
synthetic_gen_413,"You can't trust a woman who rejects a nice guy, they are all the same.",sexist,train
sexism2022_english-2671,Well put. I had the same feeling: her first husband was too beta and she ran all over him. She didn't even see him because he made himself a non entity. I wonder if he ever realized this.,not sexist,train
sexism2022_english-12141,You should make a version showing the effect if the mean Jewish IQ is 105 instead of 115. Might also be interesting to see what the effect is if Asians have a smaller SD than Whites.,not sexist,train
sexism2022_english-8546,"Pretty sure it would be intimidating having to deal with a stronger female competitor, plus sports with weight classes it would be relevant in general.",not sexist,train
synthetic_gen_801,Women are naturally inferior and shouldn't be in leadership.,sexist,train
sexism2022_english-4911,Well I have probably been on over 500 first dates. So I can talk to girls.... I'm just clueless on how to flirt in first meet interactions... And well impress them,not sexist,train
sexism2022_english-3820,"Cat Im sorry I barked at you but the cult stuff by your name is may be giving ppl the wrong impression. No man woman or child should ever be abused. Theyre trying to make this normal..I call it ""grooming of society"".",not sexist,train
sexism2022_english-12272,the holocaust is a lie,not sexist,train
synthetic_gen_766,Men are better at logic because women are too emotional.,sexist,train
sexism2022_english-12608,"Nice find, that's the epitome of the female condition. ""ToXiC mAsCuLiNiYy!!! Respec wAhMeN!"" *Fucks dude covered in tats who beats her*",sexist,train
sexism2022_english-18238,"a man wouldn't dare complain about a woman receiving preferential treatment, regardless of the circumstances. Hello. Have you ever visited www.Reddit.com?",not sexist,train
sexism2022_english-135,Nobody cares. Get the fuck out.,not sexist,train
sexism2022_english-14805,I'd wager that it means more likely that she WILL do it again. Dramatic people are just cheap con artists.,not sexist,train
sexism2022_english-8404,good heavens her soul looks ill,not sexist,train
synthetic_gen_819,"Go back to the kitchen, that's where you belong.",sexist,train
sexism2022_english-19795,"The jews are getting ready for the race war and importing more low lifers to fight us, remember we need to end this madness by eliminating the root cause... JEWS [USER]",not sexist,train
sexism2022_english-16599,It's okay to not have dinner with women not your wife. [URL],not sexist,train
sexism2022_english-18125,More than 120 women who say they were sexually abused by Larry Nassar are demanding the ouster of MSU's interim president. [URL],not sexist,train
sexism2022_english-18563,"The title made me shake my head at how degenerated these people are. But then actually seeing this ""doctor"" dressed up like a prostitute, wow, I'm too amused to be offended.",not sexist,train
sexism2022_english-15161,"Probably instantly, anglin has a no thots allowed policy.",sexist,train
sexism2022_english-6549,[URL] Proof that the meth head bitch who ripped her own eyes out in South Carolina is a coal burner. Now she's a blind whore with a cunt that stinks like nigger shit-stink and AIDS.,sexist,train
sexism2022_english-19536,"The ghost of Joseph Goebbels appears before Matt Heimbach... 'You call yourself a neo-Nazi? You make me sick! You were supposed to build a 4K video service, not fuck your mother in law!'",not sexist,train
sexism2022_english-1889,"I, by default, assume every male feminist is secretly an abuser and/or rapist until they can prove otherwise.",not sexist,train
sexism2022_english-14574,Women are children in grown ups' bodies,sexist,train
sexism2022_english-10925,Very smart. Incels keep saying all girls are feminist manipulative whores but they still dream of relationships with them.,sexist,train
sexism2022_english-14405,"Plus it's easy to be a slut. Tinder, be a woman. Bars, be a woman. All she has to do is say yes. A man? Be rich, good looking, successful, interesting. Top 1% of men can do this. And there's work involved.",sexist,train
sexism2022_english-11318,Release that shit,not sexist,train
sexism2022_english-14766,Didn't they publicly flog men who beat their wives up the 1950s in certain states? I'm pretty sure that the history of DV is full of lies and half-truths. Why wouldn't it when that's the way feminist narratives tend to be?,sexist,train
synthetic_gen_1147,Why do women think they deserve respect when they can't even be honest?,sexist,train
sexism2022_english-15468,Don't hit on any random girl. Start a conversation. If things go good and your both smiling and having a good time. ask them for there number/ social media. Or if they want to hang out or go for lunch sometime.,not sexist,train
synthetic_gen_1047,The only reason she got that job is because of diversity quotas.,sexist,train
sexism2022_english-19587,Guaranteed she chimped after being denied use of her expired coupon.,not sexist,train
sexism2022_english-18430,Winnie the Pooh gets all the honies!,not sexist,train
sexism2022_english-9601,TRUMP JUST DROPPED A BOMB ON THE NFL WITH ONE GENIUS MOVE THAT WILL SHAME EVERY ‘KNEELER’ [URL],not sexist,train
sexism2022_english-4541,Those things you listed are so petty as to be unimaginable to most men I do believe I agree. But to women they are an every day nuisance. Just like most women think men's complaints are a petty nuisance.,not sexist,train
sexism2022_english-1128,[Alinity wants to kill herself]([URL] I hope all you stupid fucks stop this shit. This is bullying.,not sexist,train
sexism2022_english-14645,Looks like the cunts over at Sony want to steal my music! [URL],sexist,train
sexism2022_english-13651,Who cares what she wants? Just fuck her and dodge questions later.,not sexist,train
sexism2022_english-12180,LMAOOOO her facial proportions are nearly perfect yet she’s only a 6???? wtf i hate moids :) they have a guy on the front page that’s equally attractive rated as an 8. that sub exists only to raise the beauty standards for women and lower men’s.,not sexist,train
sexism2022_english-9179,Can't wait to see if the Ms Marvel doll has her clit chopped off in true Muslim fashion. [URL],sexist,train
synthetic_gen_725,"Go back to the bottom of the ladder, that's where you belong.",sexist,train
synthetic_gen_1211,The only reason she got that job is because of nepotism.,sexist,train
sexism2022_english-5952,Why are you picking a fight with a woman you little kike? #whatsup #BLOODandsoil,not sexist,train
sexism2022_english-10496,"My buddy tried to juggle multiple girls while studying abroad in two countries, all while dating someone here. She eventually found out and dumped him. They all hated him after that (fucking RIP) there is potential to hurt feelings.",not sexist,train
synthetic_gen_1081,Women are naturally unstable and shouldn't be in management.,sexist,train
synthetic_gen_668,"I'm not being mean, it's just biology that women can't drive.",sexist,train
sexism2022_english-982,"Ironically, deep inside, women NEED men to be creepy. Because the complete opposite is just being indifferent to them. After all, if you're not creepy and don't pursue women, then they'll complain how invisible they are",sexist,train
sexism2022_english-10885,Bar owners can't handle competition. Look at this whiney bullshit. [URL],not sexist,train
synthetic_gen_574,"You can't trust a woman who wants a promotion, they are all the same.",sexist,train
sexism2022_english-5223,My instinct on Hunter is this guy is sketchy. All he does is blackpill anyone with a practical plan.,not sexist,train
sexism2022_english-19156,"imagine the levels of cognitive dissonance that a human would endure typing this out. luckily for the author, it appears that she is jewish",not sexist,train
sexism2022_english-11386,"The 'reward' of every Temple Mount rioter: 4,500 shekels a month Every 'Mourabitoun' and 'Murabitat' received a monthly salary of 4,500 shekels for harassing Jewish visitors on the Temple Mount. [URL]",not sexist,train
sexism2022_english-7296,"At what adorable size do baby girls develop their eggs for life, inside OWN ovaries, while still in womb? Babies still aborted at that size? [URL] #MAGA",not sexist,train
sexism2022_english-155,"sure can be... look at the Fortune 500 companies run by simps.. bowing to the feminazis, gyncocentrism,. Look at schools,, the courts. Same for the establishment deep-state.",not sexist,train
synthetic_gen_449,She's just another femnazi looking for attention online.,sexist,train
synthetic_gen_230,Women are naturally weak and shouldn't be in politics.,sexist,train
sexism2022_english-1391,"He should be arrested for Assault and based on his claim that he's raped women, he should be investigated. His bragging could be a confession.",not sexist,train
sexism2022_english-9681,"Really? Gross. There's also the opposite happening, with Eastern men moving to Western countries to find ""loose"" women. Usually not for marriage though",not sexist,train
sexism2022_english-12033,"Asshole, I am not a liberal. Do you even know how Gab works? All I have to do is MUTE you.",not sexist,train
sexism2022_english-16552,"Good job shaming OP for wanting to fuck his patients. Please do us all a favor and don't answer any more questions in your ""self-righteous"" tone. You're not helping and you're not adding to the conversation.",not sexist,train
sexism2022_english-18727,"This is what gives IT a bad reputation. I disagree with you, and explain the reason for my disagreement extensively, and you shoot back with “you’re a spineless piece of shit”. I’m sure you have a great personality.",not sexist,train
sexism2022_english-3066,in my experience if u bring her back 80% of the time itll end in sex even if u didnt mean to,not sexist,train
sexism2022_english-408,Well freddie mercury passed as white mainly bcs of his nose and jaw. Imagine him with a fat curry nose or long Arab nose,not sexist,train
sexism2022_english-6742,"The Netherlands is a true leader in ""progressive values"" . . . their ""healthcare"" includes killing your child, killing your grandmother, and killing yourself if you feel depressed. This is what happens when ""liberal values"" replace real ones: [URL]",not sexist,train
sexism2022_english-4891,What? The Faggoting?,not sexist,train
sexism2022_english-11249,Our PRESIDENT TRUMP has allowed Rosenstein to step on his own dick. Another one's biting the dust.,not sexist,train
sexism2022_english-8834,Jew york or DC hit by a cat 5? [URL],not sexist,train
sexism2022_english-3309,"From the people who stands for feminism, the rights of women and the prompt and strict punishment of sexual abusers.",not sexist,train
sexism2022_english-12059,Title says this is what poachers do. Im pretty sure poaching is already illegal. Woman logic is...bad.,sexist,train
sexism2022_english-1687,"He's got it backwards, we need STRONG men and GOOD women.",sexist,train
sexism2022_english-5771,[USER] This attack destroys Merkel. There is no way she isn't going to fiddle with the official narrative She is just like Obama with that shit,not sexist,train
synthetic_gen_758,Why do women think they deserve respect when they can't even be honest?,sexist,train
synthetic_gen_415,Men are better at logic because women are too emotional.,sexist,train
synthetic_gen_1239,She's just another femnazi looking for attention online.,sexist,train
synthetic_gen_776,"Typical female, always complaining about gaming.",sexist,train
sexism2022_english-9212,Sarah Condor-Fisher: ‏ Toxic Masculinity is a pathological destructive way of looking at the world fostered by women who have had damaged relationships w/men or men who don’t know who they R or R trying to shirk responsibility! - Prof.Peterson [URL],not sexist,train
sexism2022_english-7530,[URL] So she's a Whore - what a 😨 shock,sexist,train
synthetic_gen_543,"I'm not being mean, it's just biology that women can't drive.",sexist,train
sexism2022_english-373,"You're choosing to be a victim right now. You say that she ""did this to you"" but actually you allowed her to hurt you. Instead of being bitter at life, you could see this as an opportunity to grow into a wiser, better man. Are you capable of that?",not sexist,train
sexism2022_english-8071,Hahah! If you intentionally made her family hate you at Thanksgiving for this girl then you would be crazy one. You did good. She's obviously got issues..,not sexist,train
synthetic_gen_704,Why do women think they deserve respect when they can't even be honest?,sexist,train
synthetic_gen_544,The only reason she got that job is because of nepotism.,sexist,train
synthetic_gen_76,"Typical female, always complaining about sports.",sexist,train
sexism2022_english-15218,"What else would attack a 70-year-old woman with a machete other than a Negro? Okay, a Mexican. Or Muslim. [URL]",not sexist,train
sexism2022_english-6878,"It isnt very trad, but I base my label more on the numerous DUIs she's had which have resulted in the suspension of her driving privileges, as well as the fact that she is engaged to a 36 year old snitch of a man child.",not sexist,train
sexism2022_english-9140,Democrats should know by now that she's a money pit that renders no results except to her own pocket. #GabFam #MAGA,not sexist,train
synthetic_gen_207,She's just another bitch looking for attention online.,sexist,train
sexism2022_english-15029,Women are the procurers. The Moors Murders in the UK stand alone as the worst crimes ever committed on British soil in modern times. The woman lured the children. Their fate has gone down in history as the worst of all possible crimes.,sexist,train
sexism2022_english-10609,Watch how Jimmy Carr deals with hecklers. It's just a shit test.,not sexist,train
sexism2022_english-19849,"Yes. Especially these days, it takes a lot to make a man beat a woman. Dont buy into her bullshit. She probably deserve. At least hear the version of the guy. I would make an exception if it was a severe beating.",sexist,train
synthetic_gen_1225,"I'm not being mean, it's just biology that women can't drive.",sexist,train
synthetic_gen_442,She's just another femnazi looking for attention online.,sexist,train
synthetic_gen_1218,The only reason she got that job is because of her looks.,sexist,train
synthetic_gen_966,The only reason she got that job is because of nepotism.,sexist,train
sexism2022_english-10158,U mean shekels?,not sexist,train
synthetic_gen_203,Another dumb female trying to lecture men on sports.,sexist,train
synthetic_gen_743,She's just another femnazi looking for attention online.,sexist,train
synthetic_gen_713,"Go back to the kitchen, that's where you belong.",sexist,train
sexism2022_english-7316,Fox runs story on Debbie Wasserman-Schultz losing her cookies at FBI Director Comey with pic of Trump..Here's her best quote as DNC Chair,not sexist,train
synthetic_gen_58,Another dumb female trying to lecture men on their careers.,sexist,train
synthetic_gen_461,"Go back to the kitchen, that's where you belong.",sexist,train
sexism2022_english-3845,If you saw the whole thing her bf was crying because HE cheated on her.,not sexist,train
sexism2022_english-6802,"Multi-pipe whistles of Europe are widespread throughout #Lithuania, called skuduciai. In ancient times, females were known for playing them.",not sexist,train
sexism2022_english-18743,"Yeah this happens every time. She NEVER gives anyone else that stare except me. Idk what to make of it. Separate issue, but I’m still into her, but I keep bitching out from talking to her",sexist,train
sexism2022_english-19438,"You have much to learn, young Padawan: female deception knows no bound.",sexist,train
sexism2022_english-10384,That was my first thought! Dude staring blankly into space during long-winded corporate speech about how everybody's supposed to love the company and be super enthusiastic? His wife must have killed his soul. Only logical explanation.,sexist,train
sexism2022_english-11745,"Who cares? That's for Trad Con pussy sniffers. I, being me alone, couldn't care less how many people she fucks. Her sex life has nothing to do with me, other than leaving me alone.",sexist,train
synthetic_gen_294,"Go back to the kitchen, that's where you belong.",sexist,train
sexism2022_english-19059,And she was a socialist. That poem was for a contest and has zero bearing on immigration.,not sexist,train
sexism2022_english-6263,Russian collision is proved fake. 30 years ago a woman accused cavanaugh of so called raping her? Where is the proof?,sexist,train
sexism2022_english-2505,I'm not disputing that- especially shit about why Africa is as fucked as it is. I'm just trying to explain to this kid that it's not the average Joe white man keeping blacks down.,not sexist,train
sexism2022_english-1503,If you spend more than a minutes in MGTOW you’ll see it’s 90% complaint about women so Idk what you’re talking about,not sexist,train
sexism2022_english-12800,Women are the biggesy gaslighters and they’re only mad now that men learned from them.,sexist,train
synthetic_gen_371,Another dumb female trying to lecture men on sports.,sexist,train
sexism2022_english-15129,[USER] That's the funniest shit I've ever read. AND TOTALLY FUCKING TRUE!,not sexist,train
sexism2022_english-5095,"Even assuming that she did get raped, first thing first, denounce him. The other thing is, get help. It's not just only for her benefit, but for others around her.",not sexist,train
sexism2022_english-18019,"Same two tiered justice system that still allows Hildebeast, and her criminal cabal to walk free. Bring back law and order!!",not sexist,train
sexism2022_english-16417,I don't think she would be able to swing a .50 cal as well as a GLOCK or S&W,not sexist,train
synthetic_gen_137,Why do women think they deserve respect when they can't even be honest?,sexist,train
sexism2022_english-13274,"[USER], you can stop holding beta of the month contests, I've found the 2018 winner early",not sexist,train
sexism2022_english-5330,"Oh, well that makes it totally okay. Because everyone knows it is perfectly healthy to fantasize about beating your wife.",not sexist,train
sexism2022_english-11049,excellent phraseology--the children are leased from the local masonic home and she is getting tired of tucking. bronco lays in the yard because he is a turd,not sexist,train
sexism2022_english-12459,"If there's one thing this world needs, it's more thots taking bathroom selfies.",sexist,train
sexism2022_english-9680,"[URL] In the following clip, Bishop Robert Barron, discusses how today’s Jewish culture has made White men stupid and the average female a superhero.",not sexist,train
sexism2022_english-10687,I saw her from the corner of my eye she didn't see me yet but I could tell it was her. So I walked away. Fuck that I'm not unblocking her and if I ever see her again I will just ignore her if she says anything.,not sexist,train
synthetic_gen_1204,Women are naturally irrational and shouldn't be in tech.,sexist,train
sexism2022_english-109,wow i cocked up my spelling and now i feel like all those retarded middle aged women,sexist,train
sexism2022_english-9308,I like your outlook. This HB6 might hook you something better. How many times have you met up with a girl and find out that all of her friends are hotter.. work that shit!,not sexist,train
sexism2022_english-4593,"Kid, you’re as angry as any incel I’ve seen on here",not sexist,train
sexism2022_english-4322,Hang her up and set her on fire,sexist,train
sexism2022_english-1748,I'd like to have my tongue up her ass right now!! LOL,not sexist,train
sexism2022_english-2794,"""look at this vile scumbag, he saw ladies in peril and didn't lift a finger! he also is probably a padeophile and a rapist judging by his indifference! i bet he got aroused by it!"" take your pick. there is just no way to win this.",not sexist,train
sexism2022_english-17954,"all women despise ugly men, who would've thought",sexist,train
sexism2022_english-9472,yeah that's been a false statement since the beginning of w/e dumb person stated it.,not sexist,train
sexism2022_english-19315,But...but...the future is shemale...err...female..! Hillary said...,not sexist,train
sexism2022_english-16275,"So you are telling me when i get my dog, girls will love me?",not sexist,train
sexism2022_english-16089,"if she is so perfect why her husband presumably cheated on her? also, she don't understand that men need variety. how long can you go with just one vagina? ;p besides, hello: [URL]",sexist,train
synthetic_gen_518,Another dumb female trying to lecture men on their careers.,sexist,train
sexism2022_english-18971,If he was drunk she would be dead now.,not sexist,train
sexism2022_english-11707,Anyone who thought ford was credible or compelling needs thier goddam head examined,not sexist,train
synthetic_gen_393,Women are naturally irrational and shouldn't be in power.,sexist,train
synthetic_gen_467,Men are better at logic because women are too emotional.,sexist,train
synthetic_gen_588,Why do women think they deserve respect when they can't even be honest?,sexist,train
synthetic_gen_658,"Go back to the bottom of the ladder, that's where you belong.",sexist,train
sexism2022_english-10901,"She ate out her daughter, im gonna have to give that a pussypass. A golden life-time pussypass.",sexist,train
sexism2022_english-14178,"Which makes me think, feminism really is an abstraction for wealthy and spoiled women to get out of work. Feminism was literally started by bougie white women in the Victorian era to piss off their husbands.",sexist,train
synthetic_gen_979,The only reason she got that job is because of nepotism.,sexist,train
sexism2022_english-1853,"She’s probably on her back getting her legs stretched out and getting fucked by a genetically superior male while she’s text you for her own amusement. Sorry man, it’s over",sexist,train
synthetic_gen_729,The only reason she got that job is because of nepotism.,sexist,train
sexism2022_english-13006,Amen sister,not sexist,train
sexism2022_english-18927,Tbh a lot of insta thots are already 95% plastic,sexist,train
sexism2022_english-8117,Downvote my croaks and I'll downvote my dick into your mom's fat ass.,sexist,train
sexism2022_english-17656,#ISIS #VictorMarx 4y/o lone survivor #pray this child finds the path #God paved for her—surely He has great plans for her [URL],not sexist,train
sexism2022_english-15391,Like the idiot who just quoted my post....,not sexist,train
synthetic_gen_670,Women are naturally inferior and shouldn't be in politics.,sexist,train
synthetic_gen_471,The only reason she got that job is because of her looks.,sexist,train
sexism2022_english-3680,But I thought all women could fuck Chad if they want?,not sexist,train
synthetic_gen_876,The only reason she got that job is because of her looks.,sexist,train
sexism2022_english-2711,"imagine messaging women, dumbass",not sexist,train
sexism2022_english-18718,"Kid, are you really asking a bunch strangers on the internet if you should fuck a woman? That is my top stupid question this week.",not sexist,train
synthetic_gen_589,"I'm not being mean, it's just biology that women can't drive.",sexist,train
synthetic_gen_946,"I'm not being mean, it's just biology that women can't drive.",sexist,train
sexism2022_english-16754,Yes it will do a alot simp Even if it doesn't women should fo it anyway,not sexist,train
sexism2022_english-18457,"It's #CutieSaturday! It's also #Caturday! So say hello to Rhapsody! Sadly I don't have many pics of her. But that should change very, VERY soon. #catgirl #ネコミミ #ecchi #hentai #boobs #lewd #ValentinesDay",not sexist,train
sexism2022_english-10442,Maybe you should ask her directly instead of being passive aggressive...lol,not sexist,train
synthetic_gen_313,"Go back to the bottom of the ladder, that's where you belong.",sexist,train
sexism2022_english-13102,Yeah. And I hang out in here to pass that on to younger men so they don’t have to be manipulated into spending money by women like you who are just using their weakness against them. Your trade has dried up - learn to code.,sexist,train
sexism2022_english-17645,Someone should reverse her life force.,sexist,train
sexism2022_english-9073,and those bastards that leave the empty milk carton in the fridge WTH's with that,not sexist,train
sexism2022_english-8682,"Exercise, do basic grooming and dress decently. There, you are now a good-looking bloke. Now focus on shit that ACTUALLY gets girls like being competent, driven and bold and leave fussing over beauty to women. It matters for them immensely.",not sexist,train
synthetic_gen_441,"You can't trust a woman who wants a promotion, they are all the same.",sexist,train
sexism2022_english-11620,[USER] lmfao Heyyyy women 😬,not sexist,train
synthetic_gen_685,"I'm not being mean, it's just biology that women can't drive.",sexist,train
synthetic_gen_89,Why do women think they deserve respect when they can't even be honest?,sexist,train
sexism2022_english-9423,Only Democrats and their Media could compared Russian Meddling to Pearl Harbour(3000 lives lost). Fucking idiots at CNN.,not sexist,train
synthetic_gen_101,The only reason she got that job is because of nepotism.,sexist,train
sexism2022_english-752,This jackass.,not sexist,train
sexism2022_english-8083,She destroyed her own career by getting in bed with radical feminist and that sickening speech she did at the woman’s march was disgusting,not sexist,train
sexism2022_english-19282,"Well, a man's gotta make money",not sexist,train
synthetic_gen_1035,"I'm not being mean, it's just biology that women can't drive.",sexist,train
sexism2022_english-6530,Piss off fakecel.,not sexist,train
synthetic_gen_454,Another dumb female trying to lecture men on their careers.,sexist,train
sexism2022_english-14138,First tell as many female staff as possible so they can gossip. Keep record then report to higher level authority,sexist,train
sexism2022_english-10666,What a nasty bitch. I would’ve failed her on the spot. But these days they pull so much bullshit that they know they can lie and try to get out of it. I’d go scorched earth though. I would not want a job where my employer didn’t fully back me.,sexist,train
sexism2022_english-3986,"And wait until he's 30 with a great job, perfect credit, a house, and savings, then marry the first financial trainwreck that looks his way.",not sexist,train
sexism2022_english-4168,"Legally, it'd be wrong to kill the ones who did this to the poor girl. Morally, I believe they deserve death.",not sexist,train
synthetic_gen_915,Another dumb female trying to lecture men on their careers.,sexist,train
sexism2022_english-9365,"Please don't call me names...It would be as security, not WAR! No different than the Marines already at the WH...Keep it up, this nice girl will chew you up & spit you out...",not sexist,train
synthetic_gen_853,Men are better at logic because women are too emotional.,sexist,train
sexism2022_english-14105,Ok so why dont you do the approach then? Go approach girls.,not sexist,train
sexism2022_english-7,"Maybe because Muslims hate gays, Mexicans hate gays, and hell, even hateful ass black women hate gays. Sorry guy, white women love y'all, but Dems realized that you are a dead end.",not sexist,train
sexism2022_english-8465,"They are all childless ""career"" women, regardless of being married or not. What did the hell did they think their lives were going to be?",sexist,train
synthetic_gen_531,"I'm not being mean, it's just biology that women can't drive.",sexist,train
sexism2022_english-5409,"You refuse to let her be good to you. ""everything has to be earned"". You absolute dictator. You absolutist.",not sexist,train
synthetic_gen_64,"I'm not being mean, it's just biology that women can't drive.",sexist,train
sexism2022_english-2771,Pink is very feminine so I accept this bikini babe :) You've paid your dues :),sexist,train
sexism2022_english-9468,"A black mother is 5 times as likely to have an abortion than a white mother. Blacks are a tool, someone doesn't want a lot of them around, starting with Sanger and the Robber Barons. I wonder if anyone's done the math how many would be alive now.",not sexist,train
sexism2022_english-2678,"And women and cucks wonder why the men who used to attend their churches, dropped religion?",sexist,train
sexism2022_english-15751,"[USER] Myself, as well. However, in today's world, just being female is enough to provoke an attack, careless or not. There are too many savages.",not sexist,train
synthetic_gen_222,"Typical female, always complaining about gaming.",sexist,train
synthetic_gen_437,"Go back to the kitchen, that's where you belong.",sexist,train
sexism2022_english-9394,I'm probably close to twice Lily Allen's age and I've never been assaulted by any male. Hmmm... Behaviorial changes may be in order... For her I mean. [URL] #FakeNews,sexist,train
sexism2022_english-11048,"I am butthurt. I shouldn't get harassed while women who could be considered ""freaks"" get away unscathed.",sexist,train
sexism2022_english-14381,"She didn't say it as a joke, she said it when she got mad at me for saying ""no"" to marrying her",not sexist,train
sexism2022_english-3695,lucifer is a female,sexist,train
sexism2022_english-12496,#America put her diffs aside over 150 yrs ago Why the Fukk Can't #Librals get on the line to #MAGA? [URL] #GabMusic [USER] [USER] [USER] [USER] [USER] [USER] [USER] [USER] [USER] [USER] [USER] [USER] [USER] [USER] [USER] [USER],not sexist,train
sexism2022_english-6732,"If the way Andrew runs the place distresses you so much, why don't you pull up your little girl panties & go home, whiner???",sexist,train
sexism2022_english-5793,I hate rooting for a team not scoring jack #NSFW no sex for women [URL],not sexist,train
synthetic_gen_985,She's just another femnazi looking for attention online.,sexist,train
sexism2022_english-10027,you can’t force the blackpill. every man must accept it on their own terms,not sexist,train
sexism2022_english-7205,"LMAO - tbh, I felt kinda sad for him, because a part of him believed this girl to be a ""good girl"", and he just discovered she is a hoe like the others.",sexist,train
sexism2022_english-10761,"If I was 20 years younger, you'd be in so much trouble young lady! 😍",not sexist,train
sexism2022_english-3429,"This. over 80% of men are ""betas"" or ""low-quality men"" according to women.",sexist,train
sexism2022_english-13396,"she can do better. Perfectly you befriend her friends and make them feel like you are good enough. Also would be interesting to see a girl who tells her friend she can do better, but then fucking with that guy herself. Like, a manipulative trick.",not sexist,train
sexism2022_english-12319,"Not going to lie, the brutal honesty of this reply got me rolling haha ""I might go over and smash but I’ll have to tell her to stfu or put a sock in her mouth"" lmao, godspeed brother",sexist,train
sexism2022_english-17869,"Yikes, taking looks for granted while being a white privileged women. I don't envy you.",sexist,train
synthetic_gen_935,"Go back to the laundry room, that's where you belong.",sexist,train
sexism2022_english-1142,Ted Midward finishes the section from Henry Ford's book that deals with Jewish control of the move industry & begins the next part that looks at links between Jewish emancipation & the downfall of western civilisation. [URL],not sexist,train
synthetic_gen_67,"Typical female, always complaining about gaming.",sexist,train
sexism2022_english-7013,Definitely ... after all that would prove Republicans are taking her claim seriously ...,not sexist,train
sexism2022_english-12610,Queen. Women gotta stop taking shit and learn to defend themselves from those who attack them (in minecraft obviously),not sexist,train
synthetic_gen_651,"I'm not being mean, it's just biology that women can't drive.",sexist,train
sexism2022_english-5903,"girl might genuinely be dumb, not playing. She may also have fucked enough guys that she can't remember past the most recent 5 which is probably 3 months being conservative, 1 week if she's a real whore.",sexist,train
sexism2022_english-9789,"Dear Lord, Give our Cheyza patience as she deals with gooberment bureaucrats. Give her the strength to avoid throat punching some idiot while waiting in line. Amen",not sexist,train
sexism2022_english-997,English: robot know best person for job. Robot no choose woman. Robot choose man.,sexist,train
sexism2022_english-3786,He wants to unload into a chick to have a kid.,sexist,train
synthetic_gen_5,"You can't trust a woman who works in STEM, they are all the same.",sexist,train
sexism2022_english-18679,You aren't supposed to hit women no matter WHAT they do.-Says some dumbass Simp. I wish the officer could have beat her with a club.,sexist,train
sexism2022_english-1972,"Well, Im no hot-head, as my wife can attest...I burn cold.",not sexist,train
sexism2022_english-15838,Chunk Schumer is a moron and Nancy Pelosi's botox has rotted her brain #MAGA,not sexist,train
sexism2022_english-6447,Slav fathers teach their daughters reverence of Our Father in Heaven.,not sexist,train
sexism2022_english-10684,"Lol she is stupid that's for sure, he doesn't like you for your intelligence sweaty so you don't have to worry about him ""finding"" out. (he already knows)",sexist,train
sexism2022_english-18605,This is exactly why women shouldn't be in the police force. Any career that requires strength and courage is no place for weak foids.,sexist,train
sexism2022_english-9428,I told a feminist in one of my classes that I would only support feminism (fucking never!) when feminism gets behind tying womens right to vote with the draft. She got super triggered and started yelling at me. it was hilarious.,sexist,train
synthetic_gen_310,Women are naturally inferior and shouldn't be in power.,sexist,train
synthetic_gen_220,"Go back to the kitchen, that's where you belong.",sexist,train
sexism2022_english-19463,"""Hurting and scared"" and ""strong women"" don't jibe. [URL]",sexist,train
sexism2022_english-18682,The difference between a liberal woman and a battery? A battery has a positive side.,sexist,train
sexism2022_english-10013,Girls are weird they secretly take your pictures and do all kinds of weird things but only other girls know about it usually,sexist,train
sexism2022_english-13650,"The only thing Richard Spencer could destroy is his little sister's pussy, while his dad watches",sexist,train
sexism2022_english-1939,"She was so miserable she couldnt leave him for 2 years, aka ""he treated me like a little whore and i loved it all until he dumped me for another bitch""",sexist,train
sexism2022_english-2090,"this is fantastic ""a secret"" yeah right...no secret to anyone who has actually read redpill or mgtow",not sexist,train
sexism2022_english-9959,"Oy vey goyim, Ginsboyg is anuddah mamzah from hell!",not sexist,train
synthetic_gen_997,"Go back to the bottom of the ladder, that's where you belong.",sexist,train
sexism2022_english-4020,"Seriously!! US? The sweet, angelic #GabCommune girls? lol",not sexist,train
sexism2022_english-15107,Freedumb = letting women make stupid decisions with their lives. Freedumb for women is a slippery slope. We need to burn all post-enlightenment books.,sexist,train
sexism2022_english-7208,Both men and women are trash. There needs to be a virus that wipes out all human life on earth.,not sexist,train
synthetic_gen_236,"Go back to the bottom of the ladder, that's where you belong.",sexist,train
sexism2022_english-7786,Drunk hanging on a lamp post notices a hooker walking by and calls her a cheap whore. She slugs him with a sock full of quarters.,sexist,train
sexism2022_english-2688,AITA is full of cucks who downvote anything where a man is in the right against a woman.,sexist,train
sexism2022_english-14370,Maybe Karma will strike and her ass will be Gunned down in the streets!!,sexist,train
sexism2022_english-616,SHITBRICKS?!,not sexist,train
sexism2022_english-16203,"It seemed to me Pratt was far more religious than his wife and celebrity or not, when you're not ""evenly yoked"" it can be a huge problem.",not sexist,train
sexism2022_english-16213,"Understood. Right. Anyone can say ""these hoes aint loyal"" or ""bitches aint shit"" but can you really turn down the gash and GYOW for the long term? I know I can. I've seen the madness unfold too many times. Fuck women.",sexist,train
sexism2022_english-8327,Kick her out.,not sexist,train
sexism2022_english-5508,The trash posts you see there.... >Some chick was hammering my roommate's door. I opened my door and let her in. > >I love the smell of STDs in the morning. Smells like consumeristic victory #PokeSTDGo \*Gets 8k upvotes\*,not sexist,train
sexism2022_english-2930,Jackie Kennedy > Marlyn Monroe. Style and finesse trumps blonde bombshells any day of the week. #SpeakFreely,sexist,train
sexism2022_english-2319,"If you've never actually got dressed, got in your car and pretended to drive ""to work"" to get a chick to leave your house then you're not me.",not sexist,train
sexism2022_english-6159,"The return of male only spaces is paramount and tricky but can be achieved; barber shops, cigar parlors, gun ranges, hunting lodges, motorcycle clubs, dojos and gyms. Also, a competent replacement for the Boy Scouts would go a long way.",sexist,train
sexism2022_english-15420,"If she's flirting with you that's how you know. Unless she's a stripper, waitress or bartender looking for a good tip, no woman is going to flirt with someone they don't like.",not sexist,train
sexism2022_english-1579,They wind up with those men because the men don't have enough good option so they take what they can get. You haven't noticed how every other girl seems to have an asshole or abusive ex.,sexist,train
sexism2022_english-5502,"Well, if those energy shields count as armor, he'd get upper left/lower right diagonal in addition to crew cut.",not sexist,train
synthetic_gen_828,Women are naturally irrational and shouldn't be in power.,sexist,train
synthetic_gen_0,The only reason she got that job is because of nepotism.,sexist,train
sexism2022_english-9549,I’m confused “she’s the prettiest girl I’ve gone with on a date this year” and “I’m looking forward to the potential of a FWB” huh? Only a friend with benefits? If she’s so pretty why not make her your girlfriend :(,not sexist,train
synthetic_gen_820,Another dumb female trying to lecture men on gaming.,sexist,train
synthetic_gen_17,"Go back to the kitchen, that's where you belong.",sexist,train
sexism2022_english-9689,"""A New Zealand dumb cunt that lives in own reality offering nothing but pics of her small tits and no ass does not acknowledge the tragedy that happened in her own country""",sexist,train
sexism2022_english-15640,Things like this make women hate men.,not sexist,train
sexism2022_english-3439,So stupid. Then why are so many women with abusers and misogynists dumbass? Women have no special sense of this. They just assume ugly awkward guys are 'creepy' and are that's as far as any 'women's intuition' goes.,sexist,train
sexism2022_english-3525,"Male dolphin wakes up next to female whale. ""Aww man! I thought you were just a fat chick! You're a whale?!"" (My apologies to women who are a little heavier than average, I adore you.) ( no really I f-ing ADORE you.)",sexist,train
synthetic_gen_14,"Typical female, always complaining about equal rights.",sexist,train
sexism2022_english-17877,And maybe I'll insist on fucking her in the ass a couple times before handing her the papers. christ that sounds rapey. Please somebody tell me he isn't actually guna rape the woman.,not sexist,train
sexism2022_english-12572,THE PROPHECY OF DONALD TRUMP: COULD DONALD TRUMP BE THE NEXT CYRUS? [URL],not sexist,train
sexism2022_english-10559,"Whores get paid for sex. She’s a slut, hoe, loose woman.",sexist,train
sexism2022_english-12122,And she's probably sober.,not sexist,train
sexism2022_english-4904,hey girl you can spank me anytime you want I love strong women but do I really have to harass you?,not sexist,train
sexism2022_english-5418,"OMG! Did you just assume its gender? Dats a female, you can tell because it has a long ovipositer sticking out of it's butt which it uses to pierce plant stems to inject the eggs.",not sexist,train
synthetic_gen_571,Another dumb female trying to lecture men on their careers.,sexist,train
sexism2022_english-18519,A muslim calls a white girl a slag so she hits him . She shouldve ripped his balls off,not sexist,train
sexism2022_english-1207,"This is the muslima who got convicted with her boyfriend from Derby telling him to kill his ""friends"" who are non believers. Proof Muslims are NOT friends with any of us.",not sexist,train
synthetic_gen_1015,The only reason she got that job is because of diversity quotas.,sexist,train
sexism2022_english-9633,How does religious faith become so warped and twisted as to justify stoning a newborn girl baby to death? [URL],not sexist,train
synthetic_gen_771,Why do women think they deserve respect when they can't even be honest?,sexist,train
sexism2022_english-15710,Today are started 31 days to masculinity . I Will be committed to go all the 31 days no matter what! Focus on me and my frame. I refuse to be in her frame.,not sexist,train
sexism2022_english-2723,Turnbull is a horror show and a total cunt.. and Miranda Devine is a crony on his side. They are both cunts,sexist,train
sexism2022_english-10221,"[USER] Nothing ever comes before personal interest, for anybody. My daughter's well-being is my personal interest. Threaten her, and I keel you. For some, the state is their personal interest.",not sexist,train
sexism2022_english-19401,"I've only known 2 or 3 men in my entire life that micro managed their wives, girlfriends. It's exhausting and not worth it and most men are not that tiny, tiny minded, spiteful, hate filled and petty like a woman's mind is.",sexist,train
sexism2022_english-14416,Why does it matter if she's religious?,not sexist,train
sexism2022_english-3061,You gotta lose yourself in the sex. You gotta let your emotions out. Not to her but just say it. Maybe not on someone you just met. 1000% better,not sexist,train
synthetic_gen_1109,Men are better at logic because women are too emotional.,sexist,train
sexism2022_english-75,Alleppo Shmelleppo. (((Media))) reports a Shipload of garbage to misinform the gullible masses. The lady in this ↓ video knows the score! #WhiteGenocide #DrainTheSwamp #SpeakFreely #MAGA #GabFam #AltRight #GabVets #Trump #News #FakeNews [URL],not sexist,train
sexism2022_english-9316,#Ebay 🐸 (100) Ultra Pro Life Magazine Size Storage Bags and BCW Boards Combo Lot $29.95 [URL],not sexist,train
synthetic_gen_573,Why do women think they deserve respect when they can't even be honest?,sexist,train
sexism2022_english-7188,This is her political suicide tweet. Please share it everywhere!,not sexist,train
sexism2022_english-19589,Unfuckable women hate life.,sexist,train
sexism2022_english-974,"His aunt Munchkin did too. His grandsire Primer would look at the dot, look at me and sigh lol",not sexist,train
sexism2022_english-17968,"🖕🖕🖕🖕🖕🖕 huff post 24/7 365 days a year Disgusting media outlet 99% run by women, and they all hate men. [URL]",sexist,train
sexism2022_english-10458,"Yeah good reply. Shes basically a 26 year old, attractive girl who spends way too much time on her phone instagramming her life. When I nexted she probably isn't used to someone just not giving a fuck! So what do I go with? Indifference?",not sexist,train
sexism2022_english-6760,"story of my life What the fuck! I just youtubed ""Story of my life"" because of your comment and instead of the Social Distortion song, youtube came up with a One Direction song. Fuck my life.",not sexist,train
synthetic_gen_1020,Why do women think they deserve respect when they can't even be honest?,sexist,train
synthetic_gen_773,"I'm not being mean, it's just biology that women can't drive.",sexist,train
sexism2022_english-15503,"My chad uncles are retarded as fyck neets, the ugliest son who is my father financially helps them all because he is the most succesful and loves them. I am retarded too btw",not sexist,train
sexism2022_english-13127,"....No. Thats called fantasising and women are just as guilty of that as men, its not rape, its not sexual assault, fuck right off, PBSPinchback.",not sexist,train
synthetic_gen_964,She's just another slut looking for attention online.,sexist,train
sexism2022_english-3215,listen to Fatima....she explains communism...who knew!!! [URL],not sexist,train
synthetic_gen_145,"I'm not being mean, it's just biology that women can't drive.",sexist,train
sexism2022_english-14923,I'm sure she will still be seducing female agents.,not sexist,train
sexism2022_english-15441,"better yet...some guy is just as much of a pussy to talk to her, so better seize your opportunity while it last",sexist,train
sexism2022_english-2434,"Ashley is the type of bitch to get her house robbed and held to gunpoint, and still want more fire to her life.",sexist,train
sexism2022_english-15362,He is such an ASS!!!,not sexist,train
sexism2022_english-12394,"Oh GIMP .. puh'PLEEz .. whatever you can do and do do .. I'll do back, princess. go back to EUROPE, child abuser.",not sexist,train
synthetic_gen_1196,The only reason she got that job is because of nepotism.,sexist,train
sexism2022_english-6553,RIP coping blackcels who think all they need is BBC theory (negative to whites). Being white clearly has an advantage. Just accept that women are racially biased unfortunately.,sexist,train
synthetic_gen_1003,Women are naturally manipulative and shouldn't be in leadership.,sexist,train
synthetic_gen_646,"Go back to the laundry room, that's where you belong.",sexist,train
synthetic_gen_326,"Go back to the laundry room, that's where you belong.",sexist,train
sexism2022_english-10037,Man found having sex with dead woman on street near church [URL],not sexist,train
synthetic_gen_155,"You can't trust a woman who wants a promotion, they are all the same.",sexist,train
sexism2022_english-19546,There are two things to be taken away from *The Game*: 1. Learning the behaviors/lines/whatevers of an attractive man doesn't make you an attractive man. 2. Sex and women will not make you happy.,not sexist,train
sexism2022_english-10170,[USER] Feel free to look around that site. You're welcome to shoot an email to me from the contact page there as well if I'm not on platform. :-),not sexist,train
sexism2022_english-19461,"They mean make a lot of money, and it give to her. Alternately, you said a slightly negative thing about an ex, so she's just trying to blame you since pussy is perfect 100% of the time.",sexist,train
sexism2022_english-19918,"Officially, polyamory is a committed, romantic relationship with multiple partners. Basically, it's an official codification of the modern woman's Dual Mating Strategy. Alpha fucks, beta bucks, there's nothing new under the sun.",sexist,train
sexism2022_english-372,"Hey shithead she already follows me here but she hasn't been shitcanned , all of my old compadres follow me so mind your own business.",not sexist,train
synthetic_gen_630,"Go back to the laundry room, that's where you belong.",sexist,train
sexism2022_english-18824,PC always has and always will stand for personal computer and there are only 2 genders.,not sexist,train
sexism2022_english-314,"I kill all of my bitches before fucking them. PUSH-PULL, what up?",sexist,train
sexism2022_english-16091,"I was 18, feel ya girl",not sexist,train
sexism2022_english-10787,Poor dude hasn't realized you dont share emotions with women. Sadistic little bitches will throw it in your face everytime and make you feel like shit for it. Only share emotions with other men that you trust.,sexist,train
synthetic_gen_134,"Typical female, always complaining about equal rights.",sexist,train
synthetic_gen_1172,She's just another slut looking for attention online.,sexist,train
sexism2022_english-12620,Scientists to develop Neanderthal 'miniature brains'...will vet democrat congresswomen....,sexist,train
sexism2022_english-12890,Sanctuary policies work so well for America that some illegal spick can kill an innocent girl while street racing and post bond.,not sexist,train
sexism2022_english-13992,"Nope, nothing happened. She never filed a police report... she just ""confided"" in the right people and the rumor mill did the rest. A lot of politics in the military, and even rumors destroy people.",sexist,train
sexism2022_english-14842,AFAIK she's single. I doubt that she's interested in wankers without accomplishments.,not sexist,train
sexism2022_english-19621,The women are always the craziest.,sexist,train
sexism2022_english-12147,"I have always been a woman...but thank you any way for the compliment, and thank you for the great post...good riddance to the #PigPoopMcCain!",not sexist,train
sexism2022_english-5441,"She’s toying with you bud, probably showing her friends how “funny” she is. Don’t get butthurt, just leave it at that and don’t continue the conversation. And hit the gym",not sexist,train
sexism2022_english-8089,"Yes he does. That’s like saying you don’t have to not play Russian roulette. It’s the only logical choice. Therefore it’s the only choice, unless you’re a masochist.",not sexist,train
sexism2022_english-18155,"[USER] ""I can smell her dying from here."" :)",sexist,train
sexism2022_english-5443,"RT [USER]: High school teacher, 29, 'had a seven-month sexual relationship with one of her students, 16 [URL]",not sexist,train
sexism2022_english-11948,#QANON LadyDragon live New Q - [USER] [URL] [URL] #Q #QALERT #QARMY #1A #2A #NRA #BREAKING #NEWS #TRUMP #PATRIOT #WOMEN #CANADA #QUEBEC #MONTREAL #PARROTS #BIRDS #ANIMALS #MBS #CIA #FBI #DISCLOSURE #UFO #NATURE #DLIVE #WWG1WGA,not sexist,train
sexism2022_english-7288,"Of course it was. Is there nothing that can't be blamed on women or feminists? I mean, I know whenever celibate men who talk about an imaginary sky-fairy for a living lobby our federal government to do something, I'm always like, ""DAMN BITCHES.""",sexist,train
sexism2022_english-14200,I'd prefer shekels but I'll take stars.,not sexist,train
sexism2022_english-98,"Not as much? Too real? Bringing back those memories of Lackland where the niggers ran trains on you. Your life choices had nothing to do with my mom or me. Don't be sad, you should be proud of your diversity. Hahahah.",not sexist,train
sexism2022_english-3149,Confirms what I always knew. Women are absolutely frigid sexually. They try to pretend otherwise but look how many marriages exist where the sex dries up soon after the honeymoon. Dead bedrooms wouldn't exist if women actually craved sex.,sexist,train
sexism2022_english-6666,Mind blown - I get asked if I'm gay by girls nearly weekly.,not sexist,train
synthetic_gen_706,Women are naturally inferior and shouldn't be in power.,sexist,train
synthetic_gen_186,"I'm not being mean, it's just biology that women can't drive.",sexist,train
sexism2022_english-11427,aphrodisiacweed.com Aphrodisiac Weed that helps women orgasm better. Weed strain of horny cannabis sex weed that heightens your pleasure,not sexist,train
sexism2022_english-18984,OooooO?! Seeing how Chelsea Clinton could have been born into current her position now helps clear a few things up. Did Hitler like spirit cooking dinners like the hag does? Do Hillary's Grandrabies look like Webby?,sexist,train
sexism2022_english-557,"FEMINAZIS. White women hating and wishing to destroy White Culture. Completely self destructive. A real head scratcher. Matriarchy - a thousand leagues different. Kind, gentle, loving -- words that never ever come out of Feminists' mouths.",sexist,train
sexism2022_english-6596,"[USER] London: Nonwhite/ leftie mob attack Churchillian café Blighty UK, demand that the owner changes its name because they believe Churchill was scum and racist. [URL]",not sexist,train
synthetic_gen_586,Women are naturally unstable and shouldn't be in leadership.,sexist,train
sexism2022_english-7655,I agree with the others you're doing it right. Maybe just hit her up when you're horny she kinda sounds like she wouldn't turn it down.,not sexist,train
sexism2022_english-13351,"I’m missing the part that this has to do with you, somehow being better than women? You can do the same to men who are whiny little cunts. I bet most women you meet refuse to make eye contact with you. Like the dweebs at work...",sexist,train
synthetic_gen_394,Women are naturally inferior and shouldn't be in power.,sexist,train
sexism2022_english-13138,[USER] #Breitbart comments poetry: There was an Italian putana she'd do whatever you wanna the agreement was oral though highly immoral yet more honest than Madonna. #MAGA #GabFab #Italy #Referendum #OralContract,sexist,train
synthetic_gen_1176,"Typical female, always complaining about gaming.",sexist,train
sexism2022_english-12269,She's a great role model for women on top of being lovely,not sexist,train
sexism2022_english-18560,A female is not anyones friend,sexist,train
synthetic_gen_304,The only reason she got that job is because of diversity quotas.,sexist,train
sexism2022_english-16171,"If you live near NY, first round is on me, no women, no pressure, no nothing. Simply an offer to shoot the shit.",not sexist,train
sexism2022_english-6008,Ask her if she's single. Simple. Or don't ask at all. Who cares?,not sexist,train
sexism2022_english-5020,Most people don't care about science and then media pushed this girl hard so ni shit,not sexist,train
sexism2022_english-7857,Yes that pissed me off royally...She sucked doing that....Now though Trump made her ambassador I think she is killing that job big time..I support her doing that but not the last 2 years she was our governor..,not sexist,train
sexism2022_english-276,Love it! Trump can beat her yet again! A THREE time loser! ha ha ha [USER],not sexist,train
sexism2022_english-737,Talking with a girl weeks/months to get laid... does that seem like it is working for you? You spend MONTHS for a girl to give up pussy 1 time for what? Probably your 20minutes. What a waste.,sexist,train
synthetic_gen_990,Why do women think they deserve respect when they can't even be honest?,sexist,train
sexism2022_english-10080,"Some of these guys are really cute. Also, you can't be an incel at 16. You're just a virgin like roughly 50% of people your age.",not sexist,train
sexism2022_english-4223,her clone will be sentenced and hung,not sexist,train
synthetic_gen_686,She's just another femnazi looking for attention online.,sexist,train
sexism2022_english-6924,"I was banned for posting a Louder with Crowder video for ""hate speech"". 9 yrs of never being naughty stepped then zapped. Its beyond idiotic.",not sexist,train
sexism2022_english-5838,spare a crumb of coochie maam,not sexist,train
synthetic_gen_47,Another dumb female trying to lecture men on gaming.,sexist,train
sexism2022_english-18254,"Didn't one try to do a shooting at YouTube HQ, kill no one, then get gunned down herself?",not sexist,train
sexism2022_english-7875,omg bro i fucking died lmfaoooooo,not sexist,train
synthetic_gen_59,"Go back to the bottom of the ladder, that's where you belong.",sexist,train
synthetic_gen_490,"Go back to the kitchen, that's where you belong.",sexist,train
synthetic_gen_281,"I'm not being mean, it's just biology that women can't drive.",sexist,train
sexism2022_english-2123,I touched my balls to check. I mean they fell kinda same like labia. My world has changed.,not sexist,train
sexism2022_english-14490,Dude. Single motherhood is NOT good for a child. Would *you* want to have no father? No? Then YES you're being delusional,not sexist,train
synthetic_gen_959,The only reason she got that job is because of nepotism.,sexist,train
sexism2022_english-1300,Did she get his consent in writing? Maybe she raped him.,sexist,train
sexism2022_english-15966,"I guess you're right man. I'll just do my best to live a normal sex life, i doubt it's something many women would dig anyway.",not sexist,train
sexism2022_english-9716,"RAINY DAY RESCUE: After rising floodwaters trapped one bride, her husband, and “wedding party friends” in New Jersey, officers from the Bogota Police Department were able to assist them through “their first rough patch.” [URL]",not sexist,train
synthetic_gen_982,"Go back to the kitchen, that's where you belong.",sexist,train
sexism2022_english-17932,Seems like an awfully expensive way to get some prime gold diggers,not sexist,train
sexism2022_english-739,"Every woman wants to be a model. It's codeword for ""I get everything for free and people want me""",sexist,train
sexism2022_english-2093,Because an incel murdered her and incels are celebrating her death.,not sexist,train
sexism2022_english-2523,PC crap is killing us,not sexist,train
sexism2022_english-4990,A blackpilled man can only be pleasently surprised.,not sexist,train
sexism2022_english-514,How the hell do you accidentally decapitate a baby? What that bitch did was stone-cold murder.,sexist,train
sexism2022_english-11064,"Damn shame man has come to this point. But we have 2 choices, sharpen your swords or claim your trophy bitching on the internet! Deus vult!",sexist,train
synthetic_gen_1063,Women are naturally inferior and shouldn't be in management.,sexist,train
sexism2022_english-5048,"Learn some AMOG Destroyers. Ask her, loud enough that he hears clearly, ""Hey he's trying to seduce you, is it working?""",not sexist,train
synthetic_gen_345,Another dumb female trying to lecture men on sports.,sexist,train
sexism2022_english-798,you're not trying hard enough bitch,sexist,train
sexism2022_english-1013,"If you find a weaker female candidate is promoted in preference to yourself, I would resign immediately. So should every male.",sexist,train
sexism2022_english-16901,"shouldn't it be ""women are unable to be loyal""?",not sexist,train
synthetic_gen_70,The only reason she got that job is because of her looks.,sexist,train
sexism2022_english-14437,She probably runs a credit check on all of the prospective mating partners to ensure she obligates only the ones with money.,not sexist,train
sexism2022_english-7788,So you got fuck all ideas!,not sexist,train
sexism2022_english-15236,"Russia congratulates Trump, says ""let grandma Hillary rest"" #MAGA #PresidentTrump #Trump #News #Russia [URL]",not sexist,train
synthetic_gen_902,"Go back to the bottom of the ladder, that's where you belong.",sexist,train
sexism2022_english-1771,"""Oh, they are questioning the root cause rather than mosleeem this mosleeem that. What do I do? Let me post a toy story meme."", you fucking idiot. The proof is in their own self confessions. [URL]",not sexist,train
sexism2022_english-11734,"The posts here are correct. 1) You're more confident. 2) You've already ""passed the test"". But don't forget: 3) If a girl wants some no-commitment sex, you are more attractive if you are already taken.",sexist,train
sexism2022_english-1499,"Hit her with the ""too slow"" treatment when she goes for a down-low. Guaranteed pussy.",sexist,train
sexism2022_english-10365,"[[URL] According to this study, young men are less likely to get treatment than young women.",not sexist,train
sexism2022_english-5436,Indeed. Now you understand my regret. Ack! Did I just say that? [USER] [USER] because losing twice would kill her.,not sexist,train
sexism2022_english-10162,"Aw, sorry if your mommy hurt your feelings. I know she must have been devastated when she didn’t get her period and got you instead :( huge bummer",not sexist,train
sexism2022_english-10260,Obama didn’t get “played” by Iran. He wants Iran to be stronger & America weaker. He gave them $$ to keep the mullahs in power. 👹,not sexist,train
sexism2022_english-5555,"Pray Always🇺🇸🇮🇱‏ [USER] Or we’ll rape your women and children? Migrant Urges Germans, Austrians To Give Refugees ""Their Homes and Money"" | Zero Hedge [URL] …",not sexist,train
sexism2022_english-14097,They're called Ethiopians and Israel has been adopting them since the 1970s. Goodbye NeoNazi moron.,not sexist,train
sexism2022_english-339,"I don't understand how white women can hate other white women so much. How does this support POC like they say shit like this is for. Hate is Hate, color has nothing to do with it.",sexist,train
sexism2022_english-4533,"It’s time for change .England and Europe, I have been trying to tell my daughter it’s “OK TO BE WHITE “ it’s OK TO WANT TO GO ON HOLIDAY WITHOUT THE FEAR SOMEONE FROM A SHITEHOLE COUNTRY SHOOTING YOU ! FFS PEOPLE WISE UP TO THIS !",not sexist,train
sexism2022_english-18650,"why is that anyone elses responsibility but the unwed mothers? this reasoning doesnt make sense. no woman HAS to get pregnant, how much birth control is out there? women have 100% control over PREGNANCY",not sexist,train
sexism2022_english-1060,Hmm i never thought of it that way. Guess I haven't had much luck with women to know the difference and assume everything is a mind game Thanks,not sexist,train
sexism2022_english-16970,"Go round up your niglet grandkids. I bet you are proud your daughter fucks niggers. You sure like to talk about faggots, hiding something?",not sexist,train
sexism2022_english-16135,"Sorry to disappoint you, but I don't have a dick..dry your eyes now dear. I am a female, and again, liberals are easy to spot..they just 'hide' like the Clinton's, behind a facade of not being that at all...buhbye now. Take your hate elsewhere.",not sexist,train
sexism2022_english-6071,[USER] Don't be embarrassed. They aren't women. They're freaks.,sexist,train
sexism2022_english-17571,Now THAT is what I call a she-demon!,sexist,train
sexism2022_english-12894,What’s the Roissy work?,not sexist,train
sexism2022_english-10253,"This is how most WMAW feel, at least this one admitted it.",not sexist,train
sexism2022_english-8098,Kids make stupid mistakes like tie up mentally handicapped men and torture them. Or gather 6 of their friends and gang rape pregnant women for 18 hours.,sexist,train
sexism2022_english-14660,"You're the one saying your political analysis is better than Trumps proven historical record. I'd say that's an extreme claim. Could you beat up Chuck Norris, too?",not sexist,train
sexism2022_english-15696,Or women can stop being lying whores.,sexist,train
synthetic_gen_1055,"Go back to the kitchen, that's where you belong.",sexist,train
sexism2022_english-9208,what is wrong with sloppy seconds if she is just a practice girl? She's clearly deranged so who cares.,not sexist,train
sexism2022_english-18205,"[USER] So gifted it is easy, really. One imagines oneself as an angry adolescent with that outraged and embryonic sense of justice--with authorization to hurt every father figure (thus the Oedipal use of the curse: ""You (my) Mother F***ker!"").",not sexist,train
sexism2022_english-3077,HAHAHA! Why would an alpha get married to an old hag when he has literally hundreds of hot 18-19 year olds (and older bitches too but eeewww amirite??) begging him to fuck them? Feeeemale logic.,sexist,train
sexism2022_english-2604,I believe its what they think women masterbate to,not sexist,train
synthetic_gen_146,"I'm not being mean, it's just biology that women can't drive.",sexist,train
sexism2022_english-10108,"""Accidently"", you know? She doesn't realize the camera was almost inside her pussy.",sexist,train
sexism2022_english-4303,Who let her out of her straitjacket?,not sexist,train
sexism2022_english-806,LILY WHITE: It's a tricky thing being fond of queer music. If I were queen I'd have my favourite musicians killed if they were pedophiles. Then I wouldn't have any new music to ever listen to. Hail Superwoman Kate Ryan,not sexist,train
sexism2022_english-15596,"Call their bluff. All girls like being hit on. They hate being hit on people they deem creepers. ""I hate it when attractive cool guys flirt with me, it's the fucking worse!""",sexist,train
sexism2022_english-725,"chad needs only his looks. My cousin brings 0 in his relationship, his gf cooks, cleans, drives him, etc. He works but he spends his money on his cigarettes and hobbies while she pays for bills and food.",not sexist,train
sexism2022_english-3645,I can't believe how her husband forced her into the arms of other men like that. /s,not sexist,train
sexism2022_english-19296,"Don't know, don't care. I got better things to do than entertain some barren spinster.",sexist,train
sexism2022_english-8219,Carousel set comes complete with a generous assortment of THOTs and cucks.,sexist,train
synthetic_gen_762,The only reason she got that job is because of diversity quotas.,sexist,train
sexism2022_english-9592,"I find myself generally more positive, independent, confident, and less drawn into women's drama since I started reading mgtow. It's annoying other people buy into it but at least I'm saving myself the headache.",not sexist,train
sexism2022_english-13213,"This bitch did, his mother was a judge.",sexist,train
sexism2022_english-8213,"Good question. I actually do lift.. I lift 20 lb dumbbells at home, every other day, been doing this for years. But that is besides the point. Is there any good evidence that this pheromone thing is for real? Or was this ""MrNudeGuy"" being sarcastic?",not sexist,train
synthetic_gen_32,The only reason she got that job is because of diversity quotas.,sexist,train
synthetic_gen_306,"I'm not being mean, it's just biology that women can't drive.",sexist,train
synthetic_gen_284,She's just another gold-digger looking for attention online.,sexist,train
synthetic_gen_536,"Go back to the kitchen, that's where you belong.",sexist,train
synthetic_gen_430,The only reason she got that job is because of her looks.,sexist,train
sexism2022_english-18981,1406 BCE. Your grandmas pussy must be dry as fuck!,sexist,train
synthetic_gen_1158,Women are naturally inferior and shouldn't be in power.,sexist,train
sexism2022_english-7183,"She really did harassed me for no reason at r/insubs. I just said I hate IT, then she had gotten triggered by my post. SMH. She really is a BITCH!",sexist,train
synthetic_gen_316,Men are better at logic because women are too emotional.,sexist,train
sexism2022_english-15642,L I T E R A L L Y H U N D R E D S O F V O T E S A P A R T C O M E O N,not sexist,train
sexism2022_english-4375,these mother fuckers are gonna burn,not sexist,train
sexism2022_english-14203,"oh yah, a whole group of nawalts are going to band together and fight on the behalf of men, and go against their own female interests.",sexist,train
synthetic_gen_121,Men are better at logic because women are too emotional.,sexist,train
synthetic_gen_949,"Go back to the laundry room, that's where you belong.",sexist,train
sexism2022_english-2407,andrew is pretty cool i dont think he will ever cuck on free speech as long as we dont post anything illegal all the bants are welcome,not sexist,train
synthetic_gen_868,Men are better at logic because women are too emotional.,sexist,train
synthetic_gen_1128,Women are naturally manipulative and shouldn't be in leadership.,sexist,train
sexism2022_english-5709,"These niggers come from countries that will execute them for doing nasty shit. Putting these fuckers in prison is like saying...here have free housing, free food and free medical. How is that supposed to be a punishment?",not sexist,train
sexism2022_english-18195,Probably should have never trusted it in the beginning. I did. As a stupid 18 year old in my first voting year.,not sexist,train
sexism2022_english-18547,Can women be loyal? If you make them loyal. Just understand that most women in the Modern World are dogshit.,sexist,train
sexism2022_english-19560,"If we're so dumb, why do we know what's really going on? The left loves to put us down. They never have an answer when I tell them I'm a professional engineer. And if I'm so stupid, then don't go to the hospital.That's my design specialty. 🐸🐸🐸",not sexist,train
sexism2022_english-10722,"Pretty sure it's because they stumbled on porn when young and that traumatized them, so they keep repeating that trauma. Its very common in sexually abused women to get into shit like BDSM, because it gives them a sense of control over their trauma.",sexist,train
sexism2022_english-14743,Oh so when a girl curls the hair behind the hair it’s fine but for me it’s my 3rd sexual offence #doublestandards,sexist,train
synthetic_gen_164,The only reason she got that job is because of her looks.,sexist,train
sexism2022_english-8075,"The average man is essentially always invisible. His car and watch aren't, but the man is",not sexist,train
sexism2022_english-4732,I'd like to thank [USER] for fixing my photo of crazy ass!! 😁 And by the way [USER] Squirrels are her favorite thing to chase in my backyard! 😁😂,not sexist,train
synthetic_gen_665,Women are naturally inferior and shouldn't be in power.,sexist,train
sexism2022_english-1181,Thousands of Swedes insert microchips into bodies... [URL],not sexist,train
sexism2022_english-3987,Jts not the girls fault you didn't get a pretzel its your fault for being so impatient you fucktard,not sexist,train
synthetic_gen_489,"I'm not being mean, it's just biology that women can't drive.",sexist,train
sexism2022_english-16719,"Marries bitch with daddy issues and now this, wow, I hope his brother gets to be the king of England and England gets saved, otherwise prepare your british asses you get full shariah and become the first modern islamic empire",sexist,train
sexism2022_english-5898,"The biggest hate group in America has already nailed her, she'd get my vote for that reason alone: [URL]",not sexist,train
sexism2022_english-18726,"You and your homoerotic fantasies while you profess to hate gays, LMAO.",not sexist,train
synthetic_gen_408,Women are naturally manipulative and shouldn't be in management.,sexist,train
synthetic_gen_224,Another dumb female trying to lecture men on their careers.,sexist,train
synthetic_gen_1023,"Go back to the laundry room, that's where you belong.",sexist,train
sexism2022_english-12701,"Apparently you approve of girls being treated as second class citizens, gays thrown off buildings, FGM, pedophilia and all those other wonderful things that go hand in hand with islam. Go FUCK yourself you islamic apologizing piece of shit.",not sexist,train
sexism2022_english-5617,So ugly men dont treat women badly? You're wrong,not sexist,train
synthetic_gen_367,"I'm not being mean, it's just biology that women can't drive.",sexist,train
synthetic_gen_871,Why do women think they deserve respect when they can't even be honest?,sexist,train
sexism2022_english-14556,Does that wolverine faggot ever stop talking? FFS! Have a wonderful day. : ),not sexist,train
synthetic_gen_1085,Another dumb female trying to lecture men on equal rights.,sexist,train
sexism2022_english-1876,Isn't this why women don't have problems with being single?,not sexist,train
sexism2022_english-1145,"I don't see him as #1. He loves getting them worked into a distracted frenzy - he has proven to do his best work while they're freaking out over something he may have said, or his wife's stilettos.",not sexist,train
sexism2022_english-7410,Because their douchebag peices of shit that deserve to die!,not sexist,train
sexism2022_english-19351,"At best it's a hambeast sea-creature gf. Ahem. Wifey, you mean. Gotta lock her down before any of her other boyfriends gets a chance, haha! Good day, incelius!",sexist,train
sexism2022_english-17574,"An amygdala hijack against a female SJW that turns her into a vile, depraved, and disturbed lunatic tyrant with an uncontrollable mouth! This is funny as hell. This is the type of person that is teaching your son at schools these days. [URL]",not sexist,train
sexism2022_english-758,"only men with balls will survive jewish persecution from now on, cowards will die like women ♫ [URL]",sexist,train
sexism2022_english-2074,Jfl at this gigaton cope,not sexist,train
synthetic_gen_243,The only reason she got that job is because of diversity quotas.,sexist,train
sexism2022_english-9391,"Greece, African and moslems first stop to the UK.",not sexist,train
sexism2022_english-11093,I call it a fat land whale race traitor.,not sexist,train
sexism2022_english-15551,She made me feel like the prettiest girl at the ball or is this a phrase or smth.what do you mean,not sexist,train
sexism2022_english-15721,"It means going on facebook (gag), but if you can, please try to get involved. It's fun going after Maddow! They post a new target sponsor daily along with contact info. Takes 2 minutes. [URL]",not sexist,train
sexism2022_english-7147,Don't be such a fuckin wuss. This is TRP not your grandma's living room. You're not gonna shock us Knowing what she said is going to help us determine whether or not you truly overreacted or she was genuinely being disrespectful,not sexist,train
sexism2022_english-19816,omg look at this little fucking nigger! The disgusting little nigger bastard is wearing a t-shirt bashing faggits! The shit-skin niglet turd is homophobic i hope his alcoholic drug addicted teenage single mother gets locked in prison for this! 😡,not sexist,train
sexism2022_english-18511,"One comment in particular went along the lines of ""My five year old could do this."" No fucking shit lady, your five year old isn't seventy fucking five. I don't see Bernie Sanders lifting boxes of supplies in Texas.",not sexist,train
sexism2022_english-4385,"Yeah honestly any VS model, they are giga Stacies",sexist,train
sexism2022_english-14961,"#NXTTakeOver Killian Dane follows that up with a rope dive against everyone. ""Holy shit!"" chants.",not sexist,train
sexism2022_english-4133,"British tabloid to Trump: ""How dare you"" sit in Churchill's chair after insulting our country and embarrassing our queen [URL] [URL]",not sexist,train
sexism2022_english-18894,Except when mothers do this shit no one makes a big deal.,not sexist,train
synthetic_gen_257,She's just another femnazi looking for attention online.,sexist,train
sexism2022_english-18262,"In a religion where marriage is a duty, there are usually things in place to make that happen. Arranged marriages, for example, or matchmakers or that kind of thing.",not sexist,train
sexism2022_english-7179,"Actually, if your transgender you might still have traits from the other sex. If you're a trans woman you might still have male muscle mass. If you're a...wait...what's agender? What the fuck is demigender? What are all... CHOOSE ALL THAT APPLY?",not sexist,train
sexism2022_english-10808,"Guys, imagine if Hilary had won, and she was doing just as much fuck all in office as Obama. The left would be blaming it on the Patriarchy for even having power over a female president. So glad we avoided that.",not sexist,train
sexism2022_english-1043,Be nice and she might invite you over...bring wine.🍷,not sexist,train
sexism2022_english-935,"Where in the Western world are women forbidden from having an abortion, apart from Ireland?",not sexist,train
sexism2022_english-15262,"OK. Then why do we see people complaining about women being viewed as ""sex objects"" and why are people complaining about evil ""male fantasies"" when sexy women are depicted in a big action movie? You do see that. I'm just saying that's not feminism.",not sexist,train
sexism2022_english-3413,"#Sharia-law advocate and #farleft #women’s rights #activist,#TowelHead #SandNigger #LindaSarsour, rips into #Democrat #Senator #ChuckSchumer for #condemning public threats and harassment of #Trump officials [URL]",not sexist,train
sexism2022_english-1418,"Are you a white bitch ironically using the word ""nibba""? Piece of advice when you're in mixed company those jokes you make with your girlfriends will get *the dogshit smacked out of you.*",sexist,train
sexism2022_english-12548,"Did she really say that Kavanaugh was elected? I take it she didn't even try to study how a Justice is ""Nominated"" not ""Elected"" as he is chosen by the POTUS not the People. What a moronic and selfish Islamic imbecile.",not sexist,train
sexism2022_english-1202,Nothing can change the dating market imbalance anymore. Nothing can change female hypergamy anymore. It’s over dude. Your political affiliation is beyond meaningless.,sexist,train
sexism2022_english-83,White van man? Is this a joke about being a serial killer looking dude or a pedo? Then she’s kidding with you...,not sexist,train
synthetic_gen_1127,"Go back to the bottom of the ladder, that's where you belong.",sexist,train
synthetic_gen_1187,"Typical female, always complaining about gaming.",sexist,train
sexism2022_english-17125,"They ""relieved"" her? ... ... *That's rape.*",not sexist,train
synthetic_gen_227,The only reason she got that job is because of her looks.,sexist,train
sexism2022_english-10185,"Sanders supporter backing Clinton, is like a rape-victim with Stockholm syndrome. It wasn't enough to get (illegally) fucked in the nomination... You also need to reward her by voting.",not sexist,train
sexism2022_english-16677,"He objectifies women so much, the Media has to insult his female picks for not being supermodels. [URL]",not sexist,train
sexism2022_english-3602,That flag should be shoved down her wrinkled old neck.,sexist,train
synthetic_gen_351,Men are better at logic because women are too emotional.,sexist,train
sexism2022_english-9964,[USER] Will take some time kindly. We have many features to be added before we exit beta. #IndiaGab [URL],not sexist,train
sexism2022_english-7950,Democrat women are so butt fucking ugly.,sexist,train
sexism2022_english-2682,Every girl on r/tinder is at least a 6-7 lol no,not sexist,train
sexism2022_english-10519,Lol. Our secretary is one of the most unfriendly person I have seen. Maybe too many people were hitting on her in the past,not sexist,train
sexism2022_english-12741,Workers should leave out their BLT sandwiches in the open more.,not sexist,train
sexism2022_english-14460,I'll repeat what I told somebody else earlier. These aren’t “leftists” or “feminists” or “activists” we're up against. These are petulant children who have never had their insolent mouths slapped when needed.,sexist,train
synthetic_gen_516,Why do women think they deserve respect when they can't even be honest?,sexist,train
synthetic_gen_1056,"You can't trust a woman who rejects a nice guy, they are all the same.",sexist,train
sexism2022_english-9555,the first thing though is GETTING the girl to come to yours... thats the real challenge.,not sexist,train
sexism2022_english-17474,"“Also, I like Sushi and Mini Golf” Just in case you agree with me, buy me fish and tiny balls. Lol.",not sexist,train
synthetic_gen_954,Another dumb female trying to lecture men on equal rights.,sexist,train
sexism2022_english-2999,I am doing the same. Fuck fake friends.,not sexist,train
sexism2022_english-13240,Cop acquitted in unarmed man's death is teaching officers how to cope with similar incidents. [URL],not sexist,train
synthetic_gen_840,"Typical female, always complaining about equal rights.",sexist,train
sexism2022_english-11751,Yeah I had this whole conversation with Alcade and .... Oblivia? I think the other day about that she showed me one who followed like 100000 ppl which is insane. I didn’t know that about Jeffy so the joke obviously went over my head sorry,not sexist,train
synthetic_gen_975,"You can't trust a woman who works in STEM, they are all the same.",sexist,train
sexism2022_english-19493,pops aint going 2 wear a wester latex hijab 4 muslim women. women LOVE the circumcision.,sexist,train
synthetic_gen_551,She's just another femnazi looking for attention online.,sexist,train
synthetic_gen_944,Men are better at logic because women are too emotional.,sexist,train
synthetic_gen_13,Why do women think they deserve respect when they can't even be honest?,sexist,train
sexism2022_english-10640,Most women lay there like sacks of shit anyway. The ones that are crazy in bed are not usually wife material because they are whores or actually crazy.,sexist,train
sexism2022_english-9285,No person should ever expect others to treat them or their body with more respect than they treat their body. You can't treat yourself like shit but expect everyone else to treat you like a pretty little precious princess. =),sexist,train
sexism2022_english-5992,So you are mainly attracted to Asian women who have white fever and 10 ex white boyfriends?,sexist,train
sexism2022_english-166,"Blah Blah Blah... The media fawned over the old , dryed up hag, who can't even stand up without falling over. NO CHANCE Trump can win.... Don't buy the BETO BS. [URL]",sexist,train
sexism2022_english-14532,"If he sees all the shit tests and is able to make a comic about it, yet still is married to this woman, he’s a cuck.",not sexist,train
synthetic_gen_1140,Women are naturally unstable and shouldn't be in leadership.,sexist,train
sexism2022_english-16141,These women degrade themselves more than any man could by themselves.,sexist,train
sexism2022_english-19228,"Cruel? What’s coming ahead will make this moment seem like a Happy Birthday Party. If she had her way, you and yours would be in a Gulag. Never forget that-no sympathy, no pity. It’s a war for our children’s survival. Oh. And F her.",not sexist,train
sexism2022_english-15816,How does she get so many followers and likes. Fucking sickos,not sexist,train
sexism2022_english-6738,"I remind myself that girls actually want guys to stop them, it's a fantasy all girls have. I'm not disrupting their day i'm giving them the opportunity to experience that fantasy in reality.",sexist,train
synthetic_gen_1169,Women are naturally irrational and shouldn't be in politics.,sexist,train
sexism2022_english-18861,"like a pro man, like a pro!",not sexist,train
sexism2022_english-11510,Because girls don't go on Tinder to meet monogamous guys who just want to date.,sexist,train
sexism2022_english-1546,Do you think if you can hold a conversation with a female she just pulls down her panties after a certain point? You have to put a move on her if you want to advance it anywhere.,not sexist,train
sexism2022_english-12285,"It's personally painful to me. My fam lost 11 members, mostly women and babies in the holocaust of Dresden. We are still mourning, but if we mention it publicly, we are told that they deserved to die - Because Hitler.",not sexist,train
sexism2022_english-15159,Start shifting towards online dating at this point. You dont want the reputation as the guy that hits on every girls. Thats so bad,not sexist,train
synthetic_gen_796,Why do women think they deserve respect when they can't even be honest?,sexist,train
sexism2022_english-8542,"I'm thinking post-war, e.g. partitioned Poland edit: ...& widows & orphans",not sexist,train
sexism2022_english-7663,"She is an ignorant piece of schiff. Her day will come. Why anyone follows her is a mystery. She talks schiff but that's all it is. She just looks like an asshole, act's like a dumb bitch. Just saying",sexist,train
sexism2022_english-17165,"Men get into sports and army in order to get with a lady. Those guys have heard that women love guys in uniform, so they do it.",not sexist,train
sexism2022_english-12738,"I’m pretty sure it’s Pink and circumcised. Fake Indian female account nice touch. It’s real simple pen, paper and your shit skin. Fucking troll.",not sexist,train
sexism2022_english-5287,yeah your wife was doing that for some reason after I f***** her hashtag Maga,sexist,train
synthetic_gen_19,Why do women think they deserve respect when they can't even be honest?,sexist,train
sexism2022_english-16502,A man makes the table.,sexist,train
synthetic_gen_675,Women are naturally manipulative and shouldn't be in leadership.,sexist,train
sexism2022_english-7393,Why would women hate men if prostitution was legal/,not sexist,train
sexism2022_english-6181,What’s wrong with being “the guy that’s just hitting on women”?,not sexist,train
sexism2022_english-8638,"Not necessarily. And even if a girl finds you ""attractive"" that doesn't mean she's gonna hook up with you. Imagine you lived in a society where it was ok to grab girl's asses. You would grab a lot of girl's asses that you didn't give a fuck about.",not sexist,train
sexism2022_english-6098,"Asian is ok, be a hard working slave and do white men's shit. Blacks are hated because they have huge dicks and steal white women Edit : my bad, didn't realise all minorities are fucked",not sexist,train
sexism2022_english-2170,"You'd think that bitch with a 5 pound nose would be happy about that. I thought the ""Chosen"" hated Hamas.",sexist,train
sexism2022_english-18147,Somehow I feel convinced that [USER] has a crush on [USER]...,not sexist,train
synthetic_gen_478,"You can't trust a woman who rejects a nice guy, they are all the same.",sexist,train
sexism2022_english-11571,Maxine is gutter trash trying to pass as an informed citizen & member of Congress. She has no decorm & usually acts like she just stepped out of the hood.,not sexist,train
synthetic_gen_877,"Typical female, always complaining about sports.",sexist,train
synthetic_gen_148,She's just another bitch looking for attention online.,sexist,train
sexism2022_english-2740,"2001 a Space Odyssey had two guys and a robot, but she was pretty bossy. The entire movie consisted of the crew trying to get her to shut up and stop breaking things. I'm exaggerating but, it is a classic and before feminism.",sexist,train
sexism2022_english-6463,"Gotta admit though, if you are out at night getting a good head on, those Lefty women can be quite the easy mark when you got your beer goggles on! :) Getting rid of em the morning can be quite the problem though. lol",sexist,train
sexism2022_english-10355,I never want to see a woman ever again. I hate them with all of my heart. Screw them all to hell. The only reason I got matched in Ukraine is cause those girls had aids.,sexist,train
sexism2022_english-14649,"Gotta say, she's got more balls than 90% of Antifa. She's by herself and with her face uncovered. Like everyone keeps saying with the white supremacists, it doesn't matter whether you like her message, she can say the words.",not sexist,train
synthetic_gen_564,Why do women think they deserve respect when they can't even be honest?,sexist,train
sexism2022_english-14193,"You don't ""communicate"" being an alpha. You need to become an alpha. Women pick up on that far better than you can imagine.",sexist,train
sexism2022_english-197,"Self-inflicted wound #BuildTheWall #DeportThemAll When interviewed by police, the woman says she has been raped by him 3 times in total, saying He doesn’t understand when I shake my head. [URL] #VoteRed no #OpenBorders",not sexist,train
sexism2022_english-9418,[URL] … Clinton was appearing at an event where she was being questioned by Time Inc. Brands CCO Alan Murray and she revealed that – in her opinion – being a capitalist hurt her in the Democrat primary.,not sexist,train
sexism2022_english-19801,"I dont if the lads at WallStreetBets would agree,she was supposed be the one but ended up disappointing like all the rest",sexist,train
synthetic_gen_212,She's just another slut looking for attention online.,sexist,train
sexism2022_english-18483,The better shall be replaced with the worse ? - Because a malicious insane woman likes it ?! Everywhere the same insanity!,sexist,train
sexism2022_english-14570,"Reminder! #Hillary said she would most like to emulate Angela Merkel if elected 👉Under a Clinton Presidency, the American Muslim Population Would Exceed Germany's by 2024! Save the USA 👉 Vote #Trump! #MAGA #DrainTheSwamp",not sexist,train
sexism2022_english-16626,"women are accessories my dude, don't get too invested.",sexist,train
synthetic_gen_933,Another dumb female trying to lecture men on sports.,sexist,train
synthetic_gen_1118,Men are better at logic because women are too emotional.,sexist,train
sexism2022_english-12199,I honestly think that it's fucking pathetic that they are asking for help from the un. How hard could it be to slap these criminals down.,not sexist,train
sexism2022_english-15822,"but they prefer the muscular 6'2"" Cristiano Ronaldo",not sexist,train
synthetic_gen_92,"Go back to the laundry room, that's where you belong.",sexist,train
sexism2022_english-5084,"I think Corbyn thinks he's on safe ground sugesting the killing of women and children is wrong , but he would be VERY WRONG",sexist,train
synthetic_gen_268,Another dumb female trying to lecture men on gaming.,sexist,train
sexism2022_english-351,"Judging from what I've read in the sidebar etc when trying to ask a girl out, don't make it a question, instead say ""trivia night Sunday, you sound like you know a few things, if I Piick up at 9 will u be ready by then""",not sexist,train
sexism2022_english-8935,White women are absolutely the most beautiful in the world....without question.,not sexist,train
sexism2022_english-8140,I shall search for this alpha female and monitor her bleeding cycles!,not sexist,train
sexism2022_english-11827,"[USER]‍ Hey what happen, ur white skin hurt u in the sun or what? did u rea about how ur rape god fucked a 12 year old girl. Shame on that book u read and force other nation to read it.",not sexist,train
sexism2022_english-11289,It's ok for tay to be white but it's not ok for her to be narccistic vain shallow and untalented,not sexist,train
sexism2022_english-16542,"She has the main qualification for a Socialist, she lies [URL]",not sexist,train
sexism2022_english-17626,"[USER] Yes, she is a joke. Can't stand her.",not sexist,train
synthetic_gen_305,Why do women think they deserve respect when they can't even be honest?,sexist,train
sexism2022_english-1652,“Or we are done”?? Fuck that get rid of her anyways,not sexist,train
synthetic_gen_795,"I'm not being mean, it's just biology that women can't drive.",sexist,train
sexism2022_english-13504,*Paid actors,not sexist,train
sexism2022_english-11543,"Steve Scalise, Roger Williams shot in Virginia, aides also hit [URL]",not sexist,train
synthetic_gen_1005,"I'm not being mean, it's just biology that women can't drive.",sexist,train
sexism2022_english-1170,Bet she won't wear that shirt again. 🤣,not sexist,train
sexism2022_english-9649,"[USER] Maybe it would be too hypocritical not to with a husband like she has... I expect he has contributed to the STD problem. As for Little Miss Slut, why does being a person deserve respect? I always thought respect had to be earned.",sexist,train
sexism2022_english-7447,"Even with her creative editing, it's not even anything like hate.",not sexist,train
sexism2022_english-4851,"Step sister, she's a turbo slut. As basic of a Stacy you can get. Yes she pisses me off, we get along fine but her life is God mode compared to mine.",sexist,train
sexism2022_english-17975,"damn, i bet she likes tall dudes",not sexist,train
sexism2022_english-14008,Stop the witch-hunts Get to work !! #MAGA #AmericaFirst [URL],not sexist,train
sexism2022_english-10460,RT RealCandaceO The Democrat Party has very strict guidelines on how black people must behave. They also have guidelines on who women must support. The most complicit thing you can be today is a Democrat. [URL],not sexist,train
synthetic_gen_607,"I'm not being mean, it's just biology that women can't drive.",sexist,train
sexism2022_english-15502,"How? The women are pretty decent there but still , my height + dick + mental illness keeps me from dating .",not sexist,train
synthetic_gen_327,"Typical female, always complaining about equal rights.",sexist,train
sexism2022_english-10057,"You really are retarded when you can tell his hands are touching her. But you keep on humping this same argument, I'm sure there's another moron out there who's right there with ya!",not sexist,train
sexism2022_english-8022,This is how it works. Woman: you give me a raise and I'll give you a raise;-).,sexist,train
sexism2022_english-2263,Owning gun and ammunitions at home is not reasonable either. You thinking that’s not reasonable isn’t reasonable. Fucking dumbass.,not sexist,train
synthetic_gen_1190,Men are better at logic because women are too emotional.,sexist,train
sexism2022_english-2912,"Yes, I’m asking do you have to cut out fapping entirely or just porn",not sexist,train
sexism2022_english-16873,If fat acceptance worked both ways with both sexes then great....but it's always a pic of a fat woman being lusted over by a fit guy.,sexist,train
sexism2022_english-18533,"She is so radical, she would rather vote for a Demoncrat than for a woman.",not sexist,train
synthetic_gen_435,The only reason she got that job is because of diversity quotas.,sexist,train
synthetic_gen_1212,"Typical female, always complaining about gaming.",sexist,train
sexism2022_english-4982,"Theresa May took the biggest of dump on the failed concept of democracy with her ""soft"" (non)Brexit. What a joke. We need rope. And a loicense for said rope.",not sexist,train
sexism2022_english-9247,Why would anyone be against their daughters dating a man whose got his $hit together? we are going to want to talk to the sob but that's bout it.,not sexist,train
synthetic_gen_910,Men are better at logic because women are too emotional.,sexist,train
sexism2022_english-19825,"Idiot workers wanting to run the asylum...business as usual cannot work in the food store of Amazon's vision. Robots, fall in line or walk. D'oh! ""Amazon Imposes Dystopian Scoring System On Whole Foods Workers"" [URL]",not sexist,train
sexism2022_english-18529,"So glad you're here! Welcome to the home of the AltRight! Just kidding, there's lots of idiots here too, beside us cool guys. [USER]",not sexist,train
sexism2022_english-7106,The only thing strong independent women need is a dominant man. I have a feeling she'll be chasing you after you eject.,sexist,train
sexism2022_english-15546,Your fucking brain has been hijacked by Trump. Even the kids know it.,not sexist,train
synthetic_gen_1000,"You can't trust a woman who works in STEM, they are all the same.",sexist,train
sexism2022_english-8396,"Poor #FakeNazi, I don’t take orders from anyone. Definitely NOT YOU. Feel free to sit on your strap-on and spin until tears of joy run down your pathetic face. Now run along little man, your mommy has lunch ready for you 😉",not sexist,train
synthetic_gen_1060,Another dumb female trying to lecture men on gaming.,sexist,train
sexism2022_english-3564,"Yeah man that’s all true and you know as well as I do, if my ugly ass went up to one of the hot girls she’d laugh at me and walk away",sexist,train
sexism2022_english-8550,"Yep definitely getting therapy. Just idk what I should have done at those specific points. I guess more of like ""ok cool"" and not being so impulsive.",not sexist,train
sexism2022_english-17193,#HillarysAltRightSpeech is giving the alt right attention. the one thing it craves lol. shes such a dumbass. i cant wait for the memes.,not sexist,train
sexism2022_english-12507,"AFAIK he does respect transgendered people, he just doesn't think made-up genders and their pronouns are anything more than narcissism.",not sexist,train
sexism2022_english-3673,"Late teens are like the easiest girls to have sex with, why compicate shit?",sexist,train
synthetic_gen_108,Women are naturally inferior and shouldn't be in leadership.,sexist,train
sexism2022_english-16616,This snarling bitch Jew....should go join the NWO...they'd love her there,sexist,train
sexism2022_english-1798,"Is there a way to block all the stuff from one certain sub?I seen them dozens of times on the frontpage even though I am not sub to them.Speaking of which,dies they sub count include banned users?",not sexist,train
sexism2022_english-15326,"Unfortunately those rednecks with man clits cant do their jobs. their women have to fly into the jungle for a dicking. Its a win win situation. Tell your racist pink okies to pause on the dislike button,they spoiling my score bunch of white trash.",sexist,train
synthetic_gen_189,She's just another femnazi looking for attention online.,sexist,train
sexism2022_english-15790,"Ok, some dudes dislike this comment because they can't afford women closer to their age I guess ;)",not sexist,train
sexism2022_english-5461,"The virtue signaling is off the charts here. This just further convinces me that liberals are programmed to not only self-destruct but to also destroy everyone whom they ""love"". This man does not love his own daughter.",not sexist,train
sexism2022_english-18152,"Weev your mom says you've got internet addiction. Put down the memes dude, we care about you.",not sexist,train
synthetic_gen_1157,Men are better at logic because women are too emotional.,sexist,train
sexism2022_english-18446,you can see them the whole time she is talking looks like 2 giant John McCain brain tumors that guy is such a maverick piece of shit fuckin ass clown.,not sexist,train
sexism2022_english-9458,"""if you think you have what it takes to lock me down"" Make her qualify, but be cute about it if you really give fucks.",not sexist,train
sexism2022_english-6608,referring to them as bitches kind of goes against your interpretation,not sexist,train
synthetic_gen_782,Women are naturally weak and shouldn't be in politics.,sexist,train
sexism2022_english-7565,"Eh, speaking as a lesbian, I find penises kind of hilarious, but the idea of doing anything sexual with them is pretty ""meh"". (Unless they're attached to a lady person, in which case, game on!)",not sexist,train
sexism2022_english-14814,They are more natural than us. They dont accept or tolerate gynocentrism. Unlike the west who apparently is ok with whatever bullshit women say and do.,sexist,train
synthetic_gen_829,"I'm not being mean, it's just biology that women can't drive.",sexist,train
synthetic_gen_583,"I'm not being mean, it's just biology that women can't drive.",sexist,train
synthetic_gen_717,She's just another slut looking for attention online.,sexist,train
synthetic_gen_49,Women are naturally manipulative and shouldn't be in power.,sexist,train
sexism2022_english-14271,"The Left are asking if ALEX JONES Grabs Men's Butts in the Studio.....because they think if they can get his Supporters to believe Alex Grabs Men's Butts, they will withdraw their Support of INFOWARS...!!😂 #Globalists #Leftists",not sexist,train
sexism2022_english-5568,Related: Finland shooting: three women killed outside Imatra restaurant [URL] #pizzagate #littlelivesmatter 12 December 2016 [USER],not sexist,train
sexism2022_english-17868,40 years of your fat mom on welfare is reparations you lazy low iq bitch,sexist,train
sexism2022_english-10690,Yeah? Be sure to use that excuse when a nigger tries to rape your woman.,not sexist,train
sexism2022_english-4654,"Lol I wonder what you'd say if he got divorce raped a SECOND time. ""At least he got laid bru. He'll probably find third woman to keep sucking him dry while you're wasting your time posting here bru""",sexist,train
sexism2022_english-6979,"[URL] Commie, & closet muslim stooge Clooney, speaks muslim lies & propaganda thru his wife's muslim vagina that spews sharia hell for women. Hollywood loves muslim hell & hates America that makes them free &rich!",sexist,train
sexism2022_english-18908,"Never mind, my skull is thick. If you want to avoid that certain kind of obnoxious person, then it is indeed better to just avoid all feminists, like that bowl of chocolate. Apologies for the time wasted.",sexist,train
synthetic_gen_627,Another dumb female trying to lecture men on their careers.,sexist,train
synthetic_gen_772,Another dumb female trying to lecture men on their careers.,sexist,train
sexism2022_english-7908,"Yep. I'm not one for violence but I think an 'Old Yeller' solution would be the kindest thing. Take her out into a pasture, let her run around a bit, rub her belly and then put the bitch down with a 12-Bore. LOL",sexist,train
sexism2022_english-19157,I don't love weak women either. All women are the same: parasites,sexist,train
sexism2022_english-15329,Anna Navarro when she ooks in the mirror she sees the puta who slept her way up to America,sexist,train
synthetic_gen_576,Women are naturally manipulative and shouldn't be in politics.,sexist,train
sexism2022_english-4823,The leftist media smear machine is losing more influence every day. Liberals must be terrified.,not sexist,train
sexism2022_english-2520,"""Mollie should have been grounded by her patriarch."" Molly Tibbets was equal. She had the right to self defense. She just sucked at it. Screw her. I am really glad she is dead. The more dead women killed by immigrants the better.",sexist,train
sexism2022_english-11652,You just gotta plow through it and you'll get there man! And With that first example that tall girl liked him or at least enjoyed the experience.,not sexist,train
synthetic_gen_1032,Another dumb female trying to lecture men on equal rights.,sexist,train
sexism2022_english-12014,"So do I. But it was legitimately one of the wildest one nighters I've had. Did you know public sex is legal in Vondelpark after dark? God, I love vacation hookups.",not sexist,train
sexism2022_english-17999,"Her source double crossed her. There is no honor among thieves, journalists, liberals, or dykes. I have sliced 4 large onions in the last hour, trying to work up some tears over this.",sexist,train
synthetic_gen_613,She's just another femnazi looking for attention online.,sexist,train
sexism2022_english-14998,Unlicensed day care worker reportedly tells cops she would 'rather be deported than go to jail' after allegedly breaking child's legs,not sexist,train
synthetic_gen_970,She's just another slut looking for attention online.,sexist,train
synthetic_gen_60,"You can't trust a woman who rejects a nice guy, they are all the same.",sexist,train
sexism2022_english-7542,"I will say it once again ""the white race's greatest enemy is not the jew, or the jew's negro pets; the white race's greatest enemy is the white female""",sexist,train
sexism2022_english-704,"This guys gonna have a great time in the barracks. If they don't know who he is, they will the first time he takes a communal shower. Christ, the women Marines will even be giving him shit. Ooorah! Fuckin-A.",sexist,train
sexism2022_english-12453,I don't know what is more pathetic between a cunt and her simps.,sexist,train
sexism2022_english-17766,"i think i might give it a go and see if its worth anything. she is one sexy mama so why the hell not try, right? i have no expectations with this one, gonna keep it fun",not sexist,train
synthetic_gen_338,"I'm not being mean, it's just biology that women can't drive.",sexist,train
sexism2022_english-5824,You will burn along with all the other Christ killers who refuse to repent.,not sexist,train
sexism2022_english-7900,Pretty sure most women would be perfectly happy if all the mgtow idiots actually just started ignoring women.,not sexist,train
sexism2022_english-1788,"Short answer, no. Don't be a beta. You can genuinely care but never be a doormat or the stepping stone for her ego on her way to her next alpha",not sexist,train
sexism2022_english-16243,"""See how she behaves when nobody *whom she wants something from* is around."" Waitstaff (male and female) have given me ""heads up"" on a few nutcases — thanks random now-friend!",not sexist,train
sexism2022_english-12795,they shall be in pain as a woman that travaileth:,not sexist,train
sexism2022_english-19380,I'm not talking about the girl in OP im talking about this girl I knew. YOU RETARD,not sexist,train
synthetic_gen_234,She's just another femnazi looking for attention online.,sexist,train
sexism2022_english-8618,"Not just barren women, e.g. Macron also has no children. OTOH you can legitimately doubt that he is a man. ;-P",not sexist,train
synthetic_gen_585,She's just another slut looking for attention online.,sexist,train
sexism2022_english-16544,Sacrilege! You can still see the XX chromosomes!,not sexist,train
sexism2022_english-16366,"Hahaha, why didnt you say that to my face you little bitch? How surprisingly feminine of you to talk shit behind my back little boy. Afraid of confrontation? You'll never be the man your mother is.",sexist,train
synthetic_gen_1019,Why do women think they deserve respect when they can't even be honest?,sexist,train
sexism2022_english-15868,I wonder why he didn't molest Indian women? Kid in a candy store?,not sexist,train
synthetic_gen_1156,"I'm not being mean, it's just biology that women can't drive.",sexist,train
sexism2022_english-2848,and the fucking bitch in the ceiling dont hold us doesnt sound like a fucking black female gender,sexist,train
sexism2022_english-17850,"YEP, OLE TRUMP WON'T TAKE CREDIT ON IT THOUGH!",not sexist,train
sexism2022_english-396,"No, UR mom is the gay one! (reference to your username)",not sexist,train
synthetic_gen_45,Another dumb female trying to lecture men on their careers.,sexist,train
sexism2022_english-15096,but I also left her lonely for a lot of years It wasn't him who pushed him out of the bedroom and cut off sex though.,not sexist,train
synthetic_gen_465,The only reason she got that job is because of her looks.,sexist,train
sexism2022_english-10367,Well maybe women should just stop judging each other?,sexist,train
synthetic_gen_359,"Typical female, always complaining about sports.",sexist,train
synthetic_gen_317,"I'm not being mean, it's just biology that women can't drive.",sexist,train
sexism2022_english-11967,"I don’t care if you love her or not. Lawyer now. File motion to preempt her from naming you as father until DNA paternity test is done. When it comes back negative, divorce and sue her for fraud.",not sexist,train
sexism2022_english-1188,"North Korea ""months away"" from ability to hit U.S. with nuclear weapon -U.S. envoy [URL]",not sexist,train
synthetic_gen_604,Another dumb female trying to lecture men on their careers.,sexist,train
synthetic_gen_1059,Why do women think they deserve respect when they can't even be honest?,sexist,train
sexism2022_english-9007,Jesus man that is fucking pathetic. Imagine her vag?!,not sexist,train
synthetic_gen_1185,She's just another bitch looking for attention online.,sexist,train
sexism2022_english-19025,There must be a segment of women unhappy with their bodies who decide to shit post like that. I cannot think of any other reasonable explanation. It's harsh to say but I daresay it's true.,sexist,train
sexism2022_english-18614,The article says she is a known drug addict with many arrest and is now in rehab I would not judge the bitch probably did something and had it coming.,sexist,train
sexism2022_english-2058,Hope doesn't pay the rent. Neither does minimum wage when you have to compete against H1B slaves who will work off the clock. Wage security for Americans working in a free market restricted to American workers does pay the rent.,not sexist,train
sexism2022_english-19707,I'm fairly sure any woman aged 20-50 would kill for a 20 year old alpha stud; this data sounds like crap to me,not sexist,train
sexism2022_english-11892,"yep, those pics are models, just like the ""girls & guns"" calendars sold in the USA, real IDF uniforms will have full unit and branch insignia on them, posted pics never do.",not sexist,train
sexism2022_english-8156,well you also clearly do if you think we men are all gonna rape a girl and that'd we'd do something without her consent I am gonna stop this conversation my I just lost my last braincell to this,not sexist,train
sexism2022_english-9400,"RT IngrahamAngle Yes, ⁦[USER]⁩ definitely takes excessive drinking and abuse of women seriously. [URL] [URL]",not sexist,train
synthetic_gen_132,Why do women think they deserve respect when they can't even be honest?,sexist,train
sexism2022_english-3304,Everyone should donate to her opponent to get this idiot out of office and then ignore the fool.,not sexist,train
synthetic_gen_552,Another dumb female trying to lecture men on their careers.,sexist,train
sexism2022_english-19885,What are you talking about. Women will change the laws and say the men have to delete them. Look at mia Khalifa.,sexist,train
sexism2022_english-9281,"And it is women who are terrified of men controlling their sexuality, because men wanting to fuck women is literally the only reason women survive.",sexist,train
sexism2022_english-15609,Lmfao what? No being a natural is simply dropping the game and being what women desire. Pua our up a front to smash and then their true faces are shown becoming what women desire will remain after you’ve fucked and will continue to be long after.....,not sexist,train
sexism2022_english-7891,Larping as a female Muslim black lives matter supporter pays off I guess,not sexist,train
sexism2022_english-18589,She's even Racist against her own people. She does NOT live in the District she represents. She has a 3 million mansion in a very affluent White neighborhood.,not sexist,train
sexism2022_english-17097,Who says the different types of men women like end up covering 100% and not 5% of the male population?,not sexist,train
sexism2022_english-13277,Your mother used to smash up your autism medicine in your lucky charms before strapping on your special helmet and sending you off to school.,not sexist,train
sexism2022_english-7022,"I did. You have to have the bravery to escalate, touch her boobs etc, and work on escalating it further.",sexist,train
sexism2022_english-18915,A famous British comedian once said they can't take our sense of humor from us......... He would be turning in his grave today.,not sexist,train
synthetic_gen_786,Men are better at logic because women are too emotional.,sexist,train
synthetic_gen_698,Women are naturally weak and shouldn't be in tech.,sexist,train
synthetic_gen_764,"Typical female, always complaining about sports.",sexist,train
sexism2022_english-2489,I hope she’s not on Gab.,not sexist,train
sexism2022_english-17720,Normal women can't replace men in difficult jobs like software development. But my always prefer women even they have only 50% capability. Due to high work pressure all female developers resign from their post. HR department again start the cycle.,sexist,train
sexism2022_english-10269,I'm not even incel I just hate females. Fuck off.,sexist,train
sexism2022_english-19725,"Lol no. Fuck no dude. I ditched her long time ago. Havent dated in years, too much trouble and misery sifting through the grifter bitches. you are 100% right though, It would be completely my fault if I was still with someone like that.",sexist,train
synthetic_gen_797,Another dumb female trying to lecture men on sports.,sexist,train
sexism2022_english-17060,"You got a bitch Satanists user name NONE YA , What's my ABUSER NAME?",sexist,train
sexism2022_english-8957,"""Hey Christians, your existence is making the moossies mad so stop What an evil, vile, sub-human she is.",sexist,train
sexism2022_english-12110,So not ugly. What's your point. I know a lot of ugly dudes too. everyone does. > >And therefore you know about everyones sex life? I know they all have had girlfriends. Because I've met them.,not sexist,train
sexism2022_english-19909,may st.Blackopscel make the ball float across the ocean to his girl,not sexist,train
sexism2022_english-13439,"Ahh. Yea definite shit test. If you agreed to go over there she probably would have just said “ohh wait i can’t, gotta work earlier than I thought” or some other excuse and then be happy with her validation from you wanting to come over.",sexist,train
sexism2022_english-16155,"Wow, if you're smiling to a girl and she smiles back that's a ticket to you and go and approach her. How do you expect a girl to approach you if you don't even have the balls to do it.",not sexist,train
sexism2022_english-2082,[USER] thedn she should be tried for kid napping and hate crimes put in jail for life where is the FBI,not sexist,train
sexism2022_english-4916,Hope Hicks wrote to me and said she is tired of living in D.C. so far away from me. She said she just can't make this long distance thing work any longer and so she is coming home. :),not sexist,train
sexism2022_english-10360,"That's because ugly women are more insecure and less confident. They will have self doubts and not be used to guys hitting on them, hence the strange reactions.",sexist,train
sexism2022_english-1224,Mr.E Edits -- New Edit If Putin doesn't step out of the way America has to step in and kill that murdering mother fucker Assad. That fucker needs to die.,not sexist,train
synthetic_gen_1014,"Go back to the laundry room, that's where you belong.",sexist,train
sexism2022_english-19678,Don't forget she slept with(and probably still sees) whoever gave her(she stole) that oversized hoodie,not sexist,train
sexism2022_english-17256,"***Sanity at last!!!! A Michigan appeals court has officially ruled that biological men belong in men’s, and not women’s, locker rooms, [URL]",not sexist,train
sexism2022_english-13547,"Damn good cops. Usually you have to have video proof, a written confession by the woman, and at least 5 former presidents physically at the location in order for your word to be taken seriously at all.",sexist,train
sexism2022_english-15399,He witnessed the exact moment she realized this creepy dude was hitting on her mom.,not sexist,train
sexism2022_english-12668,Men would straight up say its an anti-women club and that that is a good and desirable thing,not sexist,train
sexism2022_english-6059,[URL] Women want equality until equality comes knocking their ass out. #Feminism #DamnPatriarchy,sexist,train
sexism2022_english-12515,"I actually don't think there is anything wrong with the ad. She may have done extraordinarily, but that does not reflect poorly on men nor well upon women. It just means she is extraordinary, each sex has some extraordinary people.",not sexist,train
sexism2022_english-15284,Haha 100%. Don't run from 1 flake. Especially when there's a legit reason. Multiple flakes = different story. Get that shit dick you dirty boy you.,not sexist,train
sexism2022_english-2506,"I approached because women are too cowardly to approach. So if she is a coward, what makes her better than me?",sexist,train
sexism2022_english-12463,"They may be ""single"" but behind the scenes they're just going to be in a Chad harem.",sexist,train
sexism2022_english-8858,"When Gutierrez sits there & brings up the 16 women that accused the Pres of sexual misconduct & says Putin helped Pres Trump win the Presidency Yes, I agree a waste of oxygen",not sexist,train
synthetic_gen_1144,Men are better at logic because women are too emotional.,sexist,train
synthetic_gen_158,Women are naturally inferior and shouldn't be in leadership.,sexist,train
sexism2022_english-3936,"Is it possibly down to how ""toxic masculinity"" is one of the worst possible jargon phrases and easiest to misunderstand for the layman? While it doesn't mean that, it comes across as ""you suck because penis"".",not sexist,train
sexism2022_english-5045,"I really like this idea. I know a lot of people, especially me, get complacent with just being able to talk to girls casually and shooting the shit. I just might do something like this to really get myself out there.",not sexist,train
sexism2022_english-3171,It's over if she felt your boner.,not sexist,train
sexism2022_english-1766,Lots of women have sadistic tendencies when it comes to low status men and enjoying toying with them. I noticed that once I put my foot down instead of just “ignoring it” (being a pussy) they stopped with giving me shit.,sexist,train
sexism2022_english-19167,"little girl, youre really the boss--come back tomorrow and find out how",sexist,train
synthetic_gen_66,Men are better at logic because women are too emotional.,sexist,train
sexism2022_english-16536,Agree with this point: arguably males are 'hard wired' to breed & just club any attractive female over the head and drag her off to their cave to mate with her whether she wishes to or not. But civilisation has evolved and modified MALE behaviour.,sexist,train
sexism2022_english-15057,Nothing wrong with this. The model should look at least similar to the target audience. Did they put Vaseline on her face before fucking up her hair? Is it even possible for fashion shows to look good?,not sexist,train
sexism2022_english-13290,"He's already getting a lot of those reminders. His voter base is pissed, and the left still hates him. He knows what he's doing! You don't do a 180 because you forgot what you promised. He's a liar and a crook, just like the rest of them.",not sexist,train
sexism2022_english-10844,"I am a 17yo. This is how it is perceived by us. 18-19 Senior girl dating college boy OK Senior girl dating post college working man -> creepy man, whore girl.",sexist,train
synthetic_gen_550,Men are better at logic because women are too emotional.,sexist,train
sexism2022_english-7829,"Females can't be incel. The quick spreading of your legs should suffice. But if you're going to have unbelievably high standards, like going after chad like all females do, then good luck.",sexist,train
synthetic_gen_616,"Go back to the laundry room, that's where you belong.",sexist,train
sexism2022_english-15289,Mentally ill Bradley Manning uses U.S. tax dollars to get sex change after going on food strike [URL],not sexist,train
sexism2022_english-14517,dIs iS a GrAte wIn 4 cIvuL rItEs,not sexist,train
synthetic_gen_816,"Typical female, always complaining about their careers.",sexist,train
sexism2022_english-12017,"I don't think feminism is to blame, I think it's just advantageous biologically for our sisters to demand a lot from the men they're involved with.",not sexist,train
sexism2022_english-7657,you'll likely be servicing mostly call girls Wut.,not sexist,train
sexism2022_english-1950,right? what an ungrateful bitch.. If a girl did something like this to me trying to be nice I would be happy not disgusted..,sexist,train
sexism2022_english-7034,"Well, it certainly goes a long way to explain the lack of oxygen flowing to her brain. Just saying...",not sexist,train
sexism2022_english-12252,Yeah well you wouldn’t have done anything with the op anyways.....ANYWAYS yes op calling out girls out works well especially like you said you got nothing to lose. Same to being bold with approaching because we have nothing to lose...🤫,not sexist,train
sexism2022_english-16197,"Frankenstein said she only had 5 mins then had to leave, She was asked to leave, there was information in the 45 page report that implicated her in this fraud, and now she knows she is in deep shit! That's why she looked so nervous, and stressed.",not sexist,train
sexism2022_english-13170,"GET A LOAD OF THIS! ROFL! Dumb fatass bitch thinks I AM the ""asshole""! ROFL! I decide to give her the full roast before blocking her pathetic sub-human ass! [URL]",sexist,train
sexism2022_english-10072,#LockHerUp Oakland Mayor Libby Schaaf told reporters that police in her city will not assist ICE officials if the report on the raids is accurate. [URL],not sexist,train
sexism2022_english-3758,"english sayings i have never understood: ""wearing your heart on you sleeve"" ""i could care less"" ""islam is a religion of peace"" ""having a chip on your shoulder'",not sexist,train
sexism2022_english-14006,"Truer words can't be spoken. We will need to welcome European refugees, the women and children, so the men can take back their countries without reprisals. The enemy is amongst them.",not sexist,train
sexism2022_english-10931,"man/woman has a RIGHT 2 do as he/she wishes on planet earth as long it shall not create harm,injury or loss to his/her fellow man/woman!!!!",not sexist,train
sexism2022_english-17534,That's all you lasted? I should send you to your bitchy sister-in-law for training!,sexist,train
synthetic_gen_932,"You can't trust a woman who wants a promotion, they are all the same.",sexist,train
synthetic_gen_886,"Go back to the bottom of the ladder, that's where you belong.",sexist,train
sexism2022_english-14014,"Well then the happiness in my pants doesn't bring myself happiness. I rent it for free for people I like, but in the end I feel more empty as ever. As a hoe myself, my only advice is that magic pussy doesnt bring happiness, that is for yourself to do",sexist,train
sexism2022_english-17084,"She's still an AWALT. Doesn't matter, wife, girlfriend, hooker, stripper, gold digger, sugerbaby, camgirl, IG thot, they all get your money. I've stopped giving women my money.",sexist,train
sexism2022_english-2404,"""Men will never be women"" well good, i would not like to be physically inferior, having to deal with the shitload of emotions they go through, and periods",sexist,train
synthetic_gen_484,Another dumb female trying to lecture men on their careers.,sexist,train
sexism2022_english-19432,TLDR: incel is mad because *he* does not think his favorite driver’s wife is pretty enough.,not sexist,train
sexism2022_english-4924,And there we have it. Wanting a partner who shares your sexual history and your values amounts to hatred of women. Would you be saying that if I was a woman seeking a virgin groom?,not sexist,train
sexism2022_english-3591,"and I refuse to play with a woman's emotion Unfortunately, that's how the game works. If you want to win, you gotta learn how to play.",not sexist,train
sexism2022_english-6003,"My ethnic interests? Huh? I’m pro white you silly ass, so don’t help me out u dumb fuck",not sexist,train
synthetic_gen_160,Men are better at logic because women are too emotional.,sexist,train
sexism2022_english-17553,21k red pilled women what the fuck,not sexist,train
sexism2022_english-10414,Janis #Joplin: the Psychedelic Tranny [URL] #Transgenderagenda #Transgender #transpocalypse,sexist,train
synthetic_gen_939,Women are naturally unstable and shouldn't be in politics.,sexist,train
sexism2022_english-9822,We HAVE to let women have the right to vote. It's only fair ... to let them vote on what they're cooking for dinner!!!!,sexist,train
synthetic_gen_238,The only reason she got that job is because of nepotism.,sexist,train
sexism2022_english-2601,Good Morning Gabbers.......Coffee's Hot...... wife is in a Good Mood.......Sun is up......No rain......Trump is Still my President......Can't ask for more than THAT......,not sexist,train
sexism2022_english-4063,That didn't answer my question. You said moms aren't needed if there is a medical emergency because it's paramedics (men) who do the work. So I'm asking you who is meant to call the paramedics or notice the emergency? The child themselves?,not sexist,train
sexism2022_english-15193,The Iraqi army released photos of #ISIS militants who attempted to flee #Mosul disguised as women! One got through...,not sexist,train
sexism2022_english-7625,Whales should be banned from the land.,not sexist,train
sexism2022_english-19130,I swear she just keeps him around for the laughs. There's no way this guy is the real Chancellor.,not sexist,train
synthetic_gen_908,The only reason she got that job is because of her looks.,sexist,train
sexism2022_english-15123,"I just think it's a worthy investment for future women, seems like you don't have much experience talking to women you know?",not sexist,train
sexism2022_english-1852,I dislike females.,sexist,train
sexism2022_english-9292,"If Solo fails she is gone, I don't care how many dicks she sucks money talks and the rest walks.",not sexist,train
synthetic_gen_154,"You can't trust a woman who rejects a nice guy, they are all the same.",sexist,train
sexism2022_english-18994,What a stupid question! NO MAN...would humiliate himself with such a disgusting display for a few dollars...we aren't women.,sexist,train
sexism2022_english-13646,Too bad he got into all that stupid scientology stuff. He really is one charismatic motherfucker,not sexist,train
synthetic_gen_202,Women are naturally inferior and shouldn't be in leadership.,sexist,train
sexism2022_english-8137,"It’s harder to prey on women when they are in a car. On foot or on public transport, they are fair game for some of his co-religionists",sexist,train
synthetic_gen_78,"Go back to the kitchen, that's where you belong.",sexist,train
synthetic_gen_1234,Another dumb female trying to lecture men on sports.,sexist,train
sexism2022_english-6327,Behind every successful man there is a successful woman. Successful in finding him.,sexist,train
sexism2022_english-15656,"Because heavily muscled females look grotesque, that’s why.",sexist,train
sexism2022_english-16088,Dude there’s no trip she just wanted weed money,not sexist,train
sexism2022_english-364,Former brad future chad lol. You a chad now ? They say men are bad communicators but the majority of women I’ve seen are really bad communicators; you gotta drag the truth out of them. Being a good communicator imo makes a woman a unicorn.,sexist,train
sexism2022_english-9037,"Man from afrika, white hater, wife is a man",not sexist,train
sexism2022_english-12431,The fact that she is more concerned about forcing him to do stuff that he might not want to do instead of where these sorts of desires come from is a testament to how girls are misededucated.,sexist,train
sexism2022_english-3557,"Not an incel. I'm a lesbian w/ a long term girlfriend lmao. Brazilian Sigma has posted about incels 50 times in the last 24 hours, how is that healthy?",not sexist,train
sexism2022_english-9621,Beryozka - Birch Tree - famous #Folk dance from #Russia This ''floating'' dance is performed by unmarried girls. [URL],not sexist,train
synthetic_gen_855,She's just another gold-digger looking for attention online.,sexist,train
sexism2022_english-3577,She'll be saying this delusional crap from behind bars - I think that she really is nuts.,not sexist,train
sexism2022_english-7983,"It's a sad day for men when a once virile, gold-medal American olympic champion decides he'd rather be female..TRP is more important now than ever....",sexist,train
sexism2022_english-1745,Jeez you may have to ghost your mom if she's abusive and moochy. I mean I'm all for helping one's parents as they age as they generally help you get started in life. But not if she just bred a slave.,not sexist,train
sexism2022_english-2013,Long term thinking is man's job.,sexist,train
sexism2022_english-10009,women recycle the same guys because they think it doesn't make them sluts. her ex will always be her potential fucker even if she says it's over long ago. if she fucks her ex while dating you it's not cheating at all according to the slut,sexist,train
sexism2022_english-13111,"Who does Jenner think she is, Hillary Clinton? [URL]",not sexist,train
sexism2022_english-5367,"I hate that expression - ""Happy wife, happy life"" because it suggests that a man should just do what his wife tells him to do or she will make his life unhappy. Of course, that is true in many marriages in the West.",sexist,train
synthetic_gen_842,Women are naturally inferior and shouldn't be in management.,sexist,train
sexism2022_english-4073,"[USER] they'll keep her going. Even if they have to steer her by remote control, like in ""spocks brain""",not sexist,train
sexism2022_english-1511,"Yeah WB was idiotic with their hidden paid promos iirc for Shadow of Mordor, which was a legit good game and didn't need shenanigans like that to prop it up.",not sexist,train
sexism2022_english-6184,"Ok, I'll tell her that when we hang out this saturday",not sexist,train
sexism2022_english-10407,"And, her daddy was Chief Spreading Bull",not sexist,train
sexism2022_english-12019,This is inaccurate. Lesbian and bisexual male are more popular with women than any of the categories you listed.,not sexist,train
sexism2022_english-14325,The guy was mobbed. I hope they drop the charges. Obviously only reason they cuffed him is cause it's a young girl. This is great though. Girl winds up her shitty little swing and then...BOOM...,sexist,train
synthetic_gen_738,Why do women think they deserve respect when they can't even be honest?,sexist,train
sexism2022_english-15802,Well...Lock Her Up! Oakland Mayor Libby Schaff said she was willing to be jailed for defending sanctuary city policies. [URL],not sexist,train
sexism2022_english-3143,say 'thanks. and you're special too. not a slut like most women' then get annoyed when they don't appreciate the 'compliment',sexist,train
synthetic_gen_357,Another dumb female trying to lecture men on their careers.,sexist,train
sexism2022_english-13406,SHE IS SO FUCKIN' STUPID but the more stupid ones are those who kept electing her and doesn't say much for them. NO WONDER CALI is in such a bad shape !,not sexist,train
sexism2022_english-9921,"Which is a nice way of saying hank clinton has the kuru disease from eating diseased plagued Haitians for decades, and its rotting away her brain.",not sexist,train
synthetic_gen_788,"Go back to the kitchen, that's where you belong.",sexist,train
sexism2022_english-1427,America was never into Hillary. She's been a lying corrupt bitch her entire life.,sexist,train
sexism2022_english-4646,Fucking hilarious how she rolls out of there! Imagine being so fat and lazy you can't walk Autothots...ROLL OUT !! xD,sexist,train
sexism2022_english-13908,Everyone on twitter saw that tweet Jerry most likely unmatch and that hurt her pride so she never made a follow-up statement. That would acknowledge how stupid she is,not sexist,train
sexism2022_english-1489,"Take a look at the ""About"" tab on her blog (top left). That is where she explains the name of the blog and Fred.",not sexist,train
synthetic_gen_872,"Typical female, always complaining about equal rights.",sexist,train
sexism2022_english-18566,So...I guess men should wear a condom then? It's a pretty easy step to avoid all this hassle.,not sexist,train
sexism2022_english-8229,Don't forget banging her brother afterwards ;),not sexist,train
sexism2022_english-19606,"POP POP POP WATCHING RACISTS DROP (sneak preview of one of my upcoming hit singles ""ben $hapiro nazi killa lady slayah 420)",not sexist,train
sexism2022_english-9733,"""people letting people be people""Funny how that does not extend to white straight men who want to be left alone"" How about just not having to pay for Latrina's 21 crackbabies?",sexist,train
sexism2022_english-5338,"this roastie should learn how to read, there's a big button that says block but oh no then you wouldn't get internet points :(",sexist,train
synthetic_gen_180,Another dumb female trying to lecture men on their careers.,sexist,train
sexism2022_english-5660,Religious girls slut it up just as bad as any other.,sexist,train
sexism2022_english-3306,That's not my point. Using social media isn't masculine or feminine.,not sexist,train
sexism2022_english-266,The woman is just trying to be happy/positive about her looks and yall just throwin straight up vile hate. Jesus guys. Chill the fuck down.,not sexist,train
sexism2022_english-13769,news on the jewish autonomy oblast in russia is good..most are unaware of its existence the 2nd largest jew haven besides Israel they are so persecuted they 2 countries but no goy it is not jewish at all,not sexist,train
sexism2022_english-3585,"Imagine youre at home just trying to watch over your daughter and grand kids and suddenly she starts stabbing you and kills both her children. This is the risk a man takes when living with women, even relatives",sexist,train
sexism2022_english-11331,"Lol same. Im to the point where women strike up conversations with me and flirt, but I'm too retarded to capatilize",not sexist,train
sexism2022_english-13788,You would sue your own mom over burnt toast. Stay classy beta.,not sexist,train
sexism2022_english-5845,"You go to the party, try to ignore this flaky girl of yours and just focus on having fun.",not sexist,train
sexism2022_english-17114,Andrew admitted he used to be a libtard early in life until he realized they were retarded .,not sexist,train
sexism2022_english-10019,Tell the friend to dump the bitch. Let him watch how easily she gets another man to simp for her.,sexist,train
synthetic_gen_334,Women are naturally inferior and shouldn't be in power.,sexist,train
sexism2022_english-3611,"Moreover, the only two types of people that really care are natsocs that think every person of a certain race needs five kids minimum and women scared they'll be left to raise a child alone. To be a man is to serve to them, of course.",sexist,train
sexism2022_english-9869,"if god meant women to be strong & independent, he'd have given them upper body strength & muscle-boosting testosterone instead, he assigned them tits",sexist,train
sexism2022_english-9539,"Yet, you can be pretty sure which race black women dream to have kids with.",not sexist,train
sexism2022_english-12734,"Mika Brzezinski's mother, the artist who created this. Think Black forest hunting estate. Human farming, life force ? Trump raided 1/27. Sotu all the love ? Cut of the supplies, step 1. [URL]",not sexist,train
sexism2022_english-2416,I look forward to speaking with her.,not sexist,train
synthetic_gen_584,Another dumb female trying to lecture men on their careers.,sexist,train
sexism2022_english-2939,"The whore vision girl, and the photographic whore memory morty. I like it.",sexist,train
synthetic_gen_280,"Typical female, always complaining about sports.",sexist,train
sexism2022_english-16701,"It can only be the sex zone for the other guy. For the boyfriend, it's the cuck zone...",not sexist,train
sexism2022_english-14240,[USER] [USER] [USER] [USER] [USER] Remember the Muslim scumbags in Idaho? An American girl urinated on & raped by Syrian migrants while the eldest filmed. No jail time despite plea. Sharia law has come to America. [URL],not sexist,train
sexism2022_english-14034,White woman tell heap big lie. Speak with fork 'ed tongue.,sexist,train
synthetic_gen_1026,"I'm not being mean, it's just biology that women can't drive.",sexist,train
sexism2022_english-14558,His old ass still has the nerve to criticize his 28 yo gf's weight instead of being grateful for being so lucky to have her. Jesus Christ. The best example why women should date men more or less the same age as them.,not sexist,train
sexism2022_english-18813,That girl facepalming in the second panel demonstrates the average reader's reaction to this shit.,not sexist,train
sexism2022_english-1822,"We can take it back. Public hanging would help. Im shitty,so I might not be makin sense.",not sexist,train
sexism2022_english-11162,This society is so gynocentric that it could be described as a bizarre matriarchy wherein largely male leaders sacrifice less powerful men to gain the political favor of women. I love that... I'll have to use it in conversation with feminists.,sexist,train
synthetic_gen_106,"Typical female, always complaining about sports.",sexist,train
sexism2022_english-14492,Men are better at everything than women. Even when it comes to looks.,sexist,train
synthetic_gen_533,She's just another bitch looking for attention online.,sexist,train
sexism2022_english-7275,"Well it is a LRT, she is yours until you fuck up. Am I wrong?",not sexist,train
sexism2022_english-19195,Slut should serve the same sentence as the men would have if she was raped.,sexist,train
sexism2022_english-16612,"Two Dem big time losers ... One is the sad Muslime running for Gov of Michigan, he flopped, Guess they didnt want 1200 year old barbarian Sharia law with women slaves to men forced to wear their panties on their heads",not sexist,train
sexism2022_english-16027,There is a difference between being friends with a female and being friendzoned.,not sexist,train
sexism2022_english-8970,That's *really* fucked up.,not sexist,train
sexism2022_english-12602,The only beavers that hunt here are gold-digging lounge dancers!,sexist,train
sexism2022_english-3747,David Hogg you are 27 years old what are you still doing in High school? You are a plant for the FBI and CNN go away you had you 15 minutes of fame thanks to George Soros. Someone need to put you over their knee and spank you snotty nosed punk.,not sexist,train
sexism2022_english-1192,"Christine Ford: ""I now live in fear and need to leave the country"" LEAVE THE PLANET YOU USEFUL IDIOT BITCH FTFY",sexist,train
sexism2022_english-5868,"No, you're not actually, you're just shitting in the street. Why would I be jealous of people so stupid that they shit in the river and drink the downstream water?",not sexist,train
synthetic_gen_1201,She's just another slut looking for attention online.,sexist,train
synthetic_gen_386,Why do women think they deserve respect when they can't even be honest?,sexist,train
sexism2022_english-2019,"kino. ive almost lost interest in girls who dont kino me back. sure i can escalate but i really prefer chemistry, and if shes touching me its undeniable",not sexist,train
sexism2022_english-2388,GF? takes less time/effort/inconvenience to dip the stick. now...a wife...that's different...why buy the cow when you get the milk for free.,sexist,train
synthetic_gen_856,Men are better at logic because women are too emotional.,sexist,train
synthetic_gen_1215,Another dumb female trying to lecture men on their careers.,sexist,train
sexism2022_english-9770,"women are really good at fucking up at killing themselves, it's almost like they never wanted to actually kill themselves but instead just wanted attention like the whores they are",sexist,train
sexism2022_english-19102,"with such tips , who wants to get married anyway? where are those women?",not sexist,train
sexism2022_english-9063,[USER] ayyyy what's good girl thanks for the follow ... ;p,not sexist,train
sexism2022_english-3777,HAHAHAHAHA that upset you didn’t it Alice...posting your pictures?! Post more shit of “Jodie” shitty arse... I don’t know her! in the mean time.....,not sexist,train
sexism2022_english-12703,Cut her out of your life.,not sexist,train
synthetic_gen_664,Women are naturally inferior and shouldn't be in management.,sexist,train
synthetic_gen_1205,She's just another femnazi looking for attention online.,sexist,train
sexism2022_english-8329,She looks like a female Hitler.. [URL],not sexist,train
sexism2022_english-7922,There’s another subtext: “I’m not really a slut like those other women are”,sexist,train
sexism2022_english-5964,"Well, if she had plastic surgery it sure was a waste of money. Shave her head and she'll still look like daddy.",not sexist,train
sexism2022_english-3581,"LOL. Wall up,titless,butless,hag trying to stay in the spotlight. Notice how these bitches are all about caring but have done nothing to actually help those in need with their tons of money? So fucking fake.",sexist,train
sexism2022_english-16858,I love this because the liberal programming is backfiring. Nosw you have all of these harpies going caw rape caw caw rape.,sexist,train
synthetic_gen_247,"I'm not being mean, it's just biology that women can't drive.",sexist,train
synthetic_gen_265,"You can't trust a woman who wants a promotion, they are all the same.",sexist,train
sexism2022_english-17973,"Well, when men can become women just by feelings, this is a fucked up world now.",not sexist,train
sexism2022_english-9062,Are you Ayla's husband? Seems like you're married. We know she likes pussy. You are foul to be used as her beard so publically. And what's wrong with being a White Supremacists? You're both attention whores.,sexist,train
sexism2022_english-278,"I understand. We will purge hidden eurofag scum from Holy City of Miami, burn down their illegal particle accelerator labs stretching underneath the capital!",not sexist,train
sexism2022_english-1340,That whore would have been dead had she done that to me.,sexist,train
synthetic_gen_647,"You can't trust a woman who wants a promotion, they are all the same.",sexist,train
sexism2022_english-9941,"Everything wrong with modern Christianity in one faggoty box. RT [USER] this total fucking faggot cuck pastor is posing with his family on twitter. of course, he has a little brown trophy to prove he isn't racist",not sexist,train
sexism2022_english-5291,"And there we have the root cause of the ""white male problem""... white women are to blame",sexist,train
synthetic_gen_466,"Typical female, always complaining about equal rights.",sexist,train
sexism2022_english-18245,"""Respect me!"" she gargled as the last deposit of DNA seeped from her lips.",sexist,train
sexism2022_english-13987,"I have been dead twice, pretty hard not to know what happens . But I don't care what you think, You like it here buckle up otherwise get ready to go home quick. I don't say be afraid. I never said your going to hell. But if you like it her, saddle up",not sexist,train
sexism2022_english-1812,Not mention man licensing. It would be irresponsible for us to let a man buy a woman without a proper license.,sexist,train
sexism2022_english-4386,Rachael Chandler Has Taken DOWN her Instagram Page! LOL,not sexist,train
synthetic_gen_656,"I'm not being mean, it's just biology that women can't drive.",sexist,train
sexism2022_english-15592,Not hit by car. A second after the crash popped her left side,not sexist,train
synthetic_gen_879,Why do women think they deserve respect when they can't even be honest?,sexist,train
sexism2022_english-11587,The thought occurred to me that Disney has promoted a lot of princess & white knight archetypes. Might be interesting to see how these have changed our norms over time. Disney as a cultural phenomenon is pretty pervasive.,not sexist,train
synthetic_gen_131,"You can't trust a woman who rejects a nice guy, they are all the same.",sexist,train
sexism2022_english-609,If you're a fucking white male and can't even get an Asian girl it's over.,sexist,train
sexism2022_english-17178,Some women and girls nowadays think that only neckbeard incels call women “females”. It’s a weird take but they think it’s dehumanizing or something because it’s so “technical”,not sexist,train
sexism2022_english-15923,"That's the common mistake men do. I saw many of my friends falling to the same life, even those that kept being in a relationship are miserable with a fat wife they are not attracted to because she's fatter than he is.",sexist,train
sexism2022_english-8309,And what are the female qualities I should practice to achieve this.,not sexist,train
sexism2022_english-11098,"TIL = revealing the truth of the abhorrent nature of women is complaining. TIL = Warning all men against women and showing how / why they are the biggest liability to their success is complaining. TIL = OP is an idiot, lazy troll.",sexist,train
sexism2022_english-19283,"I don't trust any woman. No closed door mettings, shared travel, etc. Ever.",sexist,train
sexism2022_english-9572,"I honestly don't see how feminism has hurt men. I would honestly like to know. If you can't provide proof to the curious,, how are y'all going to get anywhere?",not sexist,train
synthetic_gen_697,"You can't trust a woman who works in STEM, they are all the same.",sexist,train
sexism2022_english-17151,So your version of redpill is to respect whores? Interesting. Can you go into further detail about your take on what TRP is about?,sexist,train
sexism2022_english-15014,More suicides of the Wealthy Lindsay Jacoby Wall Street recruiter 40 jumps from her luxury apartment. Will Cardon Republican commits suicide. Ran against Flake in 2012.,not sexist,train
sexism2022_english-5279,"Act normal around her, it will only become awkward if you make it so.",not sexist,train
sexism2022_english-18540,So true. And he would have no shortage of bad women either. He had it all really.,not sexist,train
sexism2022_english-421,"[USER] they have the most insane fantasy that some sex hungry man will rape them and they will need an abortion. Like your post, the way most of these women look is pretty good birth control against that fantasy",sexist,train
sexism2022_english-11671,#politics Huma Abedin sent classified unencrypted emails thru her Yahoo account which ended up on hubby Weiner's lap top,not sexist,train
sexism2022_english-12961,I have a foam brick that I throw at the TV. We have a local female sports reporter here who makes me want to jam knitting needles in my ears. And the brick got a real workout during the election.,not sexist,train
sexism2022_english-18216,why do they [swedes] allow this to happen?,not sexist,train
sexism2022_english-3063,Ummm “Hot teenage girls” I can tell by this that this man is like in his late 20s or some shit because no teenager calls other girls teenage girls,not sexist,train
sexism2022_english-9169,But statistically doesn't the female population outnumber the males? Shouldn't women then by logic be the 'expendable' gender?,sexist,train
synthetic_gen_215,She's just another femnazi looking for attention online.,sexist,train
sexism2022_english-7700,"that is beyond help, what a scumbag",not sexist,train
sexism2022_english-10232,Women have had 100 years of the voting franchise without the responsibility of being drafted to fight the wars caused by the policies they vote in. Authority without responsibility is dictatorship.,sexist,train
sexism2022_english-2877,"Besides, Chad can hit 4 chords and women will think he's a virtuoso, KEK",not sexist,train
sexism2022_english-8595,Asian women with power and self respect. Only happens on opposite day.,sexist,train
synthetic_gen_834,She's just another bitch looking for attention online.,sexist,train
sexism2022_english-19033,fuck merkel. she is a commie cunt.,sexist,train
sexism2022_english-10318,"Even the SS had a height requirement of 5'7"", the SS was more lenient on height than the dating preferences of women JFL",sexist,train
sexism2022_english-12724,How’d your mom get a dick?,sexist,train
sexism2022_english-3859,"I just loathe everything about this particular man child, especially how he calls his one child ""little asshole"" and proceeded to ignore his wife all night then got upset when she didn't want to talk to him.",not sexist,train
sexism2022_english-18550,She was a very evil woman.,not sexist,train
synthetic_gen_195,Women are naturally irrational and shouldn't be in power.,sexist,train
sexism2022_english-6777,Weeb fag,not sexist,train
synthetic_gen_595,"You can't trust a woman who works in STEM, they are all the same.",sexist,train
sexism2022_english-13037,"McConnell Swamp Money goes straight to fellow globalist, Martha McSally: Former Arizona State Senator Dr. Kelli Ward is making her second run for a US Senate seat. [URL] #KelliWardForSenate #DrainTheSwamp",not sexist,train
sexism2022_english-16145,[URL] A real monkey 🙊 bit me when I was a little girl 😂,not sexist,train
synthetic_gen_396,Women are naturally inferior and shouldn't be in management.,sexist,train
sexism2022_english-2742,Getting raped by kikes will do that to a woman.,not sexist,train
sexism2022_english-18189,The world is filled with cunty women. Take solace in the fact that most of them will die bitter and alone with their 10 cats.....who will eat their faces off when they're dead.,sexist,train
synthetic_gen_258,"You can't trust a woman who rejects a nice guy, they are all the same.",sexist,train
sexism2022_english-10506,"Look what the Jews want the shiksa goyim women to wear next. Literally invented by a Jewess to ""empower women"" [URL]",not sexist,train
sexism2022_english-2499,Islam is satanic,not sexist,train
sexism2022_english-2964,I asked his dumbass why he fell for her. She has that gross cow-ring on her nose. Ugly af and he gets sexy bitches.,sexist,train
sexism2022_english-10337,"Either she was hacked, or she's a troll... surely?",not sexist,train
sexism2022_english-1200,This video of a lovely Mestizo woman will turn you into a Hispanic-loving egalitarian! Feast your awesome male gaze UPON TRUE BEAUTY: [URL],not sexist,train
synthetic_gen_168,The only reason she got that job is because of diversity quotas.,sexist,train
sexism2022_english-5527,"This anti #America, anti #White, muSLime bitch should be exiled from our great nation back to the sandbox that she belongs in. [URL]",sexist,train
sexism2022_english-13304,Cobra Tate millionaire and kick boxing world championship multiple times mentioned getting flaked by Ig skank. He's a millionaire. You downgrade her to booty call. When she talks ltr or marriage you troll and pull a girl newly 18,sexist,train
sexism2022_english-11782,Don’t forget society tells these women they are plus sized queens instead of telling them they are fat and need to lose weight.,sexist,train
sexism2022_english-7389,"but she was hot! i wish she would have just gone back to the BJ, rather than go wash her makeup off and sleep in another room...",sexist,train
sexism2022_english-8228,"Uh-oh, someone let the DNC know they've got another runaway from the Democrat Plantation",not sexist,train
synthetic_gen_133,"You can't trust a woman who rejects a nice guy, they are all the same.",sexist,train
synthetic_gen_631,Men are better at logic because women are too emotional.,sexist,train
synthetic_gen_83,"Typical female, always complaining about their careers.",sexist,train
sexism2022_english-2390,(Still Laughs in legal citizen) Why don’t you lick my ass as well?,not sexist,train
sexism2022_english-5258,"she's going out partying that wknd, next wknd she might feel like doing the whole romantic thing again. enjoy buying dinner for and playing couple with your used up whore m8.",sexist,train
sexism2022_english-7351,"Eh, I've actually been messing around with a chick that runs HR. She asked fewer questions then any chick I've dated before. It seems like the ones that make the least amount of money ask the most questions",sexist,train
sexism2022_english-1496,"Welcome proof that not all college kids are brain dead SJW's. There is hope after all! “We reject the McCarthy-esque witch-hunting which has taken place,” the letter reads.[URL]",not sexist,train
sexism2022_english-11530,I think this is referenced as a mutual admiration thread at least back in the day do we still say back in the day. Or is it outlawed like he and she and faggot.,not sexist,train
synthetic_gen_906,Men are better at logic because women are too emotional.,sexist,train
sexism2022_english-9173,What she get? 11 days? Out in 2 for good behavior?,not sexist,train
sexism2022_english-3406,"oh, he's a typical Rich Russian Jew, he's the real Russian Colluder he has family in Russia too on his mother's side.",not sexist,train
sexism2022_english-13248,"Josepth levitt gordon: He seems like a natural charmer, he laughs a lot, tells good stories, the kind of dude that goes after the chick Ryan Goslings: The total opposite of Joseph, but he gets the bitches chasing him so thats good too.",sexist,train
sexism2022_english-13715,Show me the data where women want a man who is a drone rather than a man who has passion and vulnerability. I have yet to see it.,not sexist,train
sexism2022_english-214,Wonder who are the cucks sending this unattractive woman donations,not sexist,train
synthetic_gen_250,"Typical female, always complaining about sports.",sexist,train
sexism2022_english-9580,"No because they don't think women can do anything outside of complain, birth children and do household chores and take care of kids. You know, ""women's work"". They really are clueless.",not sexist,train
sexism2022_english-8999,Seems as if she is truly her mother's daughter. What a greedy money hungry bitch! [URL],sexist,train
sexism2022_english-15743,“I need a girl with huge tits so I can feel safe.”,not sexist,train
sexism2022_english-9551,Because of weak men like him that women feel entitled to exploit men like dogs...,sexist,train
sexism2022_english-9104,The gun community keeps supporting “free market capitalism” like a woman returning to her abusive husband.,sexist,train
synthetic_gen_1133,Women are naturally weak and shouldn't be in politics.,sexist,train
sexism2022_english-17434,"and the bank called. came here from reading how a former female model who made 45 mil pounds has now to couch surf, as her mansion is being collected by debt collectors :P",not sexist,train
sexism2022_english-1315,You’re the one on reddit crying because a girl chose another guy over you lol.,not sexist,train
sexism2022_english-15748,"Hipster has a anxiety attack over #Trump win, its just pure gold. #snowflakes. #campus #academia #millennials #SJWs #Brexit #mangina #BritFam #AusFam [URL]",not sexist,train
sexism2022_english-2298,"Yeah, and Stormy Daniels was a virgin until she met Donald. Give ne a fucking break!",not sexist,train
sexism2022_english-2887,Lot of “acne” on her upper lip. Might be herpes,not sexist,train
sexism2022_english-6398,Cool story lady...,not sexist,train
sexism2022_english-5181,"Some ""wanna-be"", but is actually a ""never-was"" ? I actually [USER] it's a Goat F*cker that thinks they are intelligent, Steve",not sexist,train
sexism2022_english-5535,DON'T MUDSHARK !! NIGGER KILLED THAT WHITE TRACK ATHLETE FROM UTAH WHEN SHE SPURNED HIM FINDING OUT HE LIED TO HER ABOUT BEING IN JAIL !! IT ISN'T WORTH DEATH FOR NIGGER COCK !!,not sexist,train
sexism2022_english-14112,Whats the over under on Vox having called women a slut before? How much longer until we can give him the Biggest White Knight on Gab Award? [USER] [URL],not sexist,train
sexism2022_english-12440,"Of course, it's one fat reason. Men with ugly faces have to deal with it, women can go from [ugly to hot]([URL] by using makeup. And it's so widely accepted, it becomes their default face.",sexist,train
sexism2022_english-3855,"I would see no point in marrying a woman with kids I don't want to raise another man's children, if I marry someone I want to have my own children",not sexist,train
sexism2022_english-546,"what bad faith? this is 2018, the time where women can get away from their bad behaviour is over. no more playing the innocent, no more getting white knights to defend your manipulative ways.",sexist,train
sexism2022_english-13100,There is nothing uglier than an ass that sticks way out as do those of the Nigger females.,sexist,train
sexism2022_english-1937,"[USER] And a good role model, someone who doesn't listen to rap music about drugging women & raping them, etc., like Michelle does (while pretending to be so offended by Trump saying ""pussy"" in a private guy's conversation).",not sexist,train
sexism2022_english-13814,"A man breaks into your house and says, OK, I won't rape your elder daughter if you let me rape the younger. Life's all about give and take, right? Wrong. You shoot the man and get the carpet cleaned.",not sexist,train
sexism2022_english-14221,"You're right. Incels have little to offer in terms of looks, which is all that women want besides wealth",sexist,train
sexism2022_english-19584,Harvey Weinstein’s wife is leaning on Huma Abedin | Page Six [URL],not sexist,train
sexism2022_english-4238,Schrödingers sexual assault = When girls get approached from behind in a club,sexist,train
sexism2022_english-3449,Women live their entire lives being completely excused for negligence (abortion anyone) and of course much much worse. Just another aspect of female entitlement.,sexist,train
synthetic_gen_221,Women are naturally weak and shouldn't be in leadership.,sexist,train
sexism2022_english-16258,"With sky spraying, we”ll evolve into these tubbi things",not sexist,train
synthetic_gen_112,Men are better at logic because women are too emotional.,sexist,train
sexism2022_english-6249,"Sorry, islam-reformers--islam can NEVER be reformed, only destroyed. If a muslim calls him/herself a muslim then that is what they are: a muslim, and all muslims believe in and follow the koran. **** [URL]",not sexist,train
sexism2022_english-7348,kill the damn male-mother need,not sexist,train
sexism2022_english-2890,Jesus man pulling 1 girl out of 6 approaches is pretty awesome. Shut up and enjoy your success and your big dick.,not sexist,train
sexism2022_english-6610,Jetzt auch in #Deutschland Another fella kills another old woman --We cannot arrest our way out of this [URL],not sexist,train
sexism2022_english-6054,[USER] oh no this could lead to rape sisters hugging,not sexist,train
sexism2022_english-10818,Then she reports the other truffle pigs to the BND for hate speech against truffles.,not sexist,train
sexism2022_english-15426,Maybe the polizei should investigate the Merkle TRAITOR and find out why she sold out her own country?,not sexist,train
synthetic_gen_545,"You can't trust a woman who rejects a nice guy, they are all the same.",sexist,train
sexism2022_english-11968,"[USER] Is it an exchange programme next week the Muslim girls wear mini skirts and low tops & drink beer, eat bacon & get to know the joy & freedom of being normal like a kafir.",sexist,train
sexism2022_english-15709,"Shit, Nancy forgot to have her botox injected before going to the beach!",not sexist,train
synthetic_gen_87,Men are better at logic because women are too emotional.,sexist,train
sexism2022_english-18411,"Yeah but my skin is white ,2 daugh. olive & one white .4gr child white & one olive Like I said my mom had bleach in her bloodline.",not sexist,train
synthetic_gen_1077,Women are naturally inferior and shouldn't be in power.,sexist,train
sexism2022_english-17783,Hey now... Those wild mailboxes can get pretty mean if you don't keep your eye on them. I've been known to take one or two of them out back in my day...,not sexist,train
sexism2022_english-4903,Actually she looks more the back end of a donkey.,sexist,train
sexism2022_english-12537,"HALF of women have a fall-back partner on standby who has always fancied them, in case their current relationship turns sour > [URL] There's a biological basis behind a lot of the things incels talk about.",sexist,train
synthetic_gen_55,"Go back to the bottom of the ladder, that's where you belong.",sexist,train
sexism2022_english-4148,"You're playing the little baby game of ""triggering"" people. Just look at passive aggressive snark and smiley faces. you're a worthless piece of coward shit, loser. Go watch niggers fuck your wife and leave the humans alone.",not sexist,train
sexism2022_english-18356,"Some people are trying to bring you down a peg. Doesn't necessarily have anything to do with pickup though. Some people are combative, some people are assholes.",not sexist,train
sexism2022_english-9146,[URL] Scientists and some others think of themselves as gods. You can't fool mother nature>> [URL] #MAGA #PresidentTrump nazi fag = [USER],not sexist,train
synthetic_gen_156,Men are better at logic because women are too emotional.,sexist,train
sexism2022_english-17963,"Making a woman feel bad = misogyny misogyny = evil Therefore making a woman feel bad = evil, according to women.",sexist,train
synthetic_gen_582,Women are naturally irrational and shouldn't be in management.,sexist,train
sexism2022_english-4882,"Well now you have a term for it; the WAYCH call. Use it, spread it, call it when you see it. Toxic behavior is allowed to continue unfettered if we ignore it.",not sexist,train
synthetic_gen_513,Men are better at logic because women are too emotional.,sexist,train
synthetic_gen_107,"I'm not being mean, it's just biology that women can't drive.",sexist,train
sexism2022_english-15005,all kinds of women,not sexist,train
sexism2022_english-9297,"My condolences. The female mind’s capacity to be so duplicitous, without remorse, sickens me.",sexist,train
sexism2022_english-1247,Who'd have guessed a hideous land-manatee would be sensitive about its appearance?,not sexist,train
sexism2022_english-10485,Great idea! Bringing young middle class Germans into forced proximity with unassimilated third worlders could be just the kick up the arse that they need to start re-claiming their homeland.,not sexist,train
synthetic_gen_634,"Go back to the bottom of the ladder, that's where you belong.",sexist,train
synthetic_gen_965,"I'm not being mean, it's just biology that women can't drive.",sexist,train
synthetic_gen_218,"You can't trust a woman who rejects a nice guy, they are all the same.",sexist,train
sexism2022_english-15711,"[USER] I'll buy her a one way ticket to Somalia, Biafra, or the 3rd world utopian shithole of her choice, if she promises to be on board.",not sexist,train
sexism2022_english-16425,"We already knew she won't say ""jew""; add ""commie"".",not sexist,train
synthetic_gen_204,Men are better at logic because women are too emotional.,sexist,train
sexism2022_english-7487,"Just because she made a dumb decision, doesn't mean that you need to join her.",not sexist,train
sexism2022_english-2147,Germany: AfD women march through Munich for 'Christian Germany' [URL] via [USER],not sexist,train
sexism2022_english-3477,Damn! This site runs slow!,not sexist,train
sexism2022_english-7842,"Oh, do you also remember that incel post about how women's love of horses comes from a history of cuckholdry, riding off who knows where to fuck the Chad the next town over?",not sexist,train
synthetic_gen_255,"Go back to the laundry room, that's where you belong.",sexist,train
sexism2022_english-2433,"Fatties will enter, and then they will be all over the news telling about how ""empowering"" it was for them and women everywhere.",not sexist,train
synthetic_gen_96,Women are naturally unstable and shouldn't be in politics.,sexist,train
synthetic_gen_734,Men are better at logic because women are too emotional.,sexist,train
sexism2022_english-6315,"don't do this. if you're just here to insult and/or tell women here (or anyone who disagrees with you) that they're stupid, you can leave. that is not welcome here, nor is it engaging in good faith.",not sexist,train
synthetic_gen_724,"You can't trust a woman who wants a promotion, they are all the same.",sexist,train
sexism2022_english-10673,"Who do they have sex with, each other? A woman wouldn't want them. A man wouldn't want them.",not sexist,train
synthetic_gen_8,She's just another slut looking for attention online.,sexist,train
sexism2022_english-13206,"[URL] This explains the double at no name's funeral. Hope it's true, & they execute her in public. #GabFam #Treason #WWG1WGA #UniteAmerica #VoteRepublican & #SaveAmerica #TheGreatAwakening #ThePain",sexist,train
sexism2022_english-13921,TRUMP RALLY THURSDAY NIGHT @ 7:00 PM. WILKES BARRE PA!,not sexist,train
sexism2022_english-16991,The proper cure for feminism is hard dick. I've fucked the feminist virus out of a handful of women in recent years. Women become that way after dealing with weak men.,sexist,train
synthetic_gen_420,Women are naturally weak and shouldn't be in tech.,sexist,train
sexism2022_english-4281,In Miami where I'm from most girls will dump you. Unless you have enough for a good time or you are a really fun person to be around.,sexist,train
sexism2022_english-6763,your butt-hole,not sexist,train
sexism2022_english-12559,#WednesdayWaystoHelp: The Intrepid Fallen Heroes Fund -- assisting the men and women of our military and their families since 2000 [URL],not sexist,train
sexism2022_english-6035,"Any place but here is excellent. if the bitch hates ""racism"", I can think of no better place for her to go and escape it. Hahaha.",sexist,train
sexism2022_english-15688,Still don't understand. What does someone willing to commit have to do with their level of promiscuity? A guy could be willing to commit to me and I wouldn't know if he's a virgin. If he has a million ONSs or if he had 13 previous girlfriends.,not sexist,train
sexism2022_english-15043,"u/Therapist2words, lay off. Rule 7, strike one. u/idealisticbitch: You have already been warned before. Last strike for rule 7, permabanned. Enjoy not starting more shit on our sub with the purpose of getting more screenshots for IT.",not sexist,train
sexism2022_english-9819,Don't forget about the recent video of a girl licking the toilet seat in a plane's bathroom.,not sexist,train
synthetic_gen_1175,"Typical female, always complaining about their careers.",sexist,train
sexism2022_english-8322,diversity' in the name of de-mock-racy makes for INSANITY... Give me hierarchy based on ability over the sham any time...,not sexist,train
synthetic_gen_239,She's just another slut looking for attention online.,sexist,train
sexism2022_english-3966,That landwhale should have been charged with ruining a human body and for mass vision rape for making us all look at her ugly carcass.,not sexist,train
sexism2022_english-3274,"Not much you can do. If she still hangs out with you, make a joke about it. If she thought you are freak, go find someone else.",not sexist,train
sexism2022_english-14822,Single moms are sluts how? Because they’ve had sex with MEN? Where is the shame on these men that they sleep with?,not sexist,train
sexism2022_english-17150,Be like Han Solo but don't bang my daughter.,not sexist,train
sexism2022_english-7571,your so pretty that it makes it physically painful to read stuff like this. But true LIBERAL GOYS suck.,not sexist,train
sexism2022_english-1042,"No, it’s what someone who actually understands real sex (not porn) says. Sir, I can assure you that I have a big cock, and if you’re brave enough for proof then I welcome you to eat your words (and my dick)",not sexist,train
synthetic_gen_577,"Typical female, always complaining about their careers.",sexist,train
sexism2022_english-14077,"Well, how very nice. Not every day features being liked by a [USER] woman. So please allow me to tip my cap in return :)",not sexist,train
sexism2022_english-14653,"WOW, you spend your precious time fucking an old hag, playing games with her, encourage her to fuck over men, fuck over her boyfriend by sleeping with his woman.",sexist,train
synthetic_gen_267,She's just another bitch looking for attention online.,sexist,train
sexism2022_english-13742,Is there any way to report this shit? It makes me sick to even think about. That poor girl.... Goddamn.,not sexist,train
synthetic_gen_528,The only reason she got that job is because of diversity quotas.,sexist,train
sexism2022_english-3004,"He should stick to what he does best, pretending to be someone else. His political views are crap.",not sexist,train
sexism2022_english-16064,#TeresaMay forgot her hijab/scarf…………..,not sexist,train
sexism2022_english-8031,"Hell. Didn't the Dope From Hope fire her, too? That really says a lot when you think about that.",not sexist,train
sexism2022_english-18828,Yeah honestly meeting women anywhere would be I guess weird. I mean I could drive to college campuses I guess with the only purpose being to hit on girls 😭.,not sexist,train
synthetic_gen_1024,Men are better at logic because women are too emotional.,sexist,train
sexism2022_english-15647,Kurds are drug addict commies and there is no way they wouldn’t molest a white girl.,not sexist,train
sexism2022_english-1838,Haha nah she a hoe. She quit porn a while ago tho,sexist,train
synthetic_gen_144,"Go back to the bottom of the ladder, that's where you belong.",sexist,train
sexism2022_english-1332,"And, nothing will happen! Not 1 god dam thing. Hillary could walk down the street with a bloody sack of babies heads and the media will say aww, see how much she cares about children!",not sexist,train
sexism2022_english-4996,"Habits are hard to die, as much as the cock carousel she rode all her life.",sexist,train
sexism2022_english-4706,"Dont know retard, I've never been one. Did you manage to finish grade school? Do you and the man your mom calls your dad have a special secret?",not sexist,train
synthetic_gen_1198,Men are better at logic because women are too emotional.,sexist,train
synthetic_gen_1240,She's just another slut looking for attention online.,sexist,train
sexism2022_english-3115,She told me that she kept her last relationship as a secret for almost 7 months because there was social conditions also so by setting this frame I wanted to do it like that Should I show any strong interest or do it some other way?,not sexist,train
sexism2022_english-3246,Because i rate humans on a scale for attractivness like 90% of people i know IRL it just so happens women are disgusted by me-and i dont even do it IRL ?,not sexist,train
sexism2022_english-996,"A redhead tells her blonde stepsister, ""I slept with a Brazilian...."" The blonde replies, ""Oh my God! You slut! How many is a brazilian?""",sexist,train
sexism2022_english-13358,My experience in the casual sex scene is that the vast majority of women are into playing out the sort of thing OP talks about,not sexist,train
synthetic_gen_918,Why do women think they deserve respect when they can't even be honest?,sexist,train
sexism2022_english-14549,Rachel Maddow had Cecile Richards on her show last night. A lesbian and a murderer meet on a TV show. What good can come from that? Nothing!,not sexist,train
synthetic_gen_431,The only reason she got that job is because of her looks.,sexist,train
sexism2022_english-15746,"If she would get out of her Ivory tower and go to the barrio and the ghettos, she would see that blacks and hispanics HATE EACH OTHER and murder each other for gang initiations...",not sexist,train
synthetic_gen_446,"I'm not being mean, it's just biology that women can't drive.",sexist,train
sexism2022_english-15215,I tipped your mom a fiver for Mother's Day. She sucks almost as hard as you.,sexist,train
synthetic_gen_1148,She's just another bitch looking for attention online.,sexist,train
sexism2022_english-1464,"I don't have any girls as friends. We either fuck, or we're not friends... This isn't the way I want to be...",not sexist,train
sexism2022_english-12992,You're mom gay,not sexist,train
sexism2022_english-10420,"Well, at least one sheriff has come to his senses, but the piece of crap sheriff (Scott Israel) in Broward County is a liberal first, an ass second, a moron third, and will NEVER recommend this. [URL]",not sexist,train
sexism2022_english-12238,Yeah we had to drop the bomb to save your dipshit punk ass!! Go hide under your mammy's pussy again sissy!!,sexist,train
sexism2022_english-19784,Get a girlfriend and leave us alone,not sexist,train
sexism2022_english-3296,Then that’s good. You just figured out the ones who want a hook up,not sexist,train
sexism2022_english-16017,The only shocking thing is that she admitted it. Most women will go to their graves never speaking a word of truth,sexist,train
sexism2022_english-19456,"What is wrong with Legalization of Cannabis? it gives the people with big money a way to remove our ability to grow at home for free, DESCHEDULE is a better way to restore freedom and constitutional rights",not sexist,train
synthetic_gen_414,She's just another bitch looking for attention online.,sexist,train
sexism2022_english-8076,You could have potentially tried again after she flaked the first time but this one is now wayyyy too long gone. You ghost and move on. Know your worth and value your time.,not sexist,train
synthetic_gen_1010,Why do women think they deserve respect when they can't even be honest?,sexist,train
sexism2022_english-16018,HRC is a dedicated lesbian who even likes under aged girls,not sexist,train
synthetic_gen_636,Men are better at logic because women are too emotional.,sexist,train
sexism2022_english-1137,"There's another photo of the same guy rescuing two small dogs, one tucked under each arm. The cognitive dissonance and longing for a man like that is rattling a lot of feminist mental cages. Male and female.",not sexist,train
sexism2022_english-19530,-white and purple weed -the ladies -drinking and dancing -women -hanging with friends -crushing pussy -destroying the stock market on a sideways day -being told hours post coitus that her organs have finally settled back to their normal positions,sexist,train
synthetic_gen_1092,"Go back to the bottom of the ladder, that's where you belong.",sexist,train
sexism2022_english-7837,[USER] Either she's a troll or we've uncovered the Patient 0 of dumbism,not sexist,train
sexism2022_english-7831,"There is a negative correlation between Hillary's familiarity of a subject and both the time and frequency she comments on it. Guns - instantaneous, often Sexual Predators - Umm, well, I , umm, what was the question?, {crickets}",not sexist,train
sexism2022_english-3320,Lol I imagine there would be simps that are like “she doesn’t deserve an ugly guy” JFL.,not sexist,train
sexism2022_english-16566,Lol the only reason u dumbass muslims are so horny is cuz all your women look like dumptrucks without their burkas which is why they need to marry 50 at a time,sexist,train
sexism2022_english-5891,"Use that rage to fuel your productivity in all aspects of your life. Don’t worry about her. She’s already finished. You still have plenty of opportunities. Make sure you deal with this issue via therapy, etc. Oh and don’t burn yourself out. Have fun.",not sexist,train
sexism2022_english-744,"I’ve seen that first hand. My step bitch treated me and my littlest brother (her son) like absolute shit, but my stepbrother (her first) she doted on him. Course, she is a right druggie POS.",sexist,train
synthetic_gen_897,Why do women think they deserve respect when they can't even be honest?,sexist,train
synthetic_gen_980,Men are better at logic because women are too emotional.,sexist,train
sexism2022_english-12731,"ya I thought so, everything you said she basically said in the convo.",not sexist,train
sexism2022_english-17972,"I do not have a sufficiently demented imagination to invent an appropriate punishment for Angela Merkel. I do not know what her place will be in Hell, but I hope it hurts.",not sexist,train
sexism2022_english-9088,"OK, I'm gonna have nice dreams tonite... I love left handed women;-) #Awesome!!! #GunWoman!!",not sexist,train
synthetic_gen_373,Women are naturally weak and shouldn't be in politics.,sexist,train
sexism2022_english-8531,Idk what it is but just be female and your pics automatically become better tgen what you actually are,sexist,train
sexism2022_english-18349,Replaced and put somewhere else in the system so she can get her retirement and suck off the taxpayers. She should be fired b,not sexist,train
sexism2022_english-10657,"No because I'm not a female nor a gay. Otherwise, yes.",not sexist,train
sexism2022_english-8166,"Based on this, I would say that it will come down to the average citizen and his/her gun to stop these assholes!",not sexist,train
sexism2022_english-9528,Asians are fucking scared of the sun....whats this soy bitch gonna do with the likes of cantwell...scream racist...,sexist,train
sexism2022_english-2255,When you finger a girl make sure you're touch the vagina and not her butthole.,not sexist,train
synthetic_gen_850,"I'm not being mean, it's just biology that women can't drive.",sexist,train
sexism2022_english-14272,"op, if she's blonde and her name starts with M then hit me up my old gf found my alt reddit acc by snooping then went crazy about trp, also said she wanted to major in psychology lmao.",not sexist,train
sexism2022_english-12120,"Treat a whore like a lady, and treat a lady like a whore.",sexist,train
sexism2022_english-9849,"When you were younger and more attractive, you dated a violent criminal and enjoyed it. That’s why we discuss it. Being a decent guy is a negative if your goal is sex with women you find attractive.",sexist,train
sexism2022_english-16793,"[USER]‍ Happy Shivratri, bitch.",sexist,train
sexism2022_english-17609,"cuz reasons. /s it's not hate, but you'd need reason and logic to understand this. you seem to have all the answers, why don't you tell us?",not sexist,train
sexism2022_english-14551,It sucks knowing a sexpat knocked up your mom. Being raised by a sexpat and having to deal with his constant toxic presence would have been a lot worse. At least all the damage he was capable of doing is done.,not sexist,train
sexism2022_english-14127,no women.,not sexist,train
synthetic_gen_242,Men are better at logic because women are too emotional.,sexist,train
sexism2022_english-8950,"Just what our country needs to fend of the islamic horde, the kneegros and their zionist masters... another dumb cunt on her knees. *atomic facepalm* Repeal the 19th. No women in politics or positions of power.",sexist,train
sexism2022_english-10464,"“In my ideal world white people would not feel the need to write anymore,” she smiles.' [URL] [URL]",not sexist,train
sexism2022_english-11190,"Little girl gang raped by Muslim boys in Twin Falls, ID gets NO justice whatsoever 😡 This is absolute Satanic EVIL - #ZioCommie Judge and County Prosecutors should be unseated and jailed! [URL]",not sexist,train
synthetic_gen_662,Why do women think they deserve respect when they can't even be honest?,sexist,train
sexism2022_english-14939,"For once I am in accord with Comrade Corbsky (Gasp!) It is more like a McCarthy witch hunt. Ms.Hodge should refuse to cooperate with any 'disciplinary proceeding' and tell Momentum, Comrade Corbyn and Lenin McCluskey to go f**k themselves",not sexist,train
sexism2022_english-9184,"If you accept the smart ones into western society, their cohorts lose the smart ones, and they never progress. True story, Bro.",not sexist,train
synthetic_gen_119,Men are better at logic because women are too emotional.,sexist,train
synthetic_gen_223,"I'm not being mean, it's just biology that women can't drive.",sexist,train
sexism2022_english-14477,I am with you on the False Accuser Registry. she does deserve to get raped though. Empathy is dead.,sexist,train
sexism2022_english-10279,Granny Cankles sent out that creeper Podesta. She's probably too inebriated to come out herself. #MAGA #vote #DonaldTrump,not sexist,train
sexism2022_english-12759,Shit. We dun goofed. I think he's a troll....,not sexist,train
sexism2022_english-7543,"She let you do anal, that's how they keep you. But seriously, Think if you did marry her, you got off easy.",sexist,train
sexism2022_english-19782,"She doesn't block me because I'm abusive, she blocks me because I point out inconvenient truths. Me and many others.",not sexist,train
sexism2022_english-17772,#UsefulIdiots of the Soros scam really are as thick as 💩. IQ of his feebleMinded dupes has a strong RACIAL Correlation.,not sexist,train
sexism2022_english-11647,She may be worth what someone paid for her in terms of stimulating walking away.,sexist,train
sexism2022_english-1729,Unreasonable Swedes [URL],not sexist,train
sexism2022_english-3990,I wish this cunt would just go back in the hole they found her in.,sexist,train
sexism2022_english-6559,"Your people, and especially your women, don't ""choose"" a motherfucking thing. You wear that shit cause you don't want to get raped by your 87 year old uncle and thrown off a building.",not sexist,train
sexism2022_english-5861,"Lol I know from my dad's reaction to my mother, some days he can't fucking stand her and I be the same boat.",not sexist,train
synthetic_gen_811,Another dumb female trying to lecture men on equal rights.,sexist,train
sexism2022_english-9065,"Back during my plantation days I went ring shopping with my girlfriend. I saw the prices of the rings and offered to buy her a used sports car instead of a ring. She said no, she wanted the ring. (Fortunately, I never gave her a ring)",not sexist,train
sexism2022_english-5546,Exactly. If you have to buy her she's a prostitute,sexist,train
sexism2022_english-3528,"So she's getting a tax payer paid vacation! Boy, that'll sure show her!",not sexist,train
synthetic_gen_804,She's just another femnazi looking for attention online.,sexist,train
sexism2022_english-16370,"Nah, black women still get more replies on tinder than even white men do. Their female privilege cancels out their black disadvantage.",sexist,train
sexism2022_english-2464,"Tom Jones often altered his songs specifically for certain countries. ""He's a lady"" was a huge hit in Thailand.",not sexist,train
synthetic_gen_42,She's just another femnazi looking for attention online.,sexist,train
sexism2022_english-15469,"Ermaguerd! THIS from a nation that has allowed and openly accepted Hijrah! Their women raped, their people live in fear! Chaos prevails. I'm speechless...well, not really >>> [URL]",not sexist,train
sexism2022_english-12136,Can't we just reverse the method ? Maybe if women approach men and we make it the norm then there would be less of these horror stories ? Is it even possible ?,not sexist,train
sexism2022_english-3803,"If Hillary only broke a toe, would that require 2 crutches ? I do not know but I know she can not tell the truth. [URL]",not sexist,train
sexism2022_english-1554,"Perfect boyfriend: Must be 6' Cannot be a virgin Must have had sex with 50 girls Must make 1,000,000 per year Must be between 25 and 35",not sexist,train
sexism2022_english-1669,Talk to a girl as if she isn't a potential mate. This will take them off the grand pedestal that you've invented. Just talk to girls like you would a mate. Girls can feel that power that you've given them.,sexist,train
sexism2022_english-9694,Rush Limbaugh makes a great point. This is the angle we must push. The mainstream media has been force-feeding us FAKE NEWS about Russian hacking. [URL],not sexist,train
sexism2022_english-16871,"""It was always the women, and above all the young ones, who were the most bigoted adherents of the Party, the swallowers of slogans, the amateur spies and nosers−out of unorthodoxy.""",sexist,train
sexism2022_english-4653,The biggest insult to a woman is being unfuckable???,not sexist,train
sexism2022_english-4391,new fap material for the ladies that like #Putin [URL],not sexist,train
sexism2022_english-9125,"Honestly, I think I could get an ugly and/or 40+ one tomorrow, they can be desperate like that. Especially some drunk slut -- easy. But that's cheating, she must be attractive to me as well to make it count.",sexist,train
sexism2022_english-17371,class woman{ String bullshit; SetBullshit(bs){ bullshit =bs; } DoNothing(){ } ComplainAboutIt(){ System.out.mouth(bullshit); } },sexist,train
sexism2022_english-9322,"Matches are solely based on your photos and bio. That's it. If you're at a university, you can probably meet more women in a day than you've met in a lifetime of Tinder.",not sexist,train
sexism2022_english-11676,"I told my new girlfriend that I have between 10 and 15 million dollars in my bank account. It's actually true, my balance is $37.",not sexist,train
sexism2022_english-8991,"When I was about 35, I had one aging harpie bellow that at me like a she was putting a gypsy curse on me; like the guy from the movie ""Thinner.""",not sexist,train
sexism2022_english-17156,Bunch of retards.,not sexist,train
synthetic_gen_755,"I'm not being mean, it's just biology that women can't drive.",sexist,train
sexism2022_english-3488,I fucking love [USER] I wish she would come back here but she apparently got tired of all the #JewHatingRacistTroll idiots. Thanks assholes. [URL],not sexist,train
sexism2022_english-7734,I watched like couple other videos and apparently he slept with 7 girls in 2 weeks from cold approaching . Granted they were mainly from Central Europe women . But still pyssy is pyssy,sexist,train
sexism2022_english-19951,I couldn't care less if they had the female cheerleaders nude. I'm done with the NFL period.,not sexist,train
sexism2022_english-11964,"Hey [USER] [USER] [USER], this is (((Ben Shapiro)))'s sister. Would you?",not sexist,train
sexism2022_english-9364,Here's whats alpha: What the fuck do **you** want to do? Do you want to keep her on there? Do it. Do you want to delete her? Do that.,not sexist,train
sexism2022_english-4346,Im pretty sure the only time Loki was female in the comics was when all the Asgardians were resurrected in human form after Ragnarok and when Thor was travelling the world locating and awakening them. Loki had come back in Sifs body.,not sexist,train
sexism2022_english-8414,"How dare you! Breaking up with her is one thing, but why'd you have to beat her? Wtf? I mean, she said you did it, so obviously you must have done it. /s",not sexist,train
sexism2022_english-6335,"Yes exactly. Like i said, they are incompatible. And never will be. Question is, when is it blowing up. Powder keg 3.2.1.bang!",not sexist,train
sexism2022_english-4508,Nope I i did it was horse shit that had old unproven allegations and a leafy isr smear campaigns talking points against a world respect rabbi. Also comes from a rag website run by some Muslim trash.,not sexist,train
sexism2022_english-298,Yes but what she is saying is the answer is to 'just be careful because nothing can be done about it'. There she sits obviously knowing exactly who these scumbags are and does nothing but dole out platitudes.,not sexist,train
sexism2022_english-9038,Hell i want to marry her and im a straight female,not sexist,train
synthetic_gen_747,"I'm not being mean, it's just biology that women can't drive.",sexist,train
sexism2022_english-15026,"Got kicked out of school again. I'd been to watch my daughter's class give a gymnastics display, but without thinking, instinct and force of habit took over. I grabbed hold of the sexiest one and tucked a £20 note down the top of her leotard.",sexist,train
synthetic_gen_364,Men are better at logic because women are too emotional.,sexist,train
sexism2022_english-11313,"NEW: Trump attacks Stormy Daniels, calling her ""Horseface,"" in a tweet celebrating a judge's dismissal of a defamation lawsuit [URL]",not sexist,train
sexism2022_english-11410,That's what happens little girl when you mix cocaine and milkshakes together. ;),sexist,train
sexism2022_english-19016,"""Went on a walk in the neighborhood and I wish that I got cat called by at least 6 guys. This shit is why I was forced to become a hideous lesbian. Would be nice if guys would start cat calling"" There, fixed it for her.",sexist,train
sexism2022_english-8965,No frantic women! No matter what you do it will not cause more trouble pain and anxiety Then a frantic woman.,sexist,train
synthetic_gen_1189,"Go back to the laundry room, that's where you belong.",sexist,train
sexism2022_english-19484,"An infectious diseases expert ‘joked’ that a good way to eliminate vaccine refusniks, who overwhelming tend to be white people, is to simply “get rid of all the whites in the United States”. [URL]",not sexist,train
sexism2022_english-10692,Sooner or later she is going to be the recipient of some of the diversity she so loves. I hope Karma is a bitch when she does.,sexist,train
synthetic_gen_425,"I'm not being mean, it's just biology that women can't drive.",sexist,train
sexism2022_english-12143,It's amazing Christine Ford has become a millionaire after her fake testimony destroying a innocent man working with Dianne Frankenstein.😈,not sexist,train
sexism2022_english-7592,‘Sexist’ Coco Pops defeated by 10yo girl after she wrote to Kellogg’s about ‘mum’s’ slogan [URL],not sexist,train
sexism2022_english-2061,Commie Lee is going to start a new career as a street whore to make way for proud brown woman in Senate [URL] #AusFam #AusPol #ausfam #auspol #Ausfam #Auspol #Australia,sexist,train
sexism2022_english-3955,"Note the over-the-shoulder ""come hither"" profile pic as well, *but don't you dare objectify her as a sexual object you pig*",not sexist,train
sexism2022_english-8111,Just like my ex wife ...,not sexist,train
synthetic_gen_1066,Why do women think they deserve respect when they can't even be honest?,sexist,train
synthetic_gen_115,Another dumb female trying to lecture men on gaming.,sexist,train
sexism2022_english-5971,"Men can’t just get a relationship when they want it, this statement makes no sense.",not sexist,train
sexism2022_english-555,Did she die?,not sexist,train
sexism2022_english-5698,CONFIRMED: There is at least one Democrat with a set of balls,not sexist,train
sexism2022_english-17546,Mali: Muslims tell Christians they’ll kill them if they go to church [URL],not sexist,train
synthetic_gen_9,She's just another femnazi looking for attention online.,sexist,train
sexism2022_english-9919,I despise the woman who wrote this article bashing Ivanka Trump. Please read this and send her a message via Twitter telling her how you hate it too. [URL] Amanda Carpenter [URL] 😨😈😠,not sexist,train
sexism2022_english-15919,I don't think that I have enough middle fingers to shoot her way.,not sexist,train
sexism2022_english-5911,"I see your point, Snapchat is social media,bitches use it for validation . But they reacted positively to me at the festival and kept staring at me, if I was an orbiter they would keep looking at me and shit",sexist,train
sexism2022_english-3510,"Niggers would have attacked her, but not a good looking white rich boy.. Sorry cunt, but I don't believe you.",sexist,train
sexism2022_english-14190,"RT [USER]: And yet media fell for it hook, line and sinker. Some pundit types told me they thought he would have to withdraw his name in light of it. Consider that we are surrounded by idiots. [URL]",not sexist,train
synthetic_gen_561,"Go back to the laundry room, that's where you belong.",sexist,train
sexism2022_english-19043,So whores > queens. Mmmmmmmmmmmmk.,sexist,train
sexism2022_english-8795,Yesss she stayed home,not sexist,train
sexism2022_english-3878,The agent should have shot the sorry bastard,not sexist,train
sexism2022_english-16077,Police officer sent explicit text messages and images to women who filed police reports because he felt lonely [URL],not sexist,train
sexism2022_english-8335,"Matt Damon's career might be over because of #MeToo. Since he helped enable kike Harvey Weinstein's abuse of women, he must be erased from movies now. [URL]",not sexist,train
synthetic_gen_1007,Another dumb female trying to lecture men on gaming.,sexist,train
synthetic_gen_1004,Women are naturally unstable and shouldn't be in politics.,sexist,train
sexism2022_english-17870,And of course there is real rape committed by women. [URL],not sexist,train
sexism2022_english-13399,"Very, very few women have sex based on looks. There are men who actually believe this. Good god. I would love to show you my Tinder account.",not sexist,train
sexism2022_english-14674,"I got ""metoo-ed"" holy shit lol. It's funny and also scarily possible.",sexist,train
sexism2022_english-468,Why would you want to turn it around? I don't even know the girl but she seems annoying and a time waster. have more self respect and find better options.,not sexist,train
sexism2022_english-2269,Insane Leftists threaten Kavanaughs wife and children. I wonder how many people will step over the isle and leave the Democrat party over this insanity. [URL],not sexist,train
sexism2022_english-6976,"Wont stop the jiggles... Maybe on little tittie, skelonton libtard girls... but not full blown busty women...",sexist,train
synthetic_gen_165,Why do women think they deserve respect when they can't even be honest?,sexist,train
sexism2022_english-9517,A femoid would have to do some really fucked up shit to little boys to end up the sex offender registry. A male can become a sex offender just by looking at a girl for too long,sexist,train
synthetic_gen_417,Men are better at logic because women are too emotional.,sexist,train
sexism2022_english-17431,"True they do, do I need to be fit to get them? Also, how do you get pretty, slightly chubby women? I’m ok with them but I don’t know how to",sexist,train
sexism2022_english-762,Obviously intruding on her Tinder time......,not sexist,train
sexism2022_english-11878,Protect the frog! Fuck everything else!,not sexist,train
synthetic_gen_1067,"I'm not being mean, it's just biology that women can't drive.",sexist,train
sexism2022_english-6807,"Yup, like any female mammalian species, it's the fight to obtain as many resources as you can so you can raise your kid and pass on the genes.",sexist,train
sexism2022_english-6600,Is there some ACCURATE shit test or just test in general that can gauge if you’re an alpha or beta in her eyes ? I cant tell with my current gf.,sexist,train
sexism2022_english-10816,"Are we sure he didn't mean it as a joke? Clearly, a hijab is not really modest if you are wearing daisy dukes and halter tops.",not sexist,train
sexism2022_english-12951,Chinese geese are just noisy in general. I've got a white female and she talks a lot. Especially compared to the gray Toulouse female and Roman Tuft gander who are pretty quiet.,not sexist,train
sexism2022_english-12313,"But when women speak, that does mena they are lying.",sexist,train
sexism2022_english-1997,"Brush it off and have some time between now and when you contact her again. Unless you said something incredibly ludicrous, the fault is more in your head than hers. By getting hung up over it you will cause more damage than the statement itself.",not sexist,train
sexism2022_english-4596,Then why u ask her how do you know,not sexist,train
sexism2022_english-1721,Cucked whiteknight menginas I'll again point out the irony in this coming from a bunch of crybabies who claim to be going their own way yet spend all their time whining about women.,not sexist,train
sexism2022_english-172,"This chart says it all: [URL] they wanted to create a nation of boys growing up without any fathers, and call it female liberation, well... you reap what you sow (widespread criminality)",sexist,train
sexism2022_english-6651,Ugly women don't count,sexist,train
synthetic_gen_109,"Typical female, always complaining about their careers.",sexist,train
sexism2022_english-12004,#1 PIC: This is a text from #Roseanne to her son. She literally thought Valerie Jarrett was white! #2 PIC: Tweet from a major pharma company (they make Ambien) piling on #Roseanne #3: #Drudge slams them. #4: #ThomasWictor #Thread [URL],not sexist,train
synthetic_gen_427,The only reason she got that job is because of diversity quotas.,sexist,train
sexism2022_english-16703,"Agreed Women are worthless . They offer no intelligent conversation . Nope sorry Hun I'm not interested in Nightclubs, parties , Clothes and the Kardashians .",sexist,train
sexism2022_english-11793,"Tattoos are risky business. Not all tats are created equally, and not all of them suit everyone.",not sexist,train
sexism2022_english-9668,She's free to spout her vitriolic hate speech but anyone who disagrees with her is silenced.,not sexist,train
sexism2022_english-977,There are white women who date minority men for culture points then end up marrying white chad,sexist,train
synthetic_gen_163,Women are naturally inferior and shouldn't be in power.,sexist,train
synthetic_gen_642,"Typical female, always complaining about equal rights.",sexist,train
sexism2022_english-12202,"Do a basic two step to the beat in front of girl. Extend hand, if she takes it, IOI. Dance for a bit holding her hand. Turn her into you. Don't get too touchy feely dancing behind her. Keep one hand on her hip and one keep on holding her hand.",not sexist,train
sexism2022_english-5091,"No. They are not. If you were good looking AND tall you would love all these women, those apps and have sex every day.",not sexist,train
synthetic_gen_779,"I'm not being mean, it's just biology that women can't drive.",sexist,train
sexism2022_english-15499,I'd bang her Greek style.,not sexist,train
sexism2022_english-18010,"Agreed. When I wake up some mornings, my first thought is that I'm so glad no one is sleeping next to me. Meaning my ex-wife or the last woman I was in a relationship with.",not sexist,train
synthetic_gen_555,"Typical female, always complaining about equal rights.",sexist,train
sexism2022_english-8323,If she's paying all the bills he's a deadbeat leech. I don't like leeches regardless of gender.,not sexist,train
sexism2022_english-13974,"""We must put politics aside"" Then injects politics in the very same tweet. So glad this bitch lost. [URL]",sexist,train
sexism2022_english-456,I voted on that one. Fuck those blm pussies,sexist,train
sexism2022_english-17332,“BELIEVE THE WOMAN:” America always knew woman’s Emmett Till story was a lie. After more than a … [URL] Democrat women have lied about sexual assault for a long time.,sexist,train
sexism2022_english-8721,"Yeah, well, plenty of men have been hit by women without ever being able to hit back, so I am not eager to cry a river.",sexist,train
sexism2022_english-4084,At least you have a decent penis. Some girls will reject you based on size alone.,sexist,train
sexism2022_english-12161,"Teresa May Longshanks can take her pedophile loving censorship and shove it up her ass, if she can get it past sadick kahns head. What am I saying, of course she can.",not sexist,train
sexism2022_english-15363,in all fairness he couldnt get much wording in. It would of just turned into a shouting match with how often she cut him off.,not sexist,train
sexism2022_english-19896,She'd probably secretly tell her friends how ugly he is and how much she hates him and wish she never had kids. It's over.,not sexist,train
sexism2022_english-849,[URL] Navy mom surprises daughter after 7-month deployment,not sexist,train
sexism2022_english-7199,"Women use the truth as currency, meaning its only given if there is some advantage to the woman.",sexist,train
sexism2022_english-9712,My fear is that he means kill all the grown women and keep the female children/babies,not sexist,train
sexism2022_english-12132,"I'd appreciate if you added more details about what you actually said to her, what you guys talked about, did you do any kino at the bar, how did you flirt with this girl initially? Besides NGAF it would help me if you gave more details.",not sexist,train
sexism2022_english-1575,Maxine might keep her big mouth shut from now on,not sexist,train
sexism2022_english-19005,"How are you helping to make these individuals not assault or hate women? Oh wait, you don't care. You just want to shame then online.",not sexist,train
sexism2022_english-3070,"What an awful story! The state and his cheating wife really screwed him. > ...however I beat the shit out of him, I broke his jaw in five places, I broke his arm and leg... Holy shit! I hadn't seen that coming.",not sexist,train
sexism2022_english-9609,"In Nigeria, if you rape a woman, the men rape you back! #NSFW ""In Nigeria, if you rape a woman, guys rape you back!"" by [USER] [URL]",not sexist,train
sexism2022_english-10085,we knew that was coming. all the bullshit wasnt worth it though. sorry hong sisters.,not sexist,train
synthetic_gen_823,Another dumb female trying to lecture men on equal rights.,sexist,train
sexism2022_english-4309,"If a woman says fuck marriage she's ""strong and independent"" If a man says fuck marriage he's a misogynist and in a cult. Just more misandry and male shaming.",sexist,train
sexism2022_english-4079,"""A man invests himself completely in a woman because he hasn’t made anything of himself. It is an abdication of his manhood."" - [USER] [URL]",sexist,train
sexism2022_english-6990,If nothing else the Kate Steinle Death is an honest testament to why races should remain separate. In no rational sense should a drug-addled lazy dysgenic brown individual ever share the living space of a beautiful white woman like Kate.,not sexist,train
sexism2022_english-2399,If she was black no one would give a shit..,not sexist,train
synthetic_gen_321,"Typical female, always complaining about equal rights.",sexist,train
sexism2022_english-2510,"[USER] Let's be honest, he was screwing her/it mentally and physically. Saul was just another left wing, nut job pedo #MAGA",sexist,train
sexism2022_english-15793,"[URL] This from the woman who threatened a no-fly zone and shooting down Russian planes, risking a conflict between the two biggest nuclear powers on earth. #Hillary #WW3 #DrainTheSwamp",not sexist,train
sexism2022_english-7599,In my experience women don't recommend guys to their friends. If she doesn't want him then mostt likely other women don't,sexist,train
sexism2022_english-8431,"But you have to acknowledge the good things it has done for women. No I do not, it has done zero good things. Women are less happy, men are less happy - children are less alive and more aborted.",sexist,train
sexism2022_english-7822,"Damn, man. I agree with your original message, but damn...why so aggressive? I've heard that moderates will kill this movement (which I'm inclined to agree with as well), but it seems that a ""you're either with us or against us"" is also a bad idea.",not sexist,train
sexism2022_english-9650,because love is real.,not sexist,train
sexism2022_english-16576,OK so now most of the Senators Voicemail is full when you call?!?! The mailboxes need to stay open if they want to serve their constituents! Any ideas on how we make this known?? Create a change???,not sexist,train
sexism2022_english-16125,Because women refused having sex with their husbands until they let them. So that happened.,not sexist,train
sexism2022_english-11611,that Woman Im in love with lord shes got to go [URL],not sexist,train
sexism2022_english-6972,Lmao[USER] contest between kafirs and female pigs,not sexist,train
sexism2022_english-8665,"just looked up and saw this bitch harf on fox media again she must be doing some one there to get so much air rime ,the bitch belong s on cnn not fox just shut off t.v.",sexist,train
sexism2022_english-5733,"Nah I dont give a shit, taking pictures of your own life is scrapbooking female brain shit honestly",sexist,train
sexism2022_english-1886,Lingerie catwalk show with 5-yo girls as models [URL],not sexist,train
sexism2022_english-17802,#VoteDemOut seditionist wanna be socialists need one way ticket to VEN,not sexist,train
sexism2022_english-3568,News flash: some women like tall guys some don't,not sexist,train
sexism2022_english-14721,"So, should we obediently shut the fuck up, not walk away and swallow these beautiful words everytime we get gaslighted this brutally? Why can't she just honestly say she wants no shit?",not sexist,train
sexism2022_english-7134,"if shes asking you for favors to begin with, she probably doesnt see you as attractive. girls dont want favors from their alphas they want dick.",sexist,train
sexism2022_english-6257,Traveling with female friends becoming the fad for women [URL],not sexist,train
synthetic_gen_402,"I'm not being mean, it's just biology that women can't drive.",sexist,train
sexism2022_english-13942,meat will be banned Maybe. Feminists are usually vegan cucks. >authoritarianism will rise Think UK and their new misogyny hate speech laws. >Islam will take over They won't. They're women's useful idiots.,sexist,train
sexism2022_english-15381,Most girls still prefer masculine looks to the gay femboy type,not sexist,train
sexism2022_english-12615,"You definitely gain some insight on how to lead women that you might dance with in the club, even if it´s not salsa per se.",not sexist,train
synthetic_gen_340,She's just another gold-digger looking for attention online.,sexist,train
sexism2022_english-11411,Eat shit faggot. #TurdReich #NeetSoc #BloodSoilTendies He uses your friend's money to pay for motels to eat his wife's Mexican pussy. [USER],sexist,train
sexism2022_english-816,she probably got paranoid or anxious. You didnt talk to her long enough for her to feel comfortable enough to meet you.,not sexist,train
sexism2022_english-8389,"Too true, you got to rock the Shia lebouf lifestyle",not sexist,train
sexism2022_english-15033,"Yup. There's a few rather dishy guys in amongst them, but they are much younger than me anyway, but still single, and are friends with other single girls in the group, plus one or two older ones who are handsome but single.",not sexist,train
synthetic_gen_505,Another dumb female trying to lecture men on sports.,sexist,train
sexism2022_english-1359,you want men to do better? then remove affirmative action for women,sexist,train
sexism2022_english-5543,"trousers to ininity and beyond, people post it if they think it haven't been posted before, while it is annoying, i do still see a point of re-posting this kind of post, so every new red pilled man can see how annoying/toxic female nature is",sexist,train
sexism2022_english-12194,"""Palestinians"" are a marketing term so that the WHOLE of the Arab world, whom are constantly trying to destroy Israel, don't look like the bad guy, and Israel did. Also, ""Palestinians"" aren't people.",not sexist,train
sexism2022_english-15927,"Little girl: Dad I want to be a feminist when I grow up. Dad: Well, pick one honey, you can't do both.",sexist,train
sexism2022_english-19811,As if white men don't commit more violent crime than black women?,not sexist,train
synthetic_gen_479,Why do women think they deserve respect when they can't even be honest?,sexist,train
sexism2022_english-8227,"Well i used to be fat skinny, and i fucking hated it. I had the strength of a women but belly of an alcoholic. Lost weight and gymmaxxed but no weight lifting can fix your face",sexist,train
sexism2022_english-11695,"Dude, stop playing the pussy game. All I'm getting from your post is jealousy of other guys and distaste for the women that pick them instead of you. Kill your social media, it is a cause of your social anxiety.",sexist,train
sexism2022_english-18074,Kinda what they tell women “you got resting bitch face.” Maybe don’t bring it into some goofy grin but less of a grimace.,sexist,train
sexism2022_english-50,NFL is for Amero halfmexican muslim pussies.,sexist,train
sexism2022_english-6624,"A young female waitress utilized some UFC-style takedown tactics after a handsy patron grabbed her butt at a Savannah, Georgia, restaurant. [URL] [URL]",not sexist,train
synthetic_gen_423,She's just another slut looking for attention online.,sexist,train
sexism2022_english-11518,"You know there’s lots of successful people paying for pussy, and that are still depressed. Just saying.",not sexist,train
synthetic_gen_1220,"Typical female, always complaining about equal rights.",sexist,train
sexism2022_english-16,"So, I herd on the normie news that a pedestrian bridge in Miami collapsed on to a freeway. I guess they built it out of some new kind of concrete. This just happened a couple of hours ago.",not sexist,train
synthetic_gen_825,Why do women think they deserve respect when they can't even be honest?,sexist,train
sexism2022_english-3398,Calling people homophobic doesn't cut it with me. I think it's a good thing to dislike homosexual degeneracy and denying the link between it and child abuse is just wilful ignorance.,not sexist,train
sexism2022_english-9590,She almost looks like a woman in that pic. Almost....,sexist,train
synthetic_gen_802,She's just another gold-digger looking for attention online.,sexist,train
sexism2022_english-1595,"The Jews do what they do to SURVIVE. White trash has always used violence to fight ""the Jew"" and made efforts to destroy them... then DENY doing so.",not sexist,train
synthetic_gen_251,She's just another gold-digger looking for attention online.,sexist,train
sexism2022_english-9700,"it prolly does... ""this idiot sent me $500 lul""",not sexist,train
sexism2022_english-2880,Resign or get kicked off. Her choice. She cut her business in half. Thought she could get away with it?,not sexist,train
sexism2022_english-7486,"You go girl. Only one I will bow to is JESUS CHRIST my LORD. You are correct. Very well said.YEAH PRES. TRUMP, MAGA, 🗽🗽🗽🇺🇸🇺🇸🇺🇸🇺🇸🇺🇸🙏✝️",not sexist,train
synthetic_gen_1180,"I'm not being mean, it's just biology that women can't drive.",sexist,train
sexism2022_english-5511,"A scum bag like you couldn’t even speak to a woman like me, I’d crush you under my heel. Idiot fag.",not sexist,train
sexism2022_english-297,How does an idiot laugh at backing the witch that destroyed his raison d'etre? Easy she has the dirt and spoonfed it to the limpid coward.,sexist,train
synthetic_gen_464,"I'm not being mean, it's just biology that women can't drive.",sexist,train
synthetic_gen_496,Men are better at logic because women are too emotional.,sexist,train
sexism2022_english-18012,THAT'S THE WHOLE POINT! Men can offer emotionally fulfilling friendship and companionship to other men without it being romantic. It's the same thing with women. People can offer each other strong platonic relationships regardless of sex.,not sexist,train
synthetic_gen_200,"I'm not being mean, it's just biology that women can't drive.",sexist,train
sexism2022_english-8055,"For all i know she's telling the truth, or she just doesn't want to lose me over a fling. I'm not about to end it because one other dude got to her while we weren't dating, thats so weak.",not sexist,train
sexism2022_english-8556,"I don't know. I have fun dropping the redpills whenever I can I guess. Be it a man, or a woman. People hate me for it lol.",not sexist,train
synthetic_gen_162,Why do women think they deserve respect when they can't even be honest?,sexist,train
synthetic_gen_1084,The only reason she got that job is because of her looks.,sexist,train
sexism2022_english-948,She likes you and you like her. She is waiting for you to make a move. After class go up and talk to her. She will like it and it’s what she’s been waiting for.,not sexist,train
sexism2022_english-1020,"As a former 15 year old, I can safely say that when I was 15 I wanted my cock to be so large that it could kill people. Now that I'm a little bit older, I'm completely content with my only mildly fatal penis.",not sexist,train
synthetic_gen_1061,The only reason she got that job is because of diversity quotas.,sexist,train
synthetic_gen_209,The only reason she got that job is because of her looks.,sexist,train
sexism2022_english-6994,Sigh ... that mangina again ... pretending to be mgtow. He used to have a picture of himself with a woman over him (like a domina) in his profile picture on YT.,sexist,train
sexism2022_english-13809,"I never said I supported anything. Both can categorically fuck off. If I have to deal with one, I’ll deal with the Shia. They aren’t invading the west and fucking our goats and women by the thousands like the Sunnis.",not sexist,train
synthetic_gen_266,"Typical female, always complaining about gaming.",sexist,train
synthetic_gen_623,Why do women think they deserve respect when they can't even be honest?,sexist,train
sexism2022_english-9701,"Are these people retarded? 16 y/o girls are cock-ready. It can be 30 y/o cock of a respectable, responsible prosecutor who wants to marry them or it can be 18 y/o cock attached to an irresponsible guy who may be a mechanic or something one day. [URL]",sexist,train
sexism2022_english-3302,Hillary's fugly sister....,not sexist,train
sexism2022_english-12037,Telling a woman to be careful is considered victim blaming when you tell women not to get blackout drunk at college parties with tons of strangers But it's being tolerant when you tell women to travel in groups and keep nafri men at arm's length,not sexist,train
sexism2022_english-8730,Didn't they legalize bestiality too? For the goat fuckers?,not sexist,train
sexism2022_english-16296,"Windows, outside lights, and security cameras are NOT people in need!!!! How many people died while this bitch tossed her fake hair or inspected her nails?",sexist,train
sexism2022_english-19715,"Not at all... Im saying if you stop with this incel ideology (which is a very high likelihood that you are a pos based off of what incels think of women), you can definitely not be a pos. But most comments and posts here show the posters as pos.",not sexist,train
sexism2022_english-3366,"What you wanna say is ""women can **only** be 3/10 if there obese, but men can be 3/10 whether they're obese or not because...reasons""",sexist,train
sexism2022_english-19695,(not even looksmatch girls would match with me),not sexist,train
sexism2022_english-16162,true of many of today's women. It's bad nurture today I think. The hypergamous nature was always there but controlled better in the past.,sexist,train
sexism2022_english-7347,"Hilarious. In reality, she would be happy studying cars made in Cuba or Venezuela, except they make none. So maybe Brazil or Mexico, just not any made by evil US corporations.",not sexist,train
sexism2022_english-6691,"dude, yes. It's hot GARBAGE how much the sjw crowd of girls all decries racism but NONE, NONE of them are fucking anything other than white soyboys. And they give shit to girls that do take the pound to brown town.",sexist,train
synthetic_gen_23,Another dumb female trying to lecture men on their careers.,sexist,train
sexism2022_english-15780,"Deranged butt-hurt professor calls President Trump a Neo-nazi and dictator, gives students credit for attending hateful, anti-conservative events. #MAGA #Trump #Sad #SJWsGonnaSJW [URL]",not sexist,train
synthetic_gen_832,Women are naturally inferior and shouldn't be in power.,sexist,train
sexism2022_english-3650,"Yeah, but Jeremy Meeks looks ugly as fuck to me and many women I know wouldn't touch him with a barge pole. He looks like trouble.",not sexist,train
sexism2022_english-5167,Let me get this right...you’re going to beat your wife so that she sees your value and beauty? Could’ve sworn you want to do the opposite to get positive results. They really boggle the mind!,not sexist,train
sexism2022_english-17628,Lol what the hell? Just fuck her. Don't have to tell anyone. I lost mine to a bigger girl my freshman year of HS didn't tell anyone just carried the skills I learned with me 🤷🏻‍♂️,not sexist,train
sexism2022_english-17199,"Yeah otherwise what’s the point? Might as well be friends with her, your on a date to fuck her not to make friends.",sexist,train
sexism2022_english-10177,Literally what happens to every wet suit or cloth in general for that matter. Shit clings to you like latex to a bdsm sub.,not sexist,train
sexism2022_english-17841,A male Feminist? Raping a woman? Never heard of such a thing,not sexist,train
sexism2022_english-7265,"She'd make a great second wife for someone..though, she's a bit too old for their likes I reckon.",sexist,train
synthetic_gen_1134,Women are naturally inferior and shouldn't be in politics.,sexist,train
sexism2022_english-9773,Muslims rape our women and children but hurty words r upmost important too our lame government and police farse,not sexist,train
synthetic_gen_149,"Typical female, always complaining about sports.",sexist,train
sexism2022_english-8041,"Been waiting a year and a half now. So......anytime you get ready to stop asking this stupid friggin' question and actually get it done, just post when it starts.",not sexist,train
synthetic_gen_885,She's just another gold-digger looking for attention online.,sexist,train
sexism2022_english-10672,"I wanted her to say that. Because there seem to be a major divide in their ideas of how world *should* operate, and what they're prepared to do to achieve that.",not sexist,train
sexism2022_english-4151,"Nera likes jumping in, but start to slide the door, she freaks out...",not sexist,train
synthetic_gen_285,"You can't trust a woman who rejects a nice guy, they are all the same.",sexist,train
sexism2022_english-9210,Here she is the breeding machine No thoughts for how her kids will work rest play eh Africa the same Muslims the same They All sicken me,sexist,train
sexism2022_english-5815,"I'm serious, this isn't a joke. MGTOW, and Feminists and PUAs, and Blackpillers etc... should promote sex dolls to those that either want to let go of women, or can't get women. Again, no joke.",not sexist,train
sexism2022_english-10879,The news cycle is so crazy that yesterday a playmate said she slept with Trump as a friend watched and it isn't even mentioned today because of a porn star who slept with the president. Plus some shit is going on in Syria or something:,not sexist,train
sexism2022_english-2365,Don't know but what I do know is that there will be an army of dykes waiting for them.....with broom handles,sexist,train
synthetic_gen_344,"I'm not being mean, it's just biology that women can't drive.",sexist,train
synthetic_gen_1231,Women are naturally inferior and shouldn't be in leadership.,sexist,train
sexism2022_english-15537,"Agreed. Saw ""threesome"" and was curious how the guy made it happen. Found out it was a girl and didn't care.",not sexist,train
sexism2022_english-2139,"Well I dunno about you [USER], but in the video version I posted of this, there’s a flash of sweet, sweet Muzzie flesh beneath the Burqa at one point. Boy-oh, am I still hot and bothered, lemme tell you.",not sexist,train
sexism2022_english-6019,Beauty is only skin deep but she has really deep skin!,not sexist,train
sexism2022_english-13564,"If a woman ever pulls a knife out on you during an argument, pull out some bread, mayo and cheese. Her instincts will kick in and she'll make you a sandwich.",sexist,train
sexism2022_english-17393,Not sure she ever had a brain...,sexist,train
sexism2022_english-18437,You almost never see Mediterranean White women fooling around with niggers. The same goes for most (but unfortunately not all) Slavic women.,sexist,train
sexism2022_english-11053,John Kerry belongs in jail. Why hasn’t he been arrested??? Why hasn’t anything been done about Hillary laundering $84 MILLION through her campaign?!,not sexist,train
sexism2022_english-13939,"(her, thief) Opportunistically vs. (him, idiot) romantically.",sexist,train
sexism2022_english-16387,"[USER] - Hey faggot, we can do this all day long.",not sexist,train
sexism2022_english-15375,Lmao even if you were still fat and lacking style you'd still have more success than an incel could ever dream of simply because you are a woman,sexist,train
sexism2022_english-19762,"Bitches are children and need constant praise no matter how retarded they are? This is why I never compliment women. They'll probably think it's rape, and their self-esteem is *way* to high anyway.",sexist,train
sexism2022_english-16250,"I forgot about this. Justine Damond's family sues officer, partner, city in death of Australian woman killed by Minneapolis cop [URL]",not sexist,train
sexism2022_english-6975,!remindme not to fuck a girl on /u/usedtimecapsule's car,not sexist,train
sexism2022_english-9446,I like the blonde in the middle,not sexist,train
sexism2022_english-16069,These attention starved cunts that will sell their souls to the devil for fame and fortune and now want to piss all over the people that help them get them there... to get more attention and money.,sexist,train
sexism2022_english-7470,This is absolutely revolting I pray she got out safe good lord,not sexist,train
sexism2022_english-3743,She should contact the ACLU and SPLC then dox the hell out of them when the refuse to represent her since she's white,not sexist,train
sexism2022_english-517,Fay's buried with her ass out the ground so Cale has a place to park his moped.,not sexist,train
synthetic_gen_770,The only reason she got that job is because of diversity quotas.,sexist,train
sexism2022_english-17836,I can’t wait till this jackass is dead,not sexist,train
sexism2022_english-4128,What? I can't tell if your comment is for the young man in this video or the young lady.,not sexist,train
sexism2022_english-17741,"I just want that magical, time traveling pen she had.",not sexist,train
sexism2022_english-18276,"Laura Ingraham has always been a weak neo-con. She is a fence-sitter, who attacks her fellow white spokesmen, as haters, suremacists, and malcontents. #Cuckservatives [URL]",not sexist,train
sexism2022_english-7285,"Even if you're such an ugly woman that no dude would ever fuck you, you can just become a lesbian and nail 10's all day.",sexist,train
synthetic_gen_297,"Go back to the kitchen, that's where you belong.",sexist,train
synthetic_gen_339,She's just another femnazi looking for attention online.,sexist,train
sexism2022_english-12307,"What's that saying that gets repeated around the manospere so often? Women would rather share an alpha than have one beta all to herself. There you have it, monogamous love is a male invention...",sexist,train
sexism2022_english-8852,How bout we feed her tongue to the pigs first,sexist,train
synthetic_gen_1100,The only reason she got that job is because of her looks.,sexist,train
sexism2022_english-1006,#PresidentialDebates HRC Is losing her shit.,not sexist,train
sexism2022_english-926,"Men are dumb and long to be enslaved. Even though we are better off without women (even in fhe best case scenario), we still chase them relentlessly... ...and make other men suffer at women's hands too.",sexist,train
sexism2022_english-15741,Take her money and deport her.,not sexist,train
synthetic_gen_638,"Go back to the laundry room, that's where you belong.",sexist,train
synthetic_gen_527,Why do women think they deserve respect when they can't even be honest?,sexist,train
synthetic_gen_497,"I'm not being mean, it's just biology that women can't drive.",sexist,train
sexism2022_english-11681,"I have spent a tremendous amount of time trolling and shitposting on Gab. Seeing what is happening today, I feel it is time that I grew up. Focus is a more effective weapon than triggering the people who want to destroy you.",not sexist,train
sexism2022_english-1348,"Is she really that into you? Who meeds six months to start a relationship, damn.",not sexist,train
sexism2022_english-19997,"BS. There were many pussies before you that paved the way for your ""success"" by rigging the system in your favor. Bars were lowered, standards were reduced, gender quotas, female only scholarships etc.",sexist,train
sexism2022_english-202,"Women are, not men",not sexist,train
sexism2022_english-661,"I don't give a rat's ass what this woman's professional accomplishments are. In fact, I question if she legitimately has any accomplishments. Why? Because she is a liar and liars cannot be trusted, ever.",not sexist,train
synthetic_gen_343,"Typical female, always complaining about sports.",sexist,train
sexism2022_english-8851,"its the other way around -she,' his white trash HO,",sexist,train
sexism2022_english-13571,Do I just ask her if she wants to hangout again? Yep. That's exactly what you do if you want to smash again.,not sexist,train
sexism2022_english-18209,I did anal once with a woman and I hated it Yer mum don’t count mate,sexist,train
sexism2022_english-4595,Ghost her with ur chad profile. Tell her u will meet her someone and secretly video it Watch the normies get triggered.,sexist,train
sexism2022_english-512,"Oregon may allow drivers to choose nonbinary, rather than male or female, for licenses [URL] #Trans #OR",not sexist,train
sexism2022_english-5336,"It's a Tropic Thunder reference. If you haven't seen it, RDJ plays an extreme method actor who plays a black guy So OP is saying RDJ should play Sam Jackson playing Nick Fury And now the joke is explained and thus ruined",not sexist,train
sexism2022_english-618,[URL] kansas city mo female strippers,not sexist,train
sexism2022_english-12312,Taki played a women's champ in an informal match and even he a low ranked player beat her and she was very good (and black BTW). He did not crow about it nor did the lady go on TV and spew the usual psycho babble which inflames the masses of asses.,sexist,train
sexism2022_english-967,"And then there's this... How she made six figure salaries from the govt to ""help the little guy"" -- what an unethical farce. [URL]",not sexist,train
sexism2022_english-9972,You lucky bastard. Trade placed with me!,not sexist,train
sexism2022_english-14144,"LMFTFY ""...stand by his wife's *dead body* pregnant by another man""",not sexist,train
sexism2022_english-8073,"Yup, I do enjoy a Socialist admitting he is a Socialist through and through. Keep up the good work. Don't forget to bow down before your flag of the former Soviet Union that you keep in mommy's basement.",not sexist,train
sexism2022_english-15869,"considering how men's issues are treated, the building would more accurately be 1/10 the size of the women's one.",sexist,train
sexism2022_english-12485,#BritFam - just when you think the Guardian couldn't sink any lower. Published today in aftermath of #ParsonsGreen attack,not sexist,train
sexism2022_english-19028,"I'd trust your gut on this one, hard next. If you have the stones ghost her and don't explain, let her slowly be consumed with guilt and eventually she'll probably confess but even if she doesn't she's no longer your problem.",not sexist,train
sexism2022_english-10418,Holy shit fuck that woman.,sexist,train
sexism2022_english-13375,There was a brown out in the area where the hospital that my sister-in-law gave birth is in. So the staff had to use the lights from their cell phones while she gave birth.,not sexist,train
sexism2022_english-13659,FROM GOOLAG: corporate censorship. you try to defend your nation from extermination. PayPal bans you,not sexist,train
sexism2022_english-9798,Women always have there hidden agenda.,sexist,train
sexism2022_english-4080,"I notice the same, lifting really increases overt interest from gay guys but any IOIs from girls are still rare. I think with girls you have to have elite looks to get IOIs barring some exceptional circumstance.",sexist,train
synthetic_gen_1113,The only reason she got that job is because of diversity quotas.,sexist,train
sexism2022_english-2538,Doesn't she know that laser gun looks scary and needs to be banned?,not sexist,train
sexism2022_english-10198,They get everyday what i wish i could get once girls looking at them flirting with them even smiling at them women hate guys like us simply because genetics there all sluts it sucks to say but the only way to get women is to be a chad,sexist,train
synthetic_gen_188,"You can't trust a woman who rejects a nice guy, they are all the same.",sexist,train
sexism2022_english-19732,"The funniest thing about this is that she had NO spike in sales after endorsing Hillary. Or, if she did, it certainly wasn't significant.",not sexist,train
synthetic_gen_320,Another dumb female trying to lecture men on equal rights.,sexist,train
sexism2022_english-12179,What the old hag needs is a muzzle! POS skank! 😜,sexist,train
sexism2022_english-7966,When Satan calls her home .,not sexist,train
synthetic_gen_141,"You can't trust a woman who works in STEM, they are all the same.",sexist,train
synthetic_gen_575,"You can't trust a woman who wants a promotion, they are all the same.",sexist,train
sexism2022_english-2700,"She went in and slapped another asian guy lemme guess, she wouldn't slap him if he was white. I bet she is actually married to a white guy",not sexist,train
sexism2022_english-6195,"How to beat a woman, the right way ... lol",sexist,train
sexism2022_english-3229,"Whip her first until her back is nice and bloody! And, then whip her face until her eyes are swollen can't open. I despise people who hurt children!!",sexist,train
synthetic_gen_602,"Go back to the bottom of the ladder, that's where you belong.",sexist,train
synthetic_gen_682,Another dumb female trying to lecture men on sports.,sexist,train
sexism2022_english-12573,I want to make men understand that the way men care for women in a relationship is not the same with women. Men will be better off (be it in a relationship or not) if they keep their interests before anything else.,sexist,train
sexism2022_english-18914,"New world order lady, men give zero fucks. What does she think yelling at people is going to result in them being kind and courteous. Some women can’t handle the equality they claim to want so bad.",sexist,train
sexism2022_english-14562,least she isnt my cousin hey you inbred muslim fuckknuckle. go play on the motrway you dhimmi cuck.,not sexist,train
sexism2022_english-13226,[USER] I offer swearing & hot girls with guns gifs. You're welcome. :P [URL],not sexist,train
sexism2022_english-10474,You do know this is not r/RoastMe?,not sexist,train
sexism2022_english-17579,[URL] Funny how NOT ONE MP wanted Naz Shah to be investigated after her disgusting tweet telling the rape victims of Rotherham to shut up for the good of diversity #BritFam #GabFam #SpeakFreely,not sexist,train
sexism2022_english-15371,If Triggly Puff was living in Communism and not Capitalism....she would be skinny as fuck....,not sexist,train
sexism2022_english-19968,So basically Apple is trying to force you to change your TOS to suit their world view if you want have an official ios app? Since when is a computer company in the business of being everyone's mother? Sad & Pathetic,not sexist,train
synthetic_gen_1164,"Typical female, always complaining about their careers.",sexist,train
synthetic_gen_716,"Go back to the bottom of the ladder, that's where you belong.",sexist,train
sexism2022_english-5283,Haven't you heard? Commenting on a woman's appearance is *always* misogyny.,sexist,train
synthetic_gen_999,"I'm not being mean, it's just biology that women can't drive.",sexist,train
sexism2022_english-9160,This is all part of the psy-ops the CIA ran in 1998 using Mexicans. They paid women to have babies in the US.,not sexist,train
synthetic_gen_875,"Go back to the laundry room, that's where you belong.",sexist,train
sexism2022_english-9429,That sounds like something a retarded preschooler would say. I don't mean you. I mean the people who believe that shit,not sexist,train
sexism2022_english-8201,That's the kind of sadistic shit only women can do to their children.,sexist,train
sexism2022_english-9861,Never let her seduce you into buying her anything big. Treat her like a peasant. And since you're the actual king you will reap rewards.,sexist,train
sexism2022_english-15911,"Why are you nervous? Because you are afraid of her judging you? Turn the situation around: She is the one who has to prove to you that she is worth your attention/admiration/... Don't be a dick about it, though.",not sexist,train
sexism2022_english-6538,"MRA stuff like men saying they wished they hadn't had daughters, calling ALL American women whores, etc. Evidence if this?",sexist,train
sexism2022_english-15701,Take her to a black site and waterboard her if she doesn't want to talk to congress and the American people.,sexist,train
sexism2022_english-19927,"Whenever ethnics talk about white women, they seem to think all of them look like 10/10 movie actresses even though tons of them are average as fuck or getting obese each year. Smv of them is inflated due to media and men feeding theirnego",sexist,train
sexism2022_english-14618,NFL player LeSean McCoy's estranged ex-girlfriend attacked during home invasion. [URL],not sexist,train
sexism2022_english-7567,What pushback? They sit in the street chanting like occupy fags. And screaming to be non violent.,not sexist,train
sexism2022_english-2250,"How about you position yourself next to her, and speak so you can be heard? Or head out to the patio. Plus they have to be able to hear your drink orders at the bar so obviously you can speak there",not sexist,train
sexism2022_english-11682,"“Excuse me, the manager asked me to ask you to please leave. You’re making all the other girls look bad.”",not sexist,train
synthetic_gen_911,The only reason she got that job is because of nepotism.,sexist,train
sexism2022_english-14625,Imagine the hellfire if a male senator said that about women.,sexist,train
sexism2022_english-4196,"I don't know if you should avoid this one or encourage her? And, can a woman rape a man? Rape, is forced sex, is it not? [URL]",not sexist,train
sexism2022_english-1723,It's because they're oppressed so they need their own spaces. But men don't need any spaces because they have it easy. Female 'logic'.,sexist,train
sexism2022_english-19478,You get over oneitis by 1) Cutting all contact with her 2) Self improving yourself 3) Getting higher quality women,not sexist,train
synthetic_gen_1030,"Go back to the laundry room, that's where you belong.",sexist,train
sexism2022_english-5347,The thirst is strong. You can't find a woman ugly enough to not be getting dick.,sexist,train
sexism2022_english-18119,Volunteer her for a game of tarrush then.,not sexist,train
synthetic_gen_881,"I'm not being mean, it's just biology that women can't drive.",sexist,train
sexism2022_english-17296,He’s a nigger,not sexist,train
sexism2022_english-821,This book is a brutally eye-opening explanation of gender dynamics and the power which women have over men. It explains the hard-wired behaviours women use to control the men around them. Red-pill reading. [URL],sexist,train
sexism2022_english-18639,1) you can google how to take a good selfie and 2) women also take 30 pics and only keep the one good one. It sounds like you’re enforcing helplessness on yourself.,not sexist,train
sexism2022_english-434,Hate fucking is a real thing so I’m sorry but I’m really not buying that most men need affection or any sort of fondness to have sex. If they find the woman attractive and she’s willing that’s all they need.,not sexist,train
sexism2022_english-15378,Idiot Hillary will never go down. She has 2 presidents behind her and when is last time you heard of an elected official going down that high up. Or for that matter a former first lady? Are you stupid?,not sexist,train
synthetic_gen_783,"I'm not being mean, it's just biology that women can't drive.",sexist,train
sexism2022_english-1126,"i would have just said ""No girl wants to get fucked by something that they already have, you cunt"". True! I gotta remember this, it sounds so what familiar. I read it in like a Bill Burr accent.",sexist,train
sexism2022_english-2334,"[URL] Hu'tegh SoHvaD pagh maQam! 'oH wIghaj, liberal toDSaH! vaj fuck! Aaaargh, we can't stand you anymore! We've had it with you, #liberal idiots! So, fuck off!) #Discovery #StarTrek #Klingon #warriors #racist #Trump #supporters",not sexist,train
synthetic_gen_353,Men are better at logic because women are too emotional.,sexist,train
sexism2022_english-9361,Top model suddenly dies shortly after mother dies from bowel cancer battle: report [URL],not sexist,train
sexism2022_english-623,"Great message. You definitely have to take what you can get in certain scenarios like these. I once had to approach a women while she was eating, the greatest risk ever. The approach is still extremely memorable to this day.",not sexist,train
synthetic_gen_31,"Go back to the bottom of the ladder, that's where you belong.",sexist,train
sexism2022_english-18571,"Sean Davis Why did Fusion GPS's Glenn Simpson conceal from Congress last August that he retained the services of the Russian-speaking wife of a top DOJ official? He was asked directly, and he denied it.",not sexist,train
synthetic_gen_468,"I'm not being mean, it's just biology that women can't drive.",sexist,train
synthetic_gen_282,She's just another slut looking for attention online.,sexist,train
synthetic_gen_264,"Go back to the kitchen, that's where you belong.",sexist,train
synthetic_gen_11,She's just another slut looking for attention online.,sexist,train
sexism2022_english-10280,How are you gay? You're very clearly a woman.,sexist,train
sexism2022_english-14877,looool your dad is cuck and btw fuck your mom dude she's a whore if i had your mom i'd legit bitch slap her thankfully we have muslim endocrination and oppression here so my mom sees this as extremely taboo,sexist,train
sexism2022_english-2108,old r/incels mods were based except for the cuck dannymason,not sexist,train
synthetic_gen_105,Another dumb female trying to lecture men on gaming.,sexist,train
sexism2022_english-19688,I put my grandma on speed dial. That's what I call Insta-Gram . . .,not sexist,train
synthetic_gen_480,The only reason she got that job is because of diversity quotas.,sexist,train
synthetic_gen_1058,"Go back to the kitchen, that's where you belong.",sexist,train
sexism2022_english-9295,"Are you serious? Omg Some of you are worst than white people....or might even be white Oh and I Loooove the convient ""i dated a black women'' Fuck off and all this board",not sexist,train
sexism2022_english-13040,I'm kind of surprised she didn't just burn them,not sexist,train
sexism2022_english-9904,"Yeah people are trying to force everyone to be the exact same style, which is dumb. Trad Pub mindset. I'll tell you more about what my old crit group said about For Steam and Country when you're done with it ;)",not sexist,train
sexism2022_english-12087,"Seriously. All women think about is status and sex, and then crotch spawns after they shit their first one out.",sexist,train
sexism2022_english-3231,"and, for that, we thank her... ☠️",not sexist,train
sexism2022_english-11266,A world run by women will make hell seem like a vacation spot.,sexist,train
sexism2022_english-8658,Not Jewish - she isn't smart enough;),not sexist,train
sexism2022_english-8069,"Don't feel too bad, man. It's all part of the global [depopulation agenda]([URL] Men are subtly being 'discouraged' from marrying women (and having kids, which they tend to do when married). MGTOW is just a natural consequence of this realization.",not sexist,train
sexism2022_english-8442,the only people that care about #DACA are Nancy Pelosi and her Brown Skin wanna-be grandson.,not sexist,train
synthetic_gen_521,"I'm not being mean, it's just biology that women can't drive.",sexist,train
sexism2022_english-7460,Chad lite over here. So it's purely mental that? So volcel? How old are you? You may still have some growing to do.,not sexist,train
sexism2022_english-2540,"Just keep practicing, is you get as good at it as she is, you can become a famous whore too!",sexist,train
synthetic_gen_1206,Men are better at logic because women are too emotional.,sexist,train
synthetic_gen_125,"Typical female, always complaining about their careers.",sexist,train
sexism2022_english-15860,"When I don't like a girl, who is not 'right' for me: I give her a can of porks and beans, stick an apple in her mouth, and throw her out the door.",sexist,train
sexism2022_english-19898,"Lets be fair, thats also how Saudi men treat Saudi women. So...",not sexist,train
sexism2022_english-10552,Thank God for Trump. I'm sick of all these women making false claims to ruin men's reputations. Feminists need to go away. [URL],sexist,train
sexism2022_english-18773,I wish we lived in a fantasy world where women actually valued things other than getting their curtains wet.,sexist,train
sexism2022_english-847,"How were you touching? I know a friend of mine went to Japan and had a rampage because girls like Americans so much. Not a lot of information, what I can tell you is to fuck up more to figure it out.",not sexist,train
sexism2022_english-2555,"To most of us, getting high classed paid tuition is a privilege and not a right To me, id imagine hes paying for her to get education, not to sleep around. Her actions have consequences and she needs to start becoming self reliant",not sexist,train
sexism2022_english-4159,"[USER] Let's play this song and trigger the feminists, male and female, who (having no ideas) claim it's a song about ""rape."" Idiots.",sexist,train
synthetic_gen_1168,Why do women think they deserve respect when they can't even be honest?,sexist,train
sexism2022_english-14825,"You are projecting most of that ""disgust"" onto them, I promise you. And yes, everyone is physically unattractive to multiple women.",not sexist,train
synthetic_gen_629,"Typical female, always complaining about gaming.",sexist,train
sexism2022_english-10320,Please she is horrible and a woman. No woman has the capacity to understand our struggles it is just not the same for them. The fact the she is still allowed here is shocking.,sexist,train
sexism2022_english-3388,Well in Facebook Jail for three days ! I told some cunt that being nice to muslim animals wont saver her ass.I guess I hurt the cunts feelings. I hope a Muslim fucks her in the ass and rips her cunt off.,sexist,train
sexism2022_english-6652,"Perhaps. It depends on what % of men and women fit that ""type."" If there's 2% women like that but 6% men like that it would suck to be a male in that ""group.""",not sexist,train
sexism2022_english-14297,Yet they'll continue to have buff shirtless men who dehydrated and starve themselves in order to give the ladies their tingles,sexist,train
sexism2022_english-850,"After she eats shit, what'll she do with your clothes ?? BWAA HA HA HA This ain't Twitter, dummy---you'll get beat up real good here on GAB.",not sexist,train
sexism2022_english-13833,“I HATE racism” she cried from her 95% white town.,not sexist,train
sexism2022_english-5682,This is from personal experience. I originally tried to make friends with girls based on hobbies / common interests and really never had one my entire life. Then after I had a mild sexual under tone I can probably friend almost any girl.,not sexist,train
sexism2022_english-19001,"When the alternative to the Taliban and Shariah supremacists is corruption and sex slavery, there will be no eliminating the Taliban and so on unless you kill the last virgin boy and girl. Agreed that trade not 'aid' is a good policy overall.",not sexist,train
synthetic_gen_171,She's just another femnazi looking for attention online.,sexist,train
synthetic_gen_387,Another dumb female trying to lecture men on gaming.,sexist,train
synthetic_gen_287,"Go back to the laundry room, that's where you belong.",sexist,train
synthetic_gen_51,Another dumb female trying to lecture men on their careers.,sexist,train
sexism2022_english-10522,"How do you know if someone wants to talk to you before you talk to them and find out? Telepathy? All you're saying here is either (a) read minds or (b) don't approach. Typical female attitude about the matter, to be honest.",sexist,train
sexism2022_english-7882,"-4,500 😁 yup this ain't twitter bitch, go cry to yo mama!",sexist,train
synthetic_gen_322,"Go back to the laundry room, that's where you belong.",sexist,train
synthetic_gen_1139,Why do women think they deserve respect when they can't even be honest?,sexist,train
sexism2022_english-18223,"You think Gen Z is going to be bad, just wait for the Millenial's kids to hit college age",not sexist,train
sexism2022_english-13577,"just me, look at Nature, females in heat, give off the odor..if I travel on a bus or train, and sit next to a stinking female with no personal hygiene, you can bet I will ridicule her. hope they enjoy their UTIs. thanks",sexist,train
sexism2022_english-12928,"I don't really think women who slept with over 50 guys would be much offended if some ""incel"" doesn't date them. They don't need you enough to give a shit..",not sexist,train
sexism2022_english-19790,"If I saw ""wife"" potential or if I was quitting soon.",not sexist,train
sexism2022_english-4947,She genuinely thought I wanted to work more and that she would be helping out. Women suck at empathy.,sexist,train
sexism2022_english-9224,The best of both worlds is put in the work on all fronts but smooth over the dry spells with transactional so you don't make some dumb choice out of thirst for pussy my 2¢,sexist,train
sexism2022_english-8399,"Once again a criminal is taken down by the Police via a taser and due to the officers being white and the criminal brown skinned, the race card is put forward and an investigation is implemented. Complete bullshit in Bristol.",not sexist,train
sexism2022_english-16812,"I love women, and I used to hate the bullshit games they play. Now that I'm a little better at said games, I don't mind them as much.",sexist,train
sexism2022_english-10924,But first.... That bitch better get her ass in the kitchen and make me a sammich.,sexist,train
synthetic_gen_558,She's just another femnazi looking for attention online.,sexist,train
sexism2022_english-2768,[USER] hey sis! Lol he better not block me 😂😂😂,not sexist,train
sexism2022_english-14,What does it matter? Just meet up and see what she wants. Worst case you spend an afternoon with a lovely person. Best case you smash.,not sexist,train
sexism2022_english-9237,THEN WHY DO PEOPLE IN JAPANESE PORN HAVE PUBES? Fuckin betas don't know *anything*.,not sexist,train
sexism2022_english-13075,stinking snake. I hate her!!,not sexist,train
sexism2022_english-4602,"I haven't even made any posts yet, but already have followers! And the best part? Not only are they all hot females, they all want to have sex with me! Gab is awesome!",sexist,train
sexism2022_english-865,"Harry is not a happy man. And has no one else to blame for his obvious misery. After so many gorgeous girls he has been with, he stumbled on a nigger hooker, and now she is making mockery of him in public - once again... [URL]",sexist,train
synthetic_gen_370,"I'm not being mean, it's just biology that women can't drive.",sexist,train
sexism2022_english-2828,"He actually was breaking up a fight if you listen one of the girls says ""Who is he""",not sexist,train
sexism2022_english-5243,That girl is hit. 4/10,not sexist,train
sexism2022_english-15877,[USER] a nutritionist with a hate for vegans. Well thats a 1 way ticket to heaven love.,not sexist,train
sexism2022_english-9878,It's funny how faked up these pedophile women teachers are. With the rubbery looking skin and fake eyebrows you could almost mistake them for sex dolls 🤔,sexist,train
sexism2022_english-14055,She is a master of putting guys into the friend zone. Just cancel it and save yourself some heartache.,not sexist,train
sexism2022_english-7550,"[URL] Nigger women drag this stat up the most. Average IQ of 83, so ugly black men avoid them, spitting out niglets like they were on sale. Put them all down. Fat, stupid nation.",not sexist,train
sexism2022_english-15731,You just keep hanging out and hooking up and giving her radio silence in between dates.,not sexist,train
sexism2022_english-2339,Isn't the term for a canine female - Bitch? Seems like they've already learned a lot.,not sexist,train
synthetic_gen_741,"Go back to the laundry room, that's where you belong.",sexist,train
sexism2022_english-9508,shit post,not sexist,train
synthetic_gen_900,Women are naturally irrational and shouldn't be in power.,sexist,train
sexism2022_english-4160,[URL] id totally pork white girl mariah carey,not sexist,train
sexism2022_english-281,Lol no fucks given TRIGGER WARNING Fact: Women are not infallible. They are not perfect.,not sexist,train
sexism2022_english-5574,"I have a gut, still got a girl. Whats this stupid myth i keep hearing?",not sexist,train
sexism2022_english-4521,"Couldn't agree more. on a side note, Papa used to wear a dildo on his head and go sarging. Style is pretty much the definition of how being feminine can work.",not sexist,train
sexism2022_english-15612,"In 2021 [USER] will crush the competition to become People Magazine's ""sexiest nazi alive"" Edit: obligatory #nohomo",not sexist,train
synthetic_gen_275,"Go back to the laundry room, that's where you belong.",sexist,train
synthetic_gen_763,Women are naturally unstable and shouldn't be in management.,sexist,train
sexism2022_english-3057,"And.. spread the word. I have ER Physician who can show where to get the evidence on the murder.... Ret.Lt.Cmdr.MD, USN...Navy Seal Medic.",not sexist,train
synthetic_gen_601,"Typical female, always complaining about their careers.",sexist,train
synthetic_gen_542,Another dumb female trying to lecture men on equal rights.,sexist,train
sexism2022_english-1759,I said in my family dude not every fucking black guy in the world 😂😂. If they blame women they are weak bitches.,sexist,train
sexism2022_english-15675,I was trolled by a Russian during the election. It was so obvious I called her Natasha not Rita...She blocked me.,not sexist,train
sexism2022_english-4127,Some of humanity's best works of art are studies of the female nude. Now that's a #BadThing. The #NewPuritans march on. [URL],not sexist,train
sexism2022_english-5662,I see your confusion. You think Jews are HIV. I think women are.,sexist,train
sexism2022_english-13204,"Ask her again when next week rolls around, if she still says she can’t do it and doesn’t set an alternative time (eg doesn’t give you a day she’s free), then move on",not sexist,train
sexism2022_english-5471,Wow! I'm jealous! She messes it up for the rest of women...,not sexist,train
synthetic_gen_235,"I'm not being mean, it's just biology that women can't drive.",sexist,train
synthetic_gen_1096,Men are better at logic because women are too emotional.,sexist,train
sexism2022_english-14235,"The privileges they'd get with having a captive wife. Not having to cook your own food, do your own laundry, raise your own kids, etc. They do really hate women, but they're loathe to part with their privileges.",not sexist,train
sexism2022_english-13515,I pity you. You're a very sad lady.,not sexist,train
sexism2022_english-3452,"&#x200B; >I had more succes at 30 than at 21, while looking similarily good. Even among 20yo girls. But what's the difference then?",not sexist,train
synthetic_gen_867,Another dumb female trying to lecture men on gaming.,sexist,train
synthetic_gen_363,She's just another slut looking for attention online.,sexist,train
sexism2022_english-11519,At least her mother still has a spine. Rare.,sexist,train
synthetic_gen_1107,Another dumb female trying to lecture men on sports.,sexist,train
sexism2022_english-1646,"My wife walked in on me wearing her clothes today... She was horrified and confused at first, until I reassured her by saying, ""For fuck's sake love, you're never going to pass your driving test if you have to take it yourself !!""",not sexist,train
sexism2022_english-1390,Hope she sees this simp,not sexist,train
sexism2022_english-7228,[USER] Leg day is easy. Hot girls who wear miniskirts get asked out.,sexist,train
sexism2022_english-16477,Kerpal is going to fuck her... lol... short dick style 😂,not sexist,train
sexism2022_english-18445,How many girls here would fuck that guy?,not sexist,train
sexism2022_english-18728,"And you still just standing around with your non existent cock in your hand saying, that's not right. Kill the mother fuckers back! You feckless pussies.",sexist,train
synthetic_gen_983,"You can't trust a woman who wants a promotion, they are all the same.",sexist,train
sexism2022_english-12929,Lying SENATOR FEINSTEIN!!! Why is she still there after having a Chinese spy by her side for 20 years ???? Yet Russia Russia Russia!! Where investigation ??,not sexist,train
sexism2022_english-36,the administration of this account doesnt tweet for pussies and communists that stand with Israel. go back to your mommy. we real men are busy organizing the defense of the USA front during battlefield communist New World Order,sexist,train
sexism2022_english-5947,"[USER] I like that message, but 'turn the other cheek' is something I like to call Cuck Fu. The Moslems rape your daughter and kill your friends? Don't forgive, DEPORT",not sexist,train
sexism2022_english-17023,The best programmer in my workplace right now is a woman. She's fucking amazing.,not sexist,train
synthetic_gen_894,"I'm not being mean, it's just biology that women can't drive.",sexist,train
synthetic_gen_841,"I'm not being mean, it's just biology that women can't drive.",sexist,train
sexism2022_english-16699,"So, you don't even deny that you hate women, you're merely frustrated that there are other guys who do and can still get laid?",not sexist,train
sexism2022_english-19512,"Actually my oneitus was fat. She talked to me until she lost the weight, then realized she could do better and started banging chads.",not sexist,train
synthetic_gen_657,"You can't trust a woman who rejects a nice guy, they are all the same.",sexist,train
sexism2022_english-10078,"Gonna place my bets on the religion of peace. That being said, may God bless our brothers and sisters in the line of fire.",not sexist,train
sexism2022_english-2503,All of these people are fucking retarded.,not sexist,train
sexism2022_english-5825,Davis Lovic · US Army school of Crap burning the police chief was a muzzie. he is a muzzie. Sharia law says a muzzie can kill a infidel who ain't a muzzie. next question,not sexist,train
sexism2022_english-3195,i like the girl wearing the swimming pool,not sexist,train
sexism2022_english-3627,He got off very easy. The last macho asshole who disrespected my woman now uses a cane to walk about.,not sexist,train
sexism2022_english-13868,"Honor Killing: Muslim father and brother murder, mutilate girl for marrying non-Muslim boy [URL]",not sexist,train
sexism2022_english-15497,She could just sell feminist smart rape whistle for people to throw money at her,sexist,train
synthetic_gen_903,"Typical female, always complaining about sports.",sexist,train
synthetic_gen_609,"Typical female, always complaining about sports.",sexist,train
sexism2022_english-11357,Deport her sorry ass back to her Islamic paradise.,not sexist,train
sexism2022_english-11776,"no, not ""truth"" in abstract. he said, she said - leads nowhere. videos of BG raping & killing children, that would do the trick. #Q & #POTUS have it all...",not sexist,train
sexism2022_english-9795,Crazy eyes wouldn’t get her hands on my bank account lol,sexist,train
synthetic_gen_1110,"You can't trust a woman who wants a promotion, they are all the same.",sexist,train
sexism2022_english-10478,He thought she was a dead lay.,not sexist,train
sexism2022_english-9120,and Ivanka said Chelsea is her best friend. WHY is Ivanka part of Trump staff? it stinks!,not sexist,train
synthetic_gen_504,Why do women think they deserve respect when they can't even be honest?,sexist,train
synthetic_gen_1155,"Typical female, always complaining about sports.",sexist,train
sexism2022_english-2926,"Oui, always the boob tubes, people don't realize that there's actually mercury in that sh!t..",not sexist,train
sexism2022_english-1305,"Y'all Christian mother fuckers need to read the Bible. Ain't nothing in there about marrying a slut, and a dozen places it says to stone them.",sexist,train
sexism2022_english-612,"This pretty much sums up that ""catch me outside"" girl. Raised to be a retarded whore by a shitty mother and society rewards it.",sexist,train
synthetic_gen_972,Why do women think they deserve respect when they can't even be honest?,sexist,train
sexism2022_english-18212,All the pedophiles,not sexist,train
synthetic_gen_839,She's just another gold-digger looking for attention online.,sexist,train
sexism2022_english-6531,"Her account sounds like two women who thought they ran every thing had a show down, and one of them won.",not sexist,train
sexism2022_english-14677,That's the point of the sub. We're tired of women getting away with shit. Joke posts ruin perfectly good subs because normie fags like you want easy karma.,sexist,train
sexism2022_english-6460,I did not find her funny at all.,not sexist,train
synthetic_gen_838,"Go back to the bottom of the ladder, that's where you belong.",sexist,train
sexism2022_english-10501,"""Fajardo was identified as a Latino gang member who killed a 14-year-old black girl in a racially motivated shooting."" [URL]",not sexist,train
sexism2022_english-5117,and when the women get angry and resentful at this arraignment just call them entitled bitches and princesses! Women should love doing free labor without any respect!,sexist,train
sexism2022_english-16408,"I never thought I'd see the day, thots are finally dropping the pretense and just flat out saying ""pay 4 mAh baby"".",sexist,train
sexism2022_english-10515,"Considering her questionable conduct as human rights commissioner, there are a lot of people ashamed that she’s an Australian too. [URL] #AusFam #AusPol #ausfam #auspol #Ausfam #Auspol #Australia",not sexist,train
sexism2022_english-12858,"They messed up EVERYTHING! They couldn't even get her hair right! UGH! I watched the anime from start to finish growing up, she's my favorite female anime character. And it pisses me off they couldn't even cast an asian.",not sexist,train
sexism2022_english-3974,They're so clueless. White western women are the most privileged class on earth.,sexist,train
sexism2022_english-174,Mad about being the lady with the Muslim husband ? Is she not the lady with the Muslim husband? I'd of labeled it that too at least it didn't say the bitch with the sand nigger husband What do these ass holes want anyway ?,sexist,train
sexism2022_english-195,Is it supposed to be charming that she is always hungry? Spoiled women are so odd.,sexist,train
sexism2022_english-12735,gender neutral bathrooms. smh. i'd stand 3ft away and really hold my dick out like a spitting snake so every woman could see. fuck them. they are the ones that wanted this shit.,sexist,train
sexism2022_english-634,Three groups are out to destroy the Trump presidency. This will blow you away. ....... [URL],not sexist,train
sexism2022_english-11499,"If dumb and dumber had a daughter, it would be that stupid commie bitch.",sexist,train
sexism2022_english-3765,they do... some can handle rejection by inventing a false rape story or worse. Some will just scream a man has a small dick if he doesn't want her.,sexist,train
sexism2022_english-6437,"true, but again ill pay! Love to see her face when shes exposed once and for all as the lying bitch she is!",sexist,train
sexism2022_english-2931,"Well Toshie, why should I a tax-payer have to pay for housing, heat, utlitlites, food, clothing, & health care for some woman who lied about rape? What did I do to deserve this punishment? Law of Moses has no prisons!",not sexist,train
sexism2022_english-6287,Stacy means attractive girl. Never a hope with them.,not sexist,train
synthetic_gen_152,She's just another femnazi looking for attention online.,sexist,train
sexism2022_english-10324,"And yet that guy dumped her the second he actually met her kids. Maybe, just maybe, he was just spitting game",not sexist,train
sexism2022_english-18740,These women got less than what they deserved. They assaulted a man.,not sexist,train
synthetic_gen_1042,Another dumb female trying to lecture men on equal rights.,sexist,train
synthetic_gen_1143,Men are better at logic because women are too emotional.,sexist,train
sexism2022_english-9812,Incels are skinny and/or babyfaced. Those are the two things that make one incel.,not sexist,train
sexism2022_english-5705,"They're back stabbers is what I see, protecting the filthy celebs and Jews. Joe Rogan is a paid idiot imo. Should name it the Mercer News, Breitbart is dead in more ways than one.",not sexist,train
sexism2022_english-12488,Negro mama refuses to admit that her Negro chillin is a savage. [URL],not sexist,train
sexism2022_english-8159,"Lmao this is fucked. I remember having oneitis for my old therapist and then stumbling across a video of her getting trained by two black humongous dudes. Hard to believe, but I'm redpilled for life after that one.",sexist,train
synthetic_gen_379,Why do women think they deserve respect when they can't even be honest?,sexist,train
sexism2022_english-14041,Kabballa vitim exposes Jewish sect of ritual devil and ritual practices Mind you Oprah is also a Devil Worshiper that has sold her soul for fame and riches. [URL],not sexist,train
sexism2022_english-12743,This is so fucking presumptuous because men are under attack RIGHT NOW and she's one of the assholes leading the charge. Fucking insane.,not sexist,train
sexism2022_english-2002,"[She'll leave him eventually once a guy that is as good as him looks wise and personality and all, then also has a huge dick, then he'll be sitting there with no GF because of this article. They'll all know he's small.]([URL]",not sexist,train
sexism2022_english-3470,"HAHA Every man I've known, that got married, ended up with a big fat gut and basically, a personal slave, to his wife.",not sexist,train
sexism2022_english-18090,"""Feel this."" *girl grabs your muscles* -DONE",not sexist,train
synthetic_gen_919,Why do women think they deserve respect when they can't even be honest?,sexist,train
sexism2022_english-11830,Stop being a fuckin pussy and tell her to grow the fuck up.,sexist,train
sexism2022_english-18463,There you go. I'm hoping he finds a woman that won't put up with his shit and beats the crap out of him! 😀,not sexist,train
sexism2022_english-1753,Wow. Now when my wife gets mad at me for clogging the toilet I'll just show her this.,not sexist,train
sexism2022_english-19336,Fuck his mom too.,not sexist,train
sexism2022_english-11546,She should just choke herself. I'd watch that for a dollar!,sexist,train
synthetic_gen_765,Women are naturally manipulative and shouldn't be in tech.,sexist,train
sexism2022_english-10542,Except you bringing up women fawning over him is them holding it up to the current standard... did you read my comment? I didnt even hold him up to current standards so your comment makes no sense...,not sexist,train
sexism2022_english-19550,"I don't need to, when women these days use the word man/men, it's either for shaming, blaming or complaining.",sexist,train
sexism2022_english-13020,noodlefoids are the biggest white supremacists. They claim anime aren't designed to look like white people but it's fucking obvious.,sexist,train
sexism2022_english-18810,Salute mother fuckers! SALUTE!,not sexist,train
sexism2022_english-15461,Well you need to explain how having a law that perpetuates the oppressive culture that women face in India creates a better system for women.,not sexist,train
sexism2022_english-2463,"look through trp, i'm sure there will be content on threesomes. you haven't fucked either have them have you? maybe fuck the girl that actually desires you instead trying to just force your way into a girl that isn't interested mate",not sexist,train
sexism2022_english-17731,Can’t tell if this is a serious question or you’re just autistic. Staring is high LOI. Go talk to her. Stop talking with your eyes and man up. Approach her. The fact that you wasted time asking us when you could’ve been inside her cheeks...,not sexist,train
sexism2022_english-2516,"KATE STEINLE’S LAST WORDS AS SHE DIED WERE “HELP ME, DAD” She died in her father’s arms [URL]",not sexist,train
sexism2022_english-13686,"And Dad's should teach their girls how to not be a whore ""Keep her off the pole""",sexist,train
sexism2022_english-16989,she will reap what she sows,not sexist,train
sexism2022_english-16232,"#SeenOnVOAT ""America's first gay female Native American police chief hired the first Somali Immigrant cop....who then shot a white woman.""",not sexist,train
sexism2022_english-1644,YUMMY... just needs a bit of grooming!,not sexist,train
sexism2022_english-9928,Would you want to be known as the dude that got raped by his girlfriend? Plus that not only ruins her it ruins her family. And her family treated me like a son from day one. I don’t want anyone else’s life getting turned upside down from this.,not sexist,train
sexism2022_english-553,I said it once and I want to say it again she is irrelevant she has always been irrelevant and she's going to wind up knowing just tell irrelevant she really is she'll probably end up being stoned to death in her country of origin,not sexist,train
sexism2022_english-944,notice to bigger rapists. she's willing and waiting for you,sexist,train
synthetic_gen_385,She's just another bitch looking for attention online.,sexist,train
sexism2022_english-10349,"She loaded up with his junk, now he's loaded up with her junk.",not sexist,train
sexism2022_english-10612,"Full Congressional censure and expulsion and charged with her crimes, prosecuted and sent to PRISON...",not sexist,train
sexism2022_english-11203,"I know mate and I keep telling myself that and keep being busy with other girls. But when you get caught in them feelings, one is fucked.",not sexist,train
sexism2022_english-12561,"right, everything is another word for nazi. boring",not sexist,train
sexism2022_english-4424,"London withstood everything the Nazis could throw at her, yet fell to the Muslim hordes with nary a shot fired... very sad...",not sexist,train
sexism2022_english-17143,*Cough cunt *cough. You cant go wrong with a classic.,sexist,train
sexism2022_english-12549,Nah man go back to playing Xbox and masturbating to the girls I'm having sex with,not sexist,train
sexism2022_english-5205,"Germany: Muslim migrant stabs German woman to death on a Düsseldorf street. ☪️☪️☪️ More ""mental illness"" in Germany. At least that is what the MSM will tell us it is. SMH. #MondayMotivation #Dusseldorf [URL]",not sexist,train
sexism2022_english-9523,This isn't even in the top 5 of the dumbest things she's ever said.,not sexist,train
sexism2022_english-15578,"Winter cruise from hell: Ship carrying 4,000 passengers is battered by 30-feet swells & hurricane force winds as it sailed directly INTO the winter 'bomb cyclone' on way to Bahamas before turning back [URL]",not sexist,train
sexism2022_english-2586,"It's the other way around. POC incels (or as I like to say, IOC) say they're at a huge disadvantage because of their race. Some go as far as to say you can't be incel if you're white, with which white incels obviously disagree.",not sexist,train
sexism2022_english-2378,"WWII, the greatest generation and their sacrifices have been devalued and denigrated in horrendous fashion by the pussified, wannabees of today.",sexist,train
sexism2022_english-17307,"Finally the progressive theory on men and women (guys with boobs, not cis) being equal has been proven to be true, LOL!",sexist,train
sexism2022_english-5136,Stupid old hag!! 😜,sexist,train
sexism2022_english-7747,I bet she eats his pussy.,sexist,train
sexism2022_english-18845,I hope somebody gets in her face about her live mic faux pax.,not sexist,train
sexism2022_english-3652,It's because it gives them validation. She probably is attracted to you but it just playing stupid games.. Look forward and forget her.,not sexist,train
sexism2022_english-4061,well you just drag her off and hope her friends arent bitches,sexist,train
sexism2022_english-18863,"My bad, should've stuck with comments about your mom. Some guys are just beyond help.",sexist,train
sexism2022_english-3436,"""Oh shit, she clearly knows more about Big 5 traits than I do! Deflect! Use the magic RP words!""",not sexist,train
sexism2022_english-7385,"It’s not your height ... I am 6’ with everything 6 figure (6’, 6”, 6 -0s).... but she want everything... women can’t be happy",sexist,train
sexism2022_english-5877,"#StopWhiteGenocide #AudieKirklandJohnson Shell broke into Audie’s house & beat her to death w/a tire iron, along w/severely injuring her stepdaughter, before fleeing w/$287.",not sexist,train
synthetic_gen_383,Why do women think they deserve respect when they can't even be honest?,sexist,train
sexism2022_english-12011,Expired? Like she didn't pay the couple hundred bucks per year to keep it up? Hum.,not sexist,train
sexism2022_english-14623,Mail order bride,not sexist,train
sexism2022_english-366,"And this ^^^ is the way bigots act. Christ I hope you didn't/don't procreate. You're no more fit to be in society or be a parent than the psychotic woman in the article. Edit: ""rasist bigots""",not sexist,train
sexism2022_english-19768,"I'm eating apple pie, and watching my cat lick her genitals.",not sexist,train
sexism2022_english-7506,"The Jews target white girls at a very young age. Those of us the nigger doesn't get, the Feminists take. White Fathers, wake up. This is #WhiteGenocide.",not sexist,train
synthetic_gen_541,Why do women think they deserve respect when they can't even be honest?,sexist,train
synthetic_gen_1146,Why do women think they deserve respect when they can't even be honest?,sexist,train
sexism2022_english-413,This woman has more balls than most people. Respect. [URL],sexist,train
sexism2022_english-4170,How the fuck did this cunt and u/N8theGr8 get so many fucking awards for saying something so fucking shitty.... Both trash human beings.,sexist,train
synthetic_gen_150,Another dumb female trying to lecture men on gaming.,sexist,train
sexism2022_english-3349,White guys dont like Indian girls.,not sexist,train
sexism2022_english-4245,"aww you could have pumped and dumped her. at least you took the 2nd best option, anything but betabucks",sexist,train
sexism2022_english-12190,"Disgusting, she is past her usefulness at that point",sexist,train
synthetic_gen_809,Women are naturally inferior and shouldn't be in management.,sexist,train
sexism2022_english-19346,$15 Million in Taxpayer Money Has Been Paid Out to Settle Congressional Sexual Harassment Suits [URL],not sexist,train
sexism2022_english-12980,"well. for me if for no other reason this is enough to make me hate scumbag Muslims. because i love Dogs, own two of them, and i think more of Dogs than i do most people. so Muslims have NO CHANCE WITH ME. and i bet i am NOT ALONE on that.",not sexist,train
synthetic_gen_1123,Another dumb female trying to lecture men on gaming.,sexist,train
sexism2022_english-17373,Because she should be strung up? By all means then!!,sexist,train
sexism2022_english-11004,Wife kills her husband after he complained about burned dinner [URL],not sexist,train
synthetic_gen_624,"I'm not being mean, it's just biology that women can't drive.",sexist,train
sexism2022_english-334,I have a wife and 3 kids... am I an incel now?,not sexist,train
sexism2022_english-603,"Happened to my buddy too, was the best man in his wedding, talked to him once since and that was like 3 years ago. His wife is a bitch and forced him to purge all the friends of his she didn't like out of his life.",sexist,train
sexism2022_english-19081,"Learn to enjoy MGTOW, not use it as a reactionary outlet to your struggles with women. It only works if it works, you can't just be upset about the dating field and say you're MGTOW and think it will work.",not sexist,train
synthetic_gen_1210,"Go back to the kitchen, that's where you belong.",sexist,train
synthetic_gen_852,Why do women think they deserve respect when they can't even be honest?,sexist,train
sexism2022_english-13346,"I'm all in for President Zuck, just as corrupt witch Hillary was my choice in the 2016 election. I have my reasons, all of them nefarious.",not sexist,train
sexism2022_english-4832,Anyone have her email address?,not sexist,train
sexism2022_english-17940,"I know this will come as a complete shock to you Pedes, but Chelsea Handler just made a complete ass out of herself on Twitter. #BTFO [URL] [URL]",not sexist,train
sexism2022_english-4254,"Chuck, neither Mohammed Ali or Trump became champions by telegraphing their punches. Hillary never even saw the ""Straight Right"" that knocked her out.",not sexist,train
sexism2022_english-18037,Obummer did a superb job of fostering hate and division in America.,not sexist,train
sexism2022_english-6632,"Globalist groupie Twatter hates white people... but they love that Sharia Law, because it offers “legal” rape of women and children.",not sexist,train
sexism2022_english-12108,Countries with women in charge will always fail.,sexist,train
sexism2022_english-4466,"Speaking as a man, females under the age of 30 *always* repulsed me.",sexist,train
sexism2022_english-11899,"A police officer called the station on his radio ""I have an interesting case here. An old lady shot her husband for stepping on the floor she just mopped"" ""Have you arrested the woman"" ""Not yet. The floor's still wet"" [URL]",not sexist,train
synthetic_gen_48,"You can't trust a woman who works in STEM, they are all the same.",sexist,train
sexism2022_english-14741,I thought she had the look. DC is a chocolate city with a gifelte fish center. Yummy!,not sexist,train
sexism2022_english-13201,Tune in this evening 7pm CST/8pm EST. You are in for a yuge treat with a team of rising stars of conservative media. These guys and gals need our support to get Trump's message out! [URL],not sexist,train
sexism2022_english-3863,Aim for their balls ladies.,not sexist,train
sexism2022_english-9136,"He'd be a cuck if he dates or marries her, pumping and dumping doesn't make him a cuck though.",sexist,train
synthetic_gen_957,Why do women think they deserve respect when they can't even be honest?,sexist,train
sexism2022_english-5795,These women are trying to make you live a life in accordance with their own agenda. Fuck that. This is YOUR life.,sexist,train
sexism2022_english-8522,What is worse is there is not one image of a white girl next to a white boy in all (((COMMON CORE))) material. It would be cheaper than putting white girls next to nigglet boys in images.,not sexist,train
sexism2022_english-16012,[URL] Dem FEMBOTS do you really want to protect these guys? ISIS records reveal number of girls raped by each jihadist,sexist,train
sexism2022_english-3427,"From my experience, this isn't the case. Hubris and bullying are rewarded without any sort of karmic justice to be had. Even pedophiles and rapists are doing much better than me in the dating arena.",not sexist,train
sexism2022_english-1657,"Right, but as Lott demonstrated in his landmark research, female suffrage IMMEDIATELY precipitated a leftward lurch in American politics that continues to this day. If only White men voted, there would have been no Great Society or Gibs Me Dat State.",sexist,train
synthetic_gen_412,Men are better at logic because women are too emotional.,sexist,train
synthetic_gen_507,"You can't trust a woman who wants a promotion, they are all the same.",sexist,train
sexism2022_english-6163,"She made an endorsement? Where did she find a transgender POC who identifies as a female, communist and a practicing Moslem at the same time?",not sexist,train
sexism2022_english-15629,"Go on, go your own way then, thnx, bye!",not sexist,train
sexism2022_english-11199,Worthless commie cunt. She and her negligent shithead pappy Billy Ray ought to be minced.,sexist,train
sexism2022_english-2439,"Most men are just *desperate* for any female contact, not everyone is as strong as some incels. I have to pay an escort at least once every couple of months or I'd go insane.",not sexist,train
sexism2022_english-4320,Talk to her in a calm assertive manner and let your intentions be clear to her,not sexist,train
sexism2022_english-5714,crime is a black entitlement #DMTBKA [URL],not sexist,train
sexism2022_english-18255,"Just so you know that my assertion notated above is spot on check out this article on this ""Olympian"" who feels so ashamed of the sexual assault that she received that she is not posing in her underwear. Her hypocrisy knows no bounds. [URL]",sexist,train
sexism2022_english-18267,"Don't pick up chicks at bars. Try supermarkets, through friend contacts, and co-workers might know somebody single.",not sexist,train
sexism2022_english-2983,They just need to be bitch slapped by a real woman.,sexist,train
sexism2022_english-11858,"If she'd done it just two weeks prior, he'd be in prison and a registered sex offender. Let that shit sink in. Ruining his life in just minutes.",not sexist,train
sexism2022_english-11642,"I'm pretty sure women are capable of feelings, not that a guy who goes around comparing them to sex dolls and dogs would know.",not sexist,train
synthetic_gen_986,She's just another femnazi looking for attention online.,sexist,train
sexism2022_english-13279,This is definitely true. However it will help your game because if you are virgin you should lose your virginity ASAP so you would know that having sex is not a big deal. If you're still virgin you'd be desperate and girls could smell that.,sexist,train
sexism2022_english-8390,"anyone got a link to a good video of how the ADL was founded to frame a black man for the murder of a white woman that a Jew, Frank, committed?",not sexist,train
sexism2022_english-13687,Damn I didn’t know I was a loser. Shouldn’t have denied all those free blow jobs and advances/invites. Im pretty sure I’ll find a woman that sees these as hot..after I approve 😝,not sexist,train
synthetic_gen_608,Why do women think they deserve respect when they can't even be honest?,sexist,train
sexism2022_english-7100,I guess these witches can't find any white men to sleep with. #MudSharking #Kardashians,sexist,train
sexism2022_english-8570,"I love the former first lady. She is a brilliant person, woman, beautiful, and not a ghetto bitch. Learn the difference. In fact, I like her more than I like BO. Beautiful family though on all aspects.",sexist,train
sexism2022_english-8734,oh never seen that before what ever will I do? oh I know compare you to a muslim and ask you again if Muhammad was a pedophile for fucking his 9 year old wife.,not sexist,train
synthetic_gen_476,"Go back to the bottom of the ladder, that's where you belong.",sexist,train
sexism2022_english-2098,If you view women as a reproductive mechanism for the human species everything makes sense. Steal resources & pump out babies.,sexist,train
synthetic_gen_406,Another dumb female trying to lecture men on equal rights.,sexist,train
sexism2022_english-5398,I feel like male libido is the greatest motivator in life (that's why men are more is succesful than women in pretty much any field). So if you have a healthy sexual drive it's only natural to obsess over sex as a virgin male.,sexist,train
synthetic_gen_826,Why do women think they deserve respect when they can't even be honest?,sexist,train
sexism2022_english-14298,"I like the reporter of this story, has a great sense of humor! He called her just about everything but a Jew junky!",not sexist,train
sexism2022_english-16030,Here's Wolfie befre she got her Yonigga Sunlamp [URL],not sexist,train
sexism2022_english-12263,"Why the LGBT, dyke, faggot, queer, he-she, tranny, NAMBLA, weirdo freak lobby is so dangerous. [URL]",sexist,train
sexism2022_english-17207,Feminism has thrown justice under a ~~bus~~ train,not sexist,train
sexism2022_english-6824,Hey PETA: shut the fuck up about colleges having live mascots,not sexist,train
sexism2022_english-6243,"Based on this sign, I think she needs a bomb.",not sexist,train
synthetic_gen_530,"Typical female, always complaining about equal rights.",sexist,train
sexism2022_english-19729,"If a woman demands to be treated ""like a woman"" tell her that she needs to get on her knees and ""treat me like a man."" Stereotypes cut both ways, and if a woman expects traditional gender norms well then she better live up to her end of the bargain.",sexist,train
sexism2022_english-12106,Fuck John Legend. People can COOK.,not sexist,train
sexism2022_english-15970,"If you were female, I'd invite you to try... ;-p",not sexist,train
sexism2022_english-2429,"In Nogales Grijalva is always voted in, most Mexicans here are democrat (stupid) they dont realize Dems are communisty.I NEVER voted for him There was a woman gabby Mercer ran twice as a Republican",not sexist,train
sexism2022_english-4519,"Kiss her if she's been giving IOIs. Otherwise, 'have the time of our lives' take her by the hand and bounce to different part of venue or my favorite - to dance floor. Its a great line to DHV alpha boss status too",not sexist,train
sexism2022_english-9133,"Well she looks kinda cute, they seem happy tho.",not sexist,train
sexism2022_english-14074,"I wish I could post a big ""Fuck you, dipshits"" on Facebook without my grandma taking it personal. -.-",not sexist,train
sexism2022_english-156,Mother beats teen daughter's 17-year-old rival during school fight [URL],not sexist,train
synthetic_gen_818,Men are better at logic because women are too emotional.,sexist,train
sexism2022_english-7462,eh just show her there’s good in men. and to not believe in everything she sees/read .,not sexist,train
sexism2022_english-11061,"A man who ""whores himself around"" You're comparing apples and oranges. Male equivalent of a slut (sex with any man) is a a dude who gives commitment to any girl immediately after meeting her.",sexist,train
sexism2022_english-6392,Notice Kobe Bryant ... racism. Notice Jameis Winston ... racism. Notice the entire Baylor football team ... racism. Notice kneeling negroes ... righteous indignation.,not sexist,train
synthetic_gen_1195,She's just another gold-digger looking for attention online.,sexist,train
sexism2022_english-7702,He should've dumped her ass 6 years ago. What a fool.,not sexist,train
sexism2022_english-15429,Someone please take this broad and stick her in Iraq,sexist,train
sexism2022_english-2539,"Taking no responsibility for your own failings and blaming everything on the other side is something that many red pilled men and blue pulled women share. Your both fucking idiots for it, and it's no surprise your relationships end in failure.",not sexist,train
synthetic_gen_1237,Women are naturally inferior and shouldn't be in tech.,sexist,train
sexism2022_english-12657,wish i had a girlfriend named alexa so i can force her to do stuff,sexist,train
sexism2022_english-12563,Black ops 1's first dlc was ascension,not sexist,train
synthetic_gen_448,Another dumb female trying to lecture men on sports.,sexist,train
synthetic_gen_438,"Go back to the bottom of the ladder, that's where you belong.",sexist,train
sexism2022_english-1820,"If you’re GF is dancing with others guys in front of you, then you should bottle her too. She’s was giving off obvious signs of affection. He can kiss when girls do that.",sexist,train
sexism2022_english-14635,"girls think you want to have a relationship with them when they just wanna get to know you...and fuck you may be. But that IS a relationship! It may not be serious, exclusive, or whatever other labels you want to throw on it, but its a relationship.",not sexist,train
sexism2022_english-18782,No poppy? You deserve an acid attack.,sexist,train
sexism2022_english-5509,Who would sexually assault this woman? Is it a necrophiliac?,sexist,train
sexism2022_english-14158,Typical tin hat cunt. Gonna tell me I fuck my mother next you 11 toed inbred fucking hillbilly?,sexist,train
sexism2022_english-16428,The kid is better off without his mom being around.,not sexist,train
synthetic_gen_745,"Typical female, always complaining about sports.",sexist,train
synthetic_gen_714,Another dumb female trying to lecture men on equal rights.,sexist,train
sexism2022_english-19142,"She was 3 years older and would literally be the only adult in the room. If anyone believed her, she'd be locked up.",not sexist,train
sexism2022_english-1280,Great news. I voted for her too! I hope she whips Flake's ass!,not sexist,train
synthetic_gen_193,"Go back to the kitchen, that's where you belong.",sexist,train
sexism2022_english-7102,[USER] that is because a full size podium would make her seem smaller when its just her on camera. I guess they forgot what happens when both are on camera,not sexist,train
synthetic_gen_1025,Women are naturally weak and shouldn't be in power.,sexist,train
sexism2022_english-6411,She just could name her chad or some fake dude as the winner.,not sexist,train
sexism2022_english-14161,"Reason 5: They're attention whores looking for validation, favors and free stuff",sexist,train
sexism2022_english-9787,Right now she is probably thinking that she was a fool for liking you more than you like her. Don't let her go on thinking this. Ask her out. But don't mention the other thing... just let that awkward situation die.,not sexist,train
sexism2022_english-18663,"That's why I stopped using Twit months ago. Then there's Farcebook, I got banned for a week for politely informing a black woman that no, she won't get hired just because she's black. Hate speech equals disagreeing with any brown person on any topic.",not sexist,train
synthetic_gen_432,"You can't trust a woman who wants a promotion, they are all the same.",sexist,train
sexism2022_english-6773,"No, she just deleted the post. If you delete a post, you can still get to it from a direct link, but it shows the author as [deleted].",not sexist,train
sexism2022_english-4078,"They always take the man , not the ball ....",not sexist,train
sexism2022_english-13062,"I agree, but the accumulated effect from the simps paying her causes a social/economic inbalance which will hit the real man sooner or later.",not sexist,train
sexism2022_english-16231,Us old fuckers will shoot you wetback cunts by the thousands. No mercy. You and your families.,sexist,train
synthetic_gen_232,Men are better at logic because women are too emotional.,sexist,train
sexism2022_english-10130,"It's the woman's ""blackpill"" - most young adult men only want sex from you, so some accept it. Also, some women have a really high sex drive of their own.",sexist,train
sexism2022_english-8236,"Depends on what you want to do.. Guy already knows her, likes her, might as well shoot your shot. But more than likely OP will do what most guys do, keep doing what he's doing, 6 months, 12 months later, he'll still be orbiting in the friend zone.",not sexist,train
sexism2022_english-2661,I say go. Don't have expectations as you said. If it becomes clear she wants you to fuck her then it's up to you. Try to figure out if she really has an exclusive boyfriend beforehand though or you may get your ass kicked later,not sexist,train
synthetic_gen_347,She's just another gold-digger looking for attention online.,sexist,train
sexism2022_english-1556,do you work or do the housewife thing?,not sexist,train
sexism2022_english-19143,"The radical, supposedly misogynistic, notion that women are adults and should take responsibility for their choices",not sexist,train
sexism2022_english-15369,"I'm not saying he should have killed her, but I understand.",sexist,train
synthetic_gen_336,Women are naturally weak and shouldn't be in power.,sexist,train
sexism2022_english-16815,"I think she thinks she's actually from the ""Hunger Games"" she's a fucking kook..",not sexist,train
sexism2022_english-1597,Miley Cyrus reveals she's pregnant... with a pizza baby. [URL] #pizzagate,not sexist,train
synthetic_gen_85,"You can't trust a woman who rejects a nice guy, they are all the same.",sexist,train
synthetic_gen_669,Men are better at logic because women are too emotional.,sexist,train
synthetic_gen_102,Why do women think they deserve respect when they can't even be honest?,sexist,train
synthetic_gen_16,Men are better at logic because women are too emotional.,sexist,train
sexism2022_english-9307,Orbiters don’t call women mommy they say “Of course I’ll drive you to Chads house m’lady”,not sexist,train
sexism2022_english-19631,"Lmao you guys need to chill, if a normie picks up a girl on an incel sub, there might be a mass suicide (fellow lurker btw, back to the shadows I go)",not sexist,train
sexism2022_english-11329,"Good remark in the case she is looking for a provider. If the guy has this badass-gangsta-hobo vibe and is good looking, she'll hook with him even if he lives in a hut.",sexist,train
sexism2022_english-205,"Boobs, butt, stems, how she moves about.",not sexist,train
sexism2022_english-10109,"[USER] I followed you because [USER] is my #GabFam, which makes you my #GabFam. She up votes my lame posts which makes her alright in my book. I hope I can count on you to have equally bad taste. 😜",not sexist,train
sexism2022_english-2015,What a horrible horrible person! Seriously. I know people (my husband and a friend) who are disfigured. They're fine. They're happily married. Fuck her.,not sexist,train
sexism2022_english-13480,I don't think she should be viewed as sexually attractive. She's too young. But I am familiar with the facts of the case and the encounter was not a rape.,not sexist,train
sexism2022_english-19940,"Better yet, completely ignore women whenever possible. And certainly always be cagey. [Treat them like you would treat a police officer]([URL] The one mistake the OP's boss made was divulging personal details to a woman.",sexist,train
synthetic_gen_953,Why do women think they deserve respect when they can't even be honest?,sexist,train
sexism2022_english-10908,Strange how she is several shades lighter in the painting. The arms look like ape arms. [URL],sexist,train
synthetic_gen_1124,"I'm not being mean, it's just biology that women can't drive.",sexist,train
sexism2022_english-1860,you don't praise women who act like cunts > >:( >must be an incel,sexist,train
sexism2022_english-10866,"What percentage of the gifts made to her was the amount from the top donors? Also, we know that American Jews are 75% Leftist. No surprise there, but also not anomalous in their zip codes.",not sexist,train
sexism2022_english-11785,"He definitely is, he doesn’t worship the deaths of a woman and claims that female depression is a myth.",not sexist,train
sexism2022_english-409,“Men/white people” Is she not a white person? Idiot gyal.,not sexist,train
sexism2022_english-18291,"Just as my initial comment went over your dense ass head, joyful idiot. You kind of people are the joke that ALWAYS writes itself. Well, after you steal it. Good day, snowflake.",not sexist,train
sexism2022_english-16144,the only thing I can think of that she/it can be compared to is a backed up septic tank,sexist,train
sexism2022_english-3294,"[USER] --somebody said in a post anasef is on gab, i haven't seen any post from her on gab ?",not sexist,train
synthetic_gen_136,Men are better at logic because women are too emotional.,sexist,train
synthetic_gen_639,"Typical female, always complaining about gaming.",sexist,train
sexism2022_english-5915,Brad gets mad at Cracker Barrel for firing his wife and the Internet revolts [URL],not sexist,train
sexism2022_english-8733,"Yes, but your mom doesn't like me for my intelligence. She likes me because I diddle figure-8's on her clit while fucking her in the ass. Now get your ass back into bed before I take off my belt and beat you with it.",sexist,train
sexism2022_english-486,but but but women are the ones who can't empathize with men :(,sexist,train
sexism2022_english-2297,They’ll be quiet until they have more of them there. Then they’ll start demanding shit and your government will cave just like everyone else. The Democrats need votes and they know these idiots will vote for them.,not sexist,train
synthetic_gen_166,The only reason she got that job is because of diversity quotas.,sexist,train
synthetic_gen_671,Women are naturally irrational and shouldn't be in leadership.,sexist,train
sexism2022_english-7078,"I think rape is to men what motherhood is to women. Most women have an innate desire for motherhood. And men, well...",sexist,train
sexism2022_english-1555,"Lol, riiiiight lady",not sexist,train
sexism2022_english-16324,Most importantly not paying helps filter out low quality women looking for a provider.,sexist,train
synthetic_gen_1031,Why do women think they deserve respect when they can't even be honest?,sexist,train
synthetic_gen_161,The only reason she got that job is because of her looks.,sexist,train
sexism2022_english-6552,Um to improve....do this more often. That was fucking classic man. I wouldn't bring up a sex talk. Just keep it subtle and keep hanging out with her. Just say you are doing X and tell her she needs to be there.,not sexist,train
sexism2022_english-1417,"ahhh the not funny, washed up comedian slut named Sarah silverman. i thought she died chocking on a dick.",sexist,train
sexism2022_english-15548,Will be mentioning this to her next time we meet! Thanks twitter one can always find something good out of a bad situation eh👌,not sexist,train
sexism2022_english-19474,"Disgusting hags, even more disgusting are the simps who wife up these whores.",sexist,train
synthetic_gen_459,"You can't trust a woman who works in STEM, they are all the same.",sexist,train
sexism2022_english-17420,I honestly think dracodummy is a 12 year old girl . . wishing for a sugar daddy on Mars . . you go girl,sexist,train
synthetic_gen_4,Another dumb female trying to lecture men on their careers.,sexist,train
sexism2022_english-5900,Not a good look for Asian women. And so much for the 'traditional conservative' stereotype.,sexist,train
sexism2022_english-12043,Report her for watching you pee.,not sexist,train
sexism2022_english-11549,Not even getting into genders Does he realize that even amongst animals.. especially female and young there is love..,not sexist,train
sexism2022_english-10395,He didn't kill her. He slapped her. I like how they capitalize AVOIDS and make it look like he killed her out of jealousy. She was a whore and was busted for it. Reputation damaged. Took the low road out.,sexist,train
sexism2022_english-1108,ugly chicks A pussy is a pussy.,sexist,train
sexism2022_english-5766,"The witless bitch tweeted a one-sentence apology. She didn't even have the grace to address it to the person she maligned, Barron Trump. [USER]",sexist,train
synthetic_gen_862,"Go back to the laundry room, that's where you belong.",sexist,train
sexism2022_english-16240,‘The last defender of shekel-clutching’? How apt! Projecting much?,not sexist,train
sexism2022_english-6949,Aren't these goblins always whining how women are cunts Fuckin' goblins man. I CAST .. MAGIC MISSLE #SummonerGeeks #So2006 #Throwback #HastagsAreStillCool,not sexist,train
synthetic_gen_341,Another dumb female trying to lecture men on equal rights.,sexist,train
sexism2022_english-9419,The good news is that the voices against Islam are on the rise.,not sexist,train
synthetic_gen_1098,The only reason she got that job is because of nepotism.,sexist,train
sexism2022_english-12314,"No, they're women...",not sexist,train
synthetic_gen_1227,"You can't trust a woman who works in STEM, they are all the same.",sexist,train
sexism2022_english-264,fuck those black and mexi women . wear them at your leisure,sexist,train
synthetic_gen_548,"You can't trust a woman who works in STEM, they are all the same.",sexist,train
sexism2022_english-5866,I am gonna go inside your mom,not sexist,train
synthetic_gen_791,Women are naturally inferior and shouldn't be in leadership.,sexist,train
sexism2022_english-1867,Milo says we shouldn't focus on LGBT but he shoves sexuality in the face of all who appear in front of him. Look how conservative and liberal LGBT behave. It's disgraceful. [URL],not sexist,train
sexism2022_english-13098,"if u knew. sheeit, here in baltimore they have graduation ceremony for middle school. bc 70%+ black male drop out rate. not much better for she chimps. #geneticsmatter",sexist,train
sexism2022_english-14413,"Why would anyone hate her? Let's face it, what she did is what a lot of people wanted to see happen.",not sexist,train
sexism2022_english-2218,“Being picky is a sign that you have standards.” [USER] is an intelligent woman. [URL],not sexist,train
sexism2022_english-369,The best way for a woman to work her way up the corporate ladder is to sue her boss for harassment.,sexist,train
synthetic_gen_237,Women are naturally unstable and shouldn't be in power.,sexist,train
sexism2022_english-3344,"[USER] I've tried twice. She wont let me, even though it's her fault. ""Conservative female stuck in liberal la la land. Someone save me"" I'm new to politics, I'm convinced we picked the right side. I'm doing all I can stuck in Commiefornia!",not sexist,train
synthetic_gen_253,Why do women think they deserve respect when they can't even be honest?,sexist,train
sexism2022_english-11528,In the original post someone said they sent the uncensored version to him so the bitch is getting a divorce and 100% losing her kids now,sexist,train
sexism2022_english-18204,Most women who do this were sexually abused and don't want to be attractive.,not sexist,train
sexism2022_english-15460,What's your bang rate?,not sexist,train
sexism2022_english-10392,"Don't beat yourself up, it happens, and it's not your fault. I know you *know* that, and I also understand that it sucks anyway, but just try to relax. It'll go better next time.",not sexist,train
sexism2022_english-3356,"OK. You're going to be just fine. If you can work up the nerve to approach a bit, the girls over there are going to go gaga over you. Have a blast!",not sexist,train
sexism2022_english-16787,I just came across this as a ''normie'' I really thought the group was a joke or a huge troll job. I really hope those guys in that group get some help they need it.,not sexist,train
sexism2022_english-9710,"Oh, hell no, even I wouldn't do that to those poor jihadi's, just ship her to Supermax...",not sexist,train
sexism2022_english-1106,Personality will come before looks 8/10 times for girls,not sexist,train
sexism2022_english-5071,Why are you incel?,not sexist,train
sexism2022_english-11285,Feminists get a grip. Women have periods. We live with it. It’s not the end of the world but if you can’t cope don’t expect the workplace to care. If other people have to take up your slack it’s not fair on them. I am female I dealt with it.,sexist,train
sexism2022_english-15614,"Meanwhile, Jane Austen and the Bronte sisters had much less that Atwood, yet their heroines are stronger AND more interesting to read 3 centuries later. Why is that?... [URL]",not sexist,train
sexism2022_english-4105,"There is nothing funny about hurting people, men or women alike- no one deserves to have their life ruined",not sexist,train
sexism2022_english-7075,"Suicide Rates among men are way too high, and you cant expect women to care, we cant help them after they're gone, help them find us.",sexist,train
sexism2022_english-1343,"#CompanionBible GENESIS 45:23 And unto his father likewise he sent ten he asses laden with the best things of Egypt, and ten she asses laden with wheat, and bread and meat for his father by the way.",not sexist,train
synthetic_gen_405,Another dumb female trying to lecture men on equal rights.,sexist,train
synthetic_gen_702,Men are better at logic because women are too emotional.,sexist,train
synthetic_gen_90,Women are naturally unstable and shouldn't be in power.,sexist,train
sexism2022_english-18330,Paying for pussy when most men get for free is idiotic. #trickinaintfornoman,sexist,train
sexism2022_english-15182,"HAHAHAHA she brought in 2 whole curried goats an 20 jerk chickens, they lasted half an hour and for 10 mins she was sucking Corbyn's shriveled member",not sexist,train
sexism2022_english-12535,"Not quite as much since she became a mother, I think she spends more time w/the little one till he/she gets older. I think it's been a yr or two already since she had it tho.",not sexist,train
sexism2022_english-15119,Boardie can remove this lol,not sexist,train
synthetic_gen_1017,Women are naturally irrational and shouldn't be in management.,sexist,train
sexism2022_english-14680,virtue signal perhaps. Someone leaked where she would be to the activist. I have a friend ex-CIA who said it smells of a set-up.,not sexist,train
sexism2022_english-12847,"The old plea 'bargain' trick. You abuse the person to break him/her, then you 'solve' the 'crime' [URL]",not sexist,train
sexism2022_english-18569,American University orders students to agree women can revoke consent after sex [URL] #LeftistTotalitarianism rising.,not sexist,train
sexism2022_english-12730,"[USER] Oh, my stupid 19 year old son (who is a liberal) thinks Bruce Jenner is a woman.",sexist,train
sexism2022_english-2588,Your protein intake is going to play a much bigger role then how many calories you eat. As long as you are getting in a gram of protein per pound of bodyweight then you can put on a lot of muscle with a 1000 calorie diet.,not sexist,train
sexism2022_english-3921,"So true, and besides she's a strong independent woman, she can look after herself.",not sexist,train
sexism2022_english-6542,It's a woman. It's a mutt. It's a Muslim. Three bad combinations. Eeeek.,sexist,train
sexism2022_english-4617,"*******real bad move, the treasonous murder queen should be the first security clearance stripped******** [URL]",not sexist,train
sexism2022_english-2513,Or if they're a sodomite and/or ✡️. They can go to hell.,not sexist,train
synthetic_gen_1033,Men are better at logic because women are too emotional.,sexist,train
synthetic_gen_53,"You can't trust a woman who works in STEM, they are all the same.",sexist,train
sexism2022_english-19922,"I just got to say, have you ever seen LYNCH from head to toe as she walks? That fat slob waddles like a duck",not sexist,train
synthetic_gen_687,She's just another gold-digger looking for attention online.,sexist,train
sexism2022_english-3724,"Why does she want to be Jewish? According to the NT, one IS a Jew if they believe in Jesus",not sexist,train
sexism2022_english-2592,"I'd watch the AMOGing. You're setting yourself up for some serious karma. Honestly, there's no reason for you to even do that. If you can't get the girl without being a shithead to other dudes, you're doing it wrong.",not sexist,train
sexism2022_english-12317,It should be but if you have a party boy girls prefer them,sexist,train
synthetic_gen_810,"I'm not being mean, it's just biology that women can't drive.",sexist,train
sexism2022_english-18841,er... were you beat a lot as a child?,not sexist,train
sexism2022_english-144,1 vibrancy point will be equal to 10 IQ points. Disabled black tranny: 82IQ +30 vibrancy points = 112 final score CisHet white female without AIDS: 100IQ -10 + 10 -10 = 90 final score,sexist,train
sexism2022_english-10591,I have a right to hate these types of couples. This is why if I get an arranged marriage I will have to abort my daughters.,sexist,train
sexism2022_english-13752,U sure ? Id personally never trust a girl from pluto,not sexist,train
sexism2022_english-19822,"You missed one- 5- She is horny and you are ""good enough"". You know how most guys will fuck almost anything if it's easy and they're horny? Plenty of women the same way.",not sexist,train
sexism2022_english-19863,"Supporting toxic men and glorifying toxic male behaviors, obviously. Most of these women are young or poor, unfortunately, and think they can only have agency, and even violence/revenge, through a man. It’s a sign of disempowerment, if anything",sexist,train
sexism2022_english-1816,Their herd mentality is yet another reason why women are not good for leadership. No own logic at all.,sexist,train
sexism2022_english-16227,"If you've ever wondered what it'd be like to be married... Find a woman who doesn't want to have sex with you, and buy her a house.",sexist,train
sexism2022_english-6349,"In case you missed it earlier today. Have fun fapping tonight! I got more fap fuel, created by yours truly, on my main art gallery. There's ladies on there like Overwatch's Mei, Mrs. Game & Watch, and Earth-Chan! [URL]",not sexist,train
sexism2022_english-5875,tranny teaching [USER] [USER] [USER] [USER] [USER],sexist,train
synthetic_gen_210,Women are naturally weak and shouldn't be in tech.,sexist,train
sexism2022_english-1252,wtf. they both went to a male & female subhuman contest or how did they find each other. goddamn,not sexist,train
sexism2022_english-15128,"Feminists are all about choice, until women actually exercise that choice and choose not to drink the koolaid. Then watch them lose their shit. New feminism light, all the choice but none of the accountability!!",sexist,train
sexism2022_english-4065,feminists are trying hard to annihilate the male sex - - ooohhh males should do whatever it takes to protect themselves - classic example of a female not accepting responsibility [URL],sexist,train
sexism2022_english-11891,Cant say I blame her. Sand in the vagina is a big problem with #fucking on the beach. Always take a big towel lol.,not sexist,train
synthetic_gen_403,The only reason she got that job is because of diversity quotas.,sexist,train
sexism2022_english-3621,"Ask can drivers which places are best to hookup with women. Ask old guys who have been driving cabs for a while, it might take to ask 3-5 guys (3-5 cab rides) a well worth investment.",not sexist,train
sexism2022_english-11675,[URL] Crime wave in Germany - Cracks start showing in the female narrative,sexist,train
sexism2022_english-13332,Crazy Democrats claim that 'women are dying' because they are losing elections. [URL],not sexist,train
synthetic_gen_429,The only reason she got that job is because of her looks.,sexist,train
synthetic_gen_870,She's just another femnazi looking for attention online.,sexist,train
sexism2022_english-17215,THIS!!! She’s FP (fatty potential) — what an IDIOT! In her physical prime she’s not even winning her lifelong battle with obesity,not sexist,train
synthetic_gen_68,Why do women think they deserve respect when they can't even be honest?,sexist,train
sexism2022_english-5532,When your very close friend is the Pres there’s extra perks & boy did she take advantage,not sexist,train
synthetic_gen_300,Why do women think they deserve respect when they can't even be honest?,sexist,train
sexism2022_english-245,"Yes. The Glorious Waifu Age is approaching. With advances in artificial intelligence, sex robots, and artificial wombs, women will become obsolete!",sexist,train
sexism2022_english-14182,"You're a retard, he was not picking sides and saying who's right and wrong, just that the girl didn't think she was above his reaction/ had a pussy pass.",sexist,train
sexism2022_english-12887,Minnesota’s Fifth District voters are about to elect state representative islamist Ilhan Omar to succeed islamist Keith Ellison in Congress. Rep. Omar appears to have married her brother in 2009 for some dishonest purpose,not sexist,train
sexism2022_english-2275,"tldr: OP wants a quality relationship, not a pump n dump, respect his opinions as his own cuz he ain't you. Also you insinuate it's a mans right to have sex whether girls want it or not. Fun fact that's called 🌈⭐ *rApE* ⭐🌈",not sexist,train
sexism2022_english-13660,Both parents are college professors. Is it any wonder she felt it is ok to date a black man? I have no sympathy for these girls. We all know that most of these relationships end in trauma.,not sexist,train
synthetic_gen_298,"I'm not being mean, it's just biology that women can't drive.",sexist,train
sexism2022_english-8862,i posted 2 of the indian girls who asked me out and dated me. You would have seen for yourself how ugly they are.,not sexist,train
sexism2022_english-3442,"Wow. I of course knew about the ballpoint pen - but not that NONE of it was in her hand, and that Lyink Otto had to pay another kike 30 gs.....",not sexist,train
sexism2022_english-8142,Wikileaks is gonna dump on her this week. Assange said it will get her indicted. Or is enough to. I am thinking Trump has the knowledge already.,not sexist,train
sexism2022_english-16829,"Wait, are you standing at her door or something?",not sexist,train
synthetic_gen_1065,"Go back to the kitchen, that's where you belong.",sexist,train
sexism2022_english-6297,"No,no, no! An evil cyborg, made from the female clone of Hitler had set up a Jew Killing Death Ray in Syria.",not sexist,train
sexism2022_english-18156,Sounds like you’re a douche and possible liar now. “I don’t spend money on women” get over yourself😂,not sexist,train
synthetic_gen_971,Why do women think they deserve respect when they can't even be honest?,sexist,train
synthetic_gen_934,"You can't trust a woman who rejects a nice guy, they are all the same.",sexist,train
sexism2022_english-10685,Norman's campaign slogan: I don't beat my wife... Democrat Archie Parnell wins in South Carolina despite spousal abuse accusations in divorce records [URL],not sexist,train
synthetic_gen_1018,"You can't trust a woman who rejects a nice guy, they are all the same.",sexist,train
sexism2022_english-4634,"Suck my uncircumcised cock you collectivist shitfuck. Birth to a race is blind chance. It's something you inherit, not earn, and women haven't earned shit. Go back to /pol/.",sexist,train
synthetic_gen_996,Another dumb female trying to lecture men on sports.,sexist,train
sexism2022_english-9886,What about those who are not of the Aryan race and those who do not share your Aryan blood?,not sexist,train
sexism2022_english-7053,"Why is she asking how to start a convo? Cause she moved to chad again lol. We def live in different worlds man, in theirs SHE even seeks advise to initiate, jfl.",not sexist,train
sexism2022_english-12844,"I saw someone at this Jazz and Thunder game and thought it was Caitlyn Jenner. Later M saw the woman and started laughing and said that I'm such a dick. Whatever, it looked like Caitlyn to me.",not sexist,train
synthetic_gen_1091,Another dumb female trying to lecture men on their careers.,sexist,train
sexism2022_english-19952,"God i love this woman,the smell of truth is fucking amazing, as for politicians we should, in all honesty start stringing up a few to let them know they will follow our, the Electorates will or this will be their reward",not sexist,train
synthetic_gen_851,Why do women think they deserve respect when they can't even be honest?,sexist,train
sexism2022_english-2633,And I have said that I don't disagree that men use that language as in the same words etc. I said that I disagree that men share those sentiments about women among each other.,not sexist,train
sexism2022_english-7342,I'm going to [incel.co]([URL] Fuck this gay sub,not sexist,train
sexism2022_english-18410,"Hell, I hate her because of this TikTok alone.",not sexist,train
sexism2022_english-13799,Unbelievable!!!!! University of Washington: Prof put on probation for mentioning her Christian faith in front of Muslim student [URL],not sexist,train
sexism2022_english-19690,World-renowned lesbian NYU professor suspended after probe finds she sexually harassed gay male student [URL],not sexist,train
sexism2022_english-5986,Do these twitter thots think simply repeating a sentence makes it a fact/convincing?,sexist,train
sexism2022_english-11882,"I meant, it was putting it mildly, to say the least. Like when extremely obese women say, ""Im no size 2."" Yeah, no shit. You aren't even a 22.",not sexist,train
sexism2022_english-19202,Bro with the fro checking out da white woman.,not sexist,train
synthetic_gen_444,Another dumb female trying to lecture men on their careers.,sexist,train
sexism2022_english-1241,Because they're tired or because there are simps in the military?,not sexist,train
sexism2022_english-771,"[USER] I thought I was damned close to that a couple of days ago, but it was not a female....",not sexist,train
synthetic_gen_355,Men are better at logic because women are too emotional.,sexist,train
sexism2022_english-14154,Thats why she has giant gold necklaces and looks like shes starving to death.,not sexist,train
synthetic_gen_194,Women are naturally manipulative and shouldn't be in politics.,sexist,train
sexism2022_english-540,Your SMV must be significantly higher than her (even just in her mind) + traditional upbringing.,not sexist,train
sexism2022_english-16330,What I am desperately hoping to see very soon is the Cherokee Nation suing Elizabeth Warren for falsely claiming to be a member of the tribe.,not sexist,train
sexism2022_english-14783,Those who argue that this country needed that man simultaneously argue that the woman was not needed.,not sexist,train
sexism2022_english-16700,"Meryl, Boycott her new movie, another pos from #Hellywood skanko",sexist,train
sexism2022_english-14026,just because you’re such a failure that you cant get pussy on easy mode doesnt mean its true. It means you’re a failure.,sexist,train
sexism2022_english-6448,She was my crush until the retarded feminist shit rotted her brain (she graduated college with a 4.0).,sexist,train
sexism2022_english-6768,Having his dumbass children.,not sexist,train
synthetic_gen_759,Women are naturally irrational and shouldn't be in management.,sexist,train
sexism2022_english-2211,Is it at all surprising this idiot is siding with leftist terrorists?,not sexist,train
sexism2022_english-13989,Here is the response from Rayion why he had to beat these women with a steel rod [URL],not sexist,train
sexism2022_english-10471,I hope the SJW’s are happy that poor little black girl that was on Roseanne for some reason is now back on the streets.,not sexist,train
sexism2022_english-9705,"He said the N word & called Sarah Palin a cunt on air. If they didn't fire him for that, they never will.",not sexist,train
sexism2022_english-10445,That's why you'll never be a chad,not sexist,train
sexism2022_english-8738,Breaking news...,not sexist,train
synthetic_gen_62,"I'm not being mean, it's just biology that women can't drive.",sexist,train
sexism2022_english-5094,"It's a win, it's like she's hanging a giant red flag on her face (or his for that matter). Thanks for making it obvious so I can avoid you from the start.",not sexist,train
sexism2022_english-18075,#Novichok - Ask yourself this question: why would Yulia Skrial return to Russia if the Russians had tried to kill her? Answer: MI6 tried to kill her. [URL],not sexist,train
synthetic_gen_1182,Another dumb female trying to lecture men on equal rights.,sexist,train
sexism2022_english-39,Child-bearing White women are around 2% of the world population. Bring back the patriarchy.﻿ #AltRight,sexist,train
sexism2022_english-1115,"Nah mate. My girl doesn’t touch my money, that’s mine.",not sexist,train
synthetic_gen_1125,The only reason she got that job is because of nepotism.,sexist,train
synthetic_gen_434,"Go back to the bottom of the ladder, that's where you belong.",sexist,train
sexism2022_english-10168,"with how ugly i am, and how many women dont call me back, i must be a serial rapist. =[",sexist,train
sexism2022_english-6891,"Thanks brother and thanks for your service. Some like en some bash on them for being too ""flashy"". I guess it boils down to personal choice. They shoot the same as any plain Jane ar.",not sexist,train
sexism2022_english-534,The #feminists grand plan - To make both men and women feel completely miserable. #gender #feminazis #MRAs #redpill #misandry #FeminismIsCancer,sexist,train
sexism2022_english-16621,"So, Ivanka Trump is committing Genocide upon the Jews because she hates them? .... Sometimes diversity is okay - if done for the right reasons",not sexist,train
sexism2022_english-11161,The fact that there is a special prosecutor investigating social media post instead of mass shootings is fucking infuriating and sinister.,not sexist,train
synthetic_gen_1174,She's just another femnazi looking for attention online.,sexist,train
sexism2022_english-12522,"Before! Since then she has laid low (well, okay, lowish), but has plans to introduce a new and more virulent strain of typhoid and cholera to the natives!",not sexist,train
sexism2022_english-18377,[USER] Is that Hitlery? looks like her hips and ass,sexist,train
sexism2022_english-11957,sex with escort=/=sex with a girl,sexist,train
sexism2022_english-14283,"Meh, this sounds dangerously like ""don't look for concrete advice, just be yourself! FUCK YES!' to me. Nice rethoric, but don't let what he says make you give up on a girl too early.",not sexist,train
synthetic_gen_525,The only reason she got that job is because of her looks.,sexist,train
sexism2022_english-16299,"Women complain about problems until men fix them...even imaginary problems...just remember that, and I'm not implying anything here. Good to see.",sexist,train
sexism2022_english-870,Lots and lots of dead children on her twitter. [URL],not sexist,train
synthetic_gen_760,"Go back to the laundry room, that's where you belong.",sexist,train
synthetic_gen_199,"I'm not being mean, it's just biology that women can't drive.",sexist,train
sexism2022_english-19758,"Sex it's an ""innate talent"" that anyone have. Women always choose the thing with less learning curve and struggles, that's why sex is women's hobby in 99.9% of cases. Because even playing D&D requires some level of dedication.",sexist,train
synthetic_gen_1219,She's just another femnazi looking for attention online.,sexist,train
sexism2022_english-12419,"Where I grew up, the Jews would have run her off.",not sexist,train
sexism2022_english-9899,Gj there are enough hos here already (assuming the states) send her back home.,sexist,train
sexism2022_english-5794,At least in Doctor Who gender changing Time Lords is a thing. I'm on Doctor 12 and haven't seen the new female doctor yet. Rey is just a fucking pile of feminist horseshit.,sexist,train
sexism2022_english-4708,"To stop being needy you need to have an abundance mindset, have hobbies, and stop giving so much of a fuck. You're giving this one girl so much power over you.",not sexist,train
sexism2022_english-7784,And the real women still have yours!,not sexist,train
sexism2022_english-7340,"AND his swollen tranny girlfriend, ""Pregnant Chad""! Let's not forget him/her/it/xe/zir/whatever!!! I remember!! Pre-911 & Pre-Oniggy. Good Times!!!",sexist,train
sexism2022_english-9908,did you fuck her or did you let it be because you didn't want to start a shitstorm for your parents?,not sexist,train
sexism2022_english-2525,Why are almost all women homo/bisexual?,sexist,train
sexism2022_english-19158,Truecels hate him! He makes women fall in love with him using one weird trick. Find out how —> [CLICK HERE]([URL],not sexist,train
synthetic_gen_1199,"Typical female, always complaining about sports.",sexist,train
sexism2022_english-13046,Soy Boy sure looks better as a female of the species.,sexist,train
sexism2022_english-4007,Idc either way buddy.. I seen her btw and she ain't fat but thicc,not sexist,train
sexism2022_english-16683,‘Truth coming from the well armed with her whip to chastise mankind' by Jean-Léon Gérôme (1896) AKA #WhiteAwakening. And we’re mad.,not sexist,train
sexism2022_english-11614,This study is dumb AF and probably run by women. Everyone knows the fat powerlifter is way stronger than this queer underwear model they got for the article. Look up mark bell. STRENGTH ≠ Aesthetics,sexist,train
synthetic_gen_54,Another dumb female trying to lecture men on sports.,sexist,train
sexism2022_english-16453,The good 'ol rotary phone days. This was the 80's version of a cam girl.,not sexist,train
sexism2022_english-16329,"""I'm gonna get so much pussy when women see how much I respect them. I am such a nice guy!""",sexist,train
sexism2022_english-11989,"I thought women have it so easy because they just have to open their legs to fuck Chad. So sex is like.. a compromise? What is this, bluepill witchcraft?",sexist,train
sexism2022_english-4392,"I miss the 70's. Men were real men, football was real football.",sexist,train
sexism2022_english-16009,"I mean, there's /r/cuckquean (NSFW) but his ideas are still stupid",not sexist,train
sexism2022_english-10937,"Yeah boy, show it off for all the gold diggers to see.",not sexist,train
sexism2022_english-19497,I'm pretty certain they are waiting for the right time to nail obama with her. RICO indictments will introduce treason as the argument. treason.,not sexist,train
sexism2022_english-13129,Stop drinking so much or make it really clear why you're not hard. I imagine that shit is embarrassing to a girl,not sexist,train
synthetic_gen_720,Men are better at logic because women are too emotional.,sexist,train
sexism2022_english-6453,"That seems...pretty convoluted. But sure, if you think so.",not sexist,train
sexism2022_english-16458,Make them chase you. Fuck them. And her. Work out. Take care of yourself. Find passions and yeet yourself into them. If you love yourself the rest will fall into place. Chin up.,not sexist,train
sexism2022_english-1166,I am sure most girls ~~marry~~ settle for guys who are just nice Which illustrates the problem,sexist,train
sexism2022_english-13133,Maybe... but it was right near where she lived.,not sexist,train
sexism2022_english-12171,Notice how they use white women and black men this is 100% intentional for genocide RIP france,not sexist,train
sexism2022_english-4458,"Damn, she is fucked up. If I was you, I'd gradually ghost her!",not sexist,train
sexism2022_english-11224,"All these ""Women want men who make money"" articles sure blow that ""All women want is love"" horseshit out of the water",sexist,train
sexism2022_english-16098,men are way more likely to be physically assaulted. men and women are supposedly equal so crime against vagina isn't special.,sexist,train
synthetic_gen_891,"I'm not being mean, it's just biology that women can't drive.",sexist,train
sexism2022_english-7260,"Former BBC journalist Thuto Mali says that universal credit is now a woman’s rights issue as it’s affecting her finances. If she wants to open her legs and sprew a sprog that’s her problem , my problem is I’m not willing to finance the sprog",sexist,train
sexism2022_english-1564,That’s some rare shit right there my boy. Go for it and cherish it,not sexist,train
sexism2022_english-2860,"The REASON she is eligible, is because she endured abuse at and by the hands of her husband.",not sexist,train
sexism2022_english-18166,His adopted* daughters. A gay muslim man and a linebacker in a gorilla costume cannot produce children,not sexist,train
synthetic_gen_1193,Another dumb female trying to lecture men on equal rights.,sexist,train
synthetic_gen_579,Another dumb female trying to lecture men on their careers.,sexist,train
sexism2022_english-4538,"It's bluepilled as fuck and none of their memes are funny, but I can't really hate on it because in the end it's just coping incels in denial. In time, they will embrace the blackpill",not sexist,train
synthetic_gen_452,Why do women think they deserve respect when they can't even be honest?,sexist,train
synthetic_gen_384,Women are naturally manipulative and shouldn't be in management.,sexist,train
synthetic_gen_732,Women are naturally irrational and shouldn't be in management.,sexist,train
synthetic_gen_1222,"Go back to the kitchen, that's where you belong.",sexist,train
synthetic_gen_880,Another dumb female trying to lecture men on sports.,sexist,train
sexism2022_english-6855,Thoughts? Yeah. You are a retarded degenerate who isn't even able to follow the very very few rules of this sub. Reported /u/XxxfriendlyhunterxxX,not sexist,train
sexism2022_english-15184,"Yes, because she made a mistake,she SHOULD pay for it. It was her mistake not society's. I'm all for legit help for someone in need but people who fuck around, don't use protection and then expect to get bailed out can go screw",sexist,train
sexism2022_english-16365,His own wife doesn’t bother to care. She just thought she’d get her own riding his coat tails.,not sexist,train
sexism2022_english-6111,Too classic. [URL],not sexist,train
sexism2022_english-2303,"What she says makes me want to tie her up and force her to watch me eat a Porterhouse steak, a pork loin roast, a greasy hamburger, hot dogs, fried chicken, fried turkey, bacon, .....",sexist,train
sexism2022_english-15812,A quarter of a $million$ for this slag to buy enough sexy stuff to get laid? She should have just brought her own paper bag! [URL],sexist,train
synthetic_gen_692,She's just another gold-digger looking for attention online.,sexist,train
sexism2022_english-18397,More leaves in my yard. This is my witch hazel.,not sexist,train
sexism2022_english-8311,"You don't listen very well, you must be female.",sexist,train
sexism2022_english-15210,her personality is total garbage,not sexist,train
sexism2022_english-793,"Fuck it, 100% anarchy, no laws or taxation.",not sexist,train
sexism2022_english-7420,That’s balls! What’s next? Do you have a sister or daughter a migrant can have!? WTF,not sexist,train
synthetic_gen_1069,"I'm not being mean, it's just biology that women can't drive.",sexist,train
sexism2022_english-13077,These hoes aint loyal,sexist,train
sexism2022_english-14042,"Can we differentiate between the Islam man and the Islam woman? These woman are brainwashed, brutalized, stoned and mutilated. When they are raped it's their fault. I don't know how they have survived. #MAGA #TBA",not sexist,train
sexism2022_english-5973,I'm not on the rag. Just can't stand faggots like you and your gay brother.,not sexist,train
sexism2022_english-8471,"Prison service apologises for sending transgender rapist to all-female jail - despite his history of attacks on women - where he sexually assaulted inmates, as he is sent to a MEN's prison for life [URL]",not sexist,train
sexism2022_english-1303,Ultimately don't fuck crazy bitches and you'll be fine... this sub sometimes acts like all women are in on an evil plot to subjugate all men and you should fear having sex with them,sexist,train
sexism2022_english-10189,Just lol at how mentally retarded ITcucks are,not sexist,train
sexism2022_english-1098,"[URL] Did you see this. Trudeau's trying to pass law banning all speech against muslims, a hate crime. And then we get the mosque shooting. I definitely think its connected... #InCanada #CanFam #GabFam # SpeakFreely",not sexist,train
sexism2022_english-2656,"Nice try, Kike. Only Kikes and Kike-lovers use the Jew-invented epithet ""Nazi."" Now, go fucking kill yourself.",not sexist,train
sexism2022_english-13637,"""Why women the size of whales shouldn't be allowed to drive"" by [USER] [URL]",sexist,train
sexism2022_english-4613,We will pay you well for the name and/or whereabouts of this scumbag girl!!! Trust us!✝☠😡,sexist,train
sexism2022_english-8199,Fuck Pirror. Fucking psychotic moron,not sexist,train
synthetic_gen_707,Women are naturally inferior and shouldn't be in management.,sexist,train
synthetic_gen_958,Women are naturally manipulative and shouldn't be in politics.,sexist,train
sexism2022_english-1228,"You mean that sending in a woman to make false child rape claims, in order to defend an accused pedophile isn't unethical? It's the fucking height of unethical.",not sexist,train
sexism2022_english-16588,"I'm told by feminists that men and women are exactly the same. I agree, that is, until I go shopping with a woman, and realize how inanely untrue the statement is.",sexist,train
sexism2022_english-1762,[[URL] Smart women **do not** choose weak men.,sexist,train
sexism2022_english-13162,"This is a lot of text to say ""When I am ugly, I stop being ugly, and be awesome instead.” This is a bunch of survivor bias BS. No average man gets to be surrounded by women, or interact with hot women.",not sexist,train
sexism2022_english-10059,We must require annual physicals to include a mental check. Something is seriously wrong with that woman. She's totally unhinged!,sexist,train
sexism2022_english-1225,"""for unknown reasons"" Lol I solved this one, the reason is because she was WHITE. Ok, another white targeted based on race, nothing to see here. Now get back on twitter and search for people telling the truth on islam 🖕",not sexist,train
sexism2022_english-1229,Yep & he will be sent to a woman's prison where he'll have all the pussy he can rape.,sexist,train
sexism2022_english-1832,"When the husband kills her, as is wont to happen quite often, he has done our race a favour.",sexist,train
sexism2022_english-7703,"Reminds me of that blooper pedo that so many of the female resident users kept defending because he said things they like. Iirc op was among them, lol.",not sexist,train
sexism2022_english-7881,UK: Police told victim of Muslim rape gang not to mention the ethnicity of her rapists [URL],not sexist,train
sexism2022_english-14600,"He's offering free money, so why hate on women who want to indulge him? Hell if he was gay, I'm sure dudes would be hitting him up!",not sexist,train
sexism2022_english-12390,"Don't ever ask people to treat you with respect. Demand it. And if some fucking chick ever crosses that line, you stop picking up her calls and start fucking her friends. You did well, young blood.",sexist,train
sexism2022_english-3871,Right? As virgins ourselves it's only fair to get together with one. But nowadays it's a miracle to find a woman with a single virgin hole,sexist,train
sexism2022_english-15143,"It's everywhere! Do they think no one is watching? I do hope God gives them all what they deserve, a trip to Hell. Maybe she's mind controlled too? [URL]",not sexist,train
sexism2022_english-4436,Huh wtf Bernie has to do with mgtow,not sexist,train
sexism2022_english-14189,Either way the slutty sneaky cunning ones will snatch the highest value sperm and pasd threir sneaky slutty traits to their daughters. Not the frigid timid ones or ones that got caught and revenge killed,sexist,train
sexism2022_english-2161,Remember to repost to help as much as we can! Our next #NewGabber is: Brian Mitchell · [USER] #FollowAttack Welcome to the #GabFam! Check out [USER] if you haven't! Please review all users for suitability in your life - I'm not your mom,not sexist,train
sexism2022_english-3134,"Pretty sad, but I'm sure you'll look like a girl anyway. You want to...",not sexist,train
sexism2022_english-15337,[URL] Fake rape accuser Lena Dunham plans to connect with women in middle America. #MAGA #Gab #AltRight #PresidentTrump #GabFam #DrainTheSwamp #Trump #SpeakFreely #News #PizzaGate #FakeNews,sexist,train
synthetic_gen_753,"You can't trust a woman who rejects a nice guy, they are all the same.",sexist,train
synthetic_gen_231,Women are naturally weak and shouldn't be in leadership.,sexist,train
sexism2022_english-299,[USER] can't believe it! but then again is this coming from a female? yea that's believable I don't understand how they can even have fat cops I mean seriously what Roling donut they going to catch.,not sexist,train
sexism2022_english-19354,"They're just a futile attempt to ""not be like other girls"".",not sexist,train
synthetic_gen_663,"Go back to the kitchen, that's where you belong.",sexist,train
sexism2022_english-511,That is the biggest load of crap i have ever heard.Where do you come up with this shit?,not sexist,train
sexism2022_english-15257,"[USER] Yeah, liberal women are so dumb they almost deserve the destruction that would befall them if they were thrown among muslims. Liberal women are about hopeless, they really are.",sexist,train
sexism2022_english-1244,I really hope you have a female boss one day. That would be hilarious.,not sexist,train
sexism2022_english-15676,aim for the head so she dosn't come back,sexist,train
sexism2022_english-341,no=way/no way is anybody worse then her,not sexist,train
sexism2022_english-11366,"Wow nobody follows your kike book #1 ,And that is on her own Preference who is her friend's so I don't know where you get that from #2 you worship a fucking kike jew Talk about globalism tolerance just shut the fuck up",not sexist,train
synthetic_gen_1203,She's just another gold-digger looking for attention online.,sexist,train
sexism2022_english-14848,We have nothing against virgin people. Most virgin people aren't hateful pieces of shit who would make fun of a homeless woman like that.,not sexist,train
sexism2022_english-12210,How could Normie's cope with knowing that Chad could literally fuck their girl any time he wants without any effort? They must be great at mental gymnastics.,sexist,train
sexism2022_english-12095,Here are the reasons men get married: She threatens to cut off the pussy. Your family says you ain't a real man. You want to make her haaappy.,not sexist,train
sexism2022_english-3133,"You naughty Twitter refugees! Happy you found your way to us, have a seat, look around, ask questions we'll all help and follow me if you'd like too(:b Here is my naughty I got banned from Twitter face hehe [URL]",not sexist,train
synthetic_gen_742,She's just another slut looking for attention online.,sexist,train
sexism2022_english-18783,She looks dead. Who's holding her up? [URL],not sexist,train
sexism2022_english-12592,Yeah I'll echo DrSleeper here; women are typically very gracious or hurt. &#x200B; &#x200B;,sexist,train
sexism2022_english-2642,"""Most men want to rope already"" Speak for yourself, you pathetic sad-sack prick.",not sexist,train
synthetic_gen_916,Why do women think they deserve respect when they can't even be honest?,sexist,train
sexism2022_english-10164,"...and when the son grows up and realizes that all the ""women-are-the-best-and-noble-creatures-stories"" his mother told him were lies shit will hit the fan.",sexist,train
sexism2022_english-9779,#MAGA #Trump #Hillary #DrainTheSwamp More on the filthy bitch from Molyneux. [URL],sexist,train
sexism2022_english-15849,Why would women wish incels wouldn't rise up? Because they value being sluts for chad obviously,sexist,train
sexism2022_english-2727,The only thing lewd is your innuendo young lady.,not sexist,train
sexism2022_english-15968,Meanwhile a white man **commits** severe racism by fucking an Asian woman.,not sexist,train
sexism2022_english-8358,"She doesn't see most men as sexual beings, with wants, needs, hopes and dreams of their own, and as wanting and needing sex. so you see most women as sexual beings, with wants, needs, hopes and dreams of their own, and as wanting and needing sex?",not sexist,train
sexism2022_english-10646,Funny how they mentioned they are trynna deliver on feminine care.... But nothing about men's care.... Guess they made their choice. Hope they go bankrupt,sexist,train
synthetic_gen_1037,"Typical female, always complaining about their careers.",sexist,train
sexism2022_english-2183,"WTF? You got the boot, literally for saying ""men dont belong in girl's locker rooms"" in that language? WTH? I'm telling you those fucks at CERN fucked up our universe ppl. It's not the same one we were all living in a year or so ago. :)",not sexist,train
sexism2022_english-7551,A blowjob.,not sexist,train
sexism2022_english-7523,Every woman thinks she's a sex goddess because she can lie on her back. Most have no idea what to do on top either.,sexist,train
sexism2022_english-10856,A psychotic feminist bakes VAGINA cookies for her kids SECOND GRADE class. Homeschool. Homeschool. Homeschool.,sexist,train
sexism2022_english-2581,Actually rape is ineffective because the woman won't want to keep a baby that's forced on her. That's why we have shit like love.,sexist,train
sexism2022_english-8238,"First pic of homeowner, 78, arrested after armed burglar 'stabbed to death in house raid' [URL] In Europe you aren't allowed to defend yourself against armed intruders.......",not sexist,train
sexism2022_english-6152,Marriage is more than a word; it's a sentence.,not sexist,train
synthetic_gen_88,Men are better at logic because women are too emotional.,sexist,train
sexism2022_english-6499,"Bro, got to differentiate those lifts. Get balance. Around 18 mo of mgtow myself. It was easy day 1, divorce. Haven't worked on physic due to lack of diet (broke) shortly going to be resolved. Cutting weight though. Abs are back. Can't wait to bulk",not sexist,train
sexism2022_english-7715,"So I'm a published mathematician but I'm an unmarried spinster who has had the audacity to hold the hands of (and, wait for it... fuck) multiple men. Oh and I also wear make-up. Shit.",not sexist,train
sexism2022_english-9736,"Technically, the women are also cat food.",sexist,train
sexism2022_english-2756,"Overall, women spend more than they make. Guess who’s footing the difference.",sexist,train
synthetic_gen_30,Another dumb female trying to lecture men on their careers.,sexist,train
sexism2022_english-15331,I always find this statistic comforting. Women want men working for women but don’t want to work for women themselves. I wonder why 🤔,sexist,train
sexism2022_english-160,"I guess most guys do like to go down. Again it's personal choices, for me going down on women is part to foreplay and getting my dick sucked isn't much of a part.",not sexist,train
sexism2022_english-16483,"Yes ma'am I find old rusty pieces at flea markets and bring them back, my precious piece is around pre 1870, I can't cook without them! Yours are family heirlooms, all that good seasoning, no need to strip that off, lots of love on those pans",not sexist,train
synthetic_gen_40,Why do women think they deserve respect when they can't even be honest?,sexist,train
sexism2022_english-6737,I’m a stubborn woman and usually hurt myself trying to lift crap I shouldn’t. But... men do that too.,not sexist,train
synthetic_gen_719,Men are better at logic because women are too emotional.,sexist,train
synthetic_gen_905,Men are better at logic because women are too emotional.,sexist,train
sexism2022_english-10273,Men want a girl who is a prude for every other man but a slut just for them,sexist,train
sexism2022_english-10959,RT SteveBlogs11 Multiculturalism has made us hate ourselves. [URL] [URL],not sexist,train
sexism2022_english-8890,So the deviants in West Hollywood decided that a porn star should be saluted with her own special day. Such disgusting people in a disgusting city honoring a disgusting woman.,sexist,train
sexism2022_english-14099,"Lol guys, I seen the original, it's posted by a mum xD even the mum is a whore and won't tell her daughter off.",sexist,train
sexism2022_english-5802,Physically maybe but they wont be loved as a person. Theyll be nothing more than a sex object just as most women view us as little more than a utility. Get what we want and callously discard.,sexist,train
sexism2022_english-9577,"At uni I needed a female’s phone number for an assignment. She wouldn’t give it to me, told me to text some guy she knew and he will ask her me",not sexist,train
sexism2022_english-18973,That's what the Hoots would do up here in Montana!,not sexist,train
synthetic_gen_1207,She's just another femnazi looking for attention online.,sexist,train
synthetic_gen_272,"Go back to the bottom of the ladder, that's where you belong.",sexist,train
sexism2022_english-17352,"And then everyone gave her that, ""Are you fucking Serious Right Now?"" look for a solid ten minutes...",not sexist,train
sexism2022_english-4854,"You will lose tons of viable leads this way. You're a man. Men are expected to lead. Go do that instead of waiting for her to take the initiative, most girls never will.",sexist,train
sexism2022_english-3154,Isn’t r/MGTOW basically a hate subreddit against women?,not sexist,train
synthetic_gen_114,"Typical female, always complaining about their careers.",sexist,train
synthetic_gen_1115,"Typical female, always complaining about their careers.",sexist,train
sexism2022_english-11387,ewwww. filtering again? And not blonde...oh yeah because you called blonde #white women sluts isn't it? you're still ugly INSIDE AND OUT....YOUR LIES WILL EAT YOU AWAY.,not sexist,train
sexism2022_english-5572,"They should be worried! I was able to fire two of my female staff and replace them with ONE MAN! And's he's getting 5x the amount of work done already, even being brand new! Why the fuck did I ever employ women before?! Never again.",sexist,train
synthetic_gen_981,"You can't trust a woman who wants a promotion, they are all the same.",sexist,train
synthetic_gen_635,"Go back to the bottom of the ladder, that's where you belong.",sexist,train
synthetic_gen_1006,She's just another gold-digger looking for attention online.,sexist,train
synthetic_gen_895,Why do women think they deserve respect when they can't even be honest?,sexist,train
sexism2022_english-13055,Cant trust what foids say only what they do.,sexist,train
synthetic_gen_859,"Go back to the kitchen, that's where you belong.",sexist,train
sexism2022_english-3122,Says the guy who is by product of shitskin mother having un protected sex with a nigger.,sexist,train
sexism2022_english-10241,The stereotype is usually that neckbeards are desperate for women and get angry when rejected. So its the same as calling us incels.,not sexist,train
synthetic_gen_1070,The only reason she got that job is because of her looks.,sexist,train
sexism2022_english-8068,LOL. This totally made my day!,not sexist,train
sexism2022_english-11610,I prefer not to use vagina tactics.,not sexist,train
synthetic_gen_1152,Why do women think they deserve respect when they can't even be honest?,sexist,train
sexism2022_english-15457,"Short women can't lean in to talk to you, it's just logistics, but the conceptual idea here is least-effort. It's a judgement call, idea being don't overdo it.",not sexist,train
sexism2022_english-4115,Use hinge. Girls on there are serious about meeting. I've only fucked hinge girls this year. Nothing from tinder or bumble.,not sexist,train
synthetic_gen_104,She's just another slut looking for attention online.,sexist,train
sexism2022_english-17274,"DOES BLACK HAMILTON STAR DRUNK-RAPE WHITE WOMEN? If you name-check the VP-Elect of the United States in a one-sided insulting harangue, it'd be wise to delete the tweets that suggest you rape drunk white girls: #BoycottHamilton [URL]",not sexist,train
synthetic_gen_296,"Typical female, always complaining about equal rights.",sexist,train
sexism2022_english-3175,"Not even ammunition, but how many stories and videos do we see where racist migrants attack women all over Europe while the men there do nothing but watch? If these migrants knew that the men would defend their women they wouldn’t attack as much!",not sexist,train
sexism2022_english-4944,"The women here are a strong and diverse group who know what gender they are, LOL. And for the most part, we do like each other...I think I've only muted one woman. Because she just wouldn't shut up....",not sexist,train
synthetic_gen_1048,The only reason she got that job is because of diversity quotas.,sexist,train
sexism2022_english-15651,How can women be insightful when we do enough for them that it deprives them of character building learning experiences?,sexist,train
sexism2022_english-5413,"So she tried to save herself with a preemptive strike, eh? What a conniving bitch.",sexist,train
sexism2022_english-1265,“You’re fired. The boss’s daughter needs a job and she will be your replacement.”,not sexist,train
sexism2022_english-1185,D Congressional candidate Liz Watson of Indiana announced she does not support House Minority Leader Nancy Pelosi as SOTH and will not vote for her if Watson gets elected and Ds get House majority Fantasy Island times two,not sexist,train
synthetic_gen_279,"Typical female, always complaining about equal rights.",sexist,train
sexism2022_english-14084,This woman makes me almost believe in David Icke’s reptilian theory.,sexist,train
sexism2022_english-12158,Germany: Seven #Muslim #migrants #sexually #assault three #teenage #girls on downtown street (seven men are between 15 and 17 years of age ) [URL],not sexist,train
sexism2022_english-13137,She likes your company. She also wants to have her own independence. You want a relationship with a title. If you want a relationship with a title look elsewhere.,not sexist,train
sexism2022_english-8809,"and its the JEWS who are flooding Europe, UK, Canada, USA, Australia, with these Niggers and Muslims who are raping & murdering White women & children...",not sexist,train
synthetic_gen_784,Why do women think they deserve respect when they can't even be honest?,sexist,train
synthetic_gen_907,"Typical female, always complaining about equal rights.",sexist,train
sexism2022_english-14440,"Just because he trolled Hillary like a psycho wanting her hair doesn't make him, ""cool"". The fact that he wanted to be like Big Pharma is good enough for me to be glad he's getting fucked.",not sexist,train
sexism2022_english-16587,Lol women can't do push ups...,sexist,train
sexism2022_english-8118,"Mr Tickle wanted to marry the girl of his dreams. However, Tess was reluctant to take on his surname.",not sexist,train
sexism2022_english-6739,"‪On the character creation screen, black people took all the points out of Civilization Building and put em in Sassy Comebacks‬",not sexist,train
sexism2022_english-6863,[USER] This dirty lying rotten scumbag wants Comey to resign..I would like him to stay long enough to testify for himself...,not sexist,train
synthetic_gen_794,Women are naturally irrational and shouldn't be in power.,sexist,train
synthetic_gen_1039,"Typical female, always complaining about gaming.",sexist,train
synthetic_gen_606,"You can't trust a woman who works in STEM, they are all the same.",sexist,train
sexism2022_english-7419,Sounds like she’s just a social retard.,not sexist,train
synthetic_gen_291,The only reason she got that job is because of her looks.,sexist,train
synthetic_gen_1086,Why do women think they deserve respect when they can't even be honest?,sexist,train
sexism2022_english-1151,"Just do the incest fetish bro, date your little sister.",not sexist,train
sexism2022_english-8724,"Oooh! Dish, girl! What are you up to?",not sexist,train
sexism2022_english-15431,Leia has those thing on the sides of her head and and when she turn her head he get a face full of hair bun.... :-) But there is still hope for a hairy love story....,not sexist,train
sexism2022_english-3548,"You said women have a ton of design flaws, men cannot do better than women. I said women are the only option men have but we’re trying to use technology to give men another option besides women. Raise your hand if you’re confused.",sexist,train
sexism2022_english-8251,Idk I have a good relationship with my sister 🤷‍♂️,not sexist,train
sexism2022_english-5319,"*Always* live and let live. Provided of course that what you let live has is not an attack on someone else. Your freedom ends, where mine begins, and my freedom ends where yours begin.",not sexist,train
sexism2022_english-1894,Killary shouldn't have called her a buffalo...,not sexist,train
sexism2022_english-2997,"Haha just took your advice this morning (for a different girl though) and it came through,smilies included. Cheers!",not sexist,train
synthetic_gen_74,"You can't trust a woman who works in STEM, they are all the same.",sexist,train
sexism2022_english-6043,"Yeah and bearing all the weight of the relationship, LOL! Also the illusion of eternal happiness in the first picture.",not sexist,train
sexism2022_english-2687,"Simple, stupid. The Nazis created a world war and then everyone killed them. How much lead paint did you eat as a child?",not sexist,train
sexism2022_english-17948,"I'd say the bottom was a propagandist, politics has more to what she reports that capitalism does.",not sexist,train
sexism2022_english-2591,"I guess I was referring to other than Muslims and Quran readers. Islam has its own unique set of problems, that's for sure!",not sexist,train
sexism2022_english-478,[USER] aww shucks maam,not sexist,train
sexism2022_english-12905,I was talking to the woman in the pic lol,not sexist,train
sexism2022_english-13069,"Way to piss away the women vote, Democrats! [URL]",not sexist,train
synthetic_gen_495,Another dumb female trying to lecture men on their careers.,sexist,train
sexism2022_english-4994,No sheep or goats were available to slake Muslim lust.,not sexist,train
synthetic_gen_100,Another dumb female trying to lecture men on sports.,sexist,train
sexism2022_english-8459,You dont. She has done 3 whole years on the streets. Let her remain in her habitat,sexist,train
sexism2022_english-8265,"Meteor hits Pluto, women most affected.",not sexist,train
synthetic_gen_824,"I'm not being mean, it's just biology that women can't drive.",sexist,train
synthetic_gen_756,She's just another gold-digger looking for attention online.,sexist,train
sexism2022_english-2594,my ex sent me a wet pussy shot right from her call centre 1/2 cube once. This wasn't even semi private so ya they do that.,not sexist,train
sexism2022_english-6884,Sometimes people get the wrong impression about what I'm trying to do and think I'm saying that women have to dress up all the time to be ladies. That's not true- we can be casual and ladylike simultaneously; a time and place for everything.,not sexist,train
synthetic_gen_225,"I'm not being mean, it's just biology that women can't drive.",sexist,train
sexism2022_english-17473,"another schmuck and schmukette --- you goys just do not get it --- ""Yes sir, sir! ""! ""We do not get it, Sir !""",not sexist,train
synthetic_gen_789,Women are naturally manipulative and shouldn't be in management.,sexist,train
synthetic_gen_1009,She's just another bitch looking for attention online.,sexist,train
sexism2022_english-8477,"No like she's gone now, but is coming back later this summer.",not sexist,train
synthetic_gen_1235,"You can't trust a woman who works in STEM, they are all the same.",sexist,train
synthetic_gen_921,"I'm not being mean, it's just biology that women can't drive.",sexist,train
synthetic_gen_395,The only reason she got that job is because of nepotism.,sexist,train
sexism2022_english-4853,"There are also female MENSA members. O...K.... I'm curious where you think I argued otherwise. > Still, neither group is likely to be successful based on that. Men also have higher IQ variations among them. Ditto.",sexist,train
sexism2022_english-3168,"I don't know if Churchill was a Jew loving (a Jewesss can hold her charms)faggot, but how do you define, ""sue for peace?""",not sexist,train
sexism2022_english-17631,"so that's who parked so crookedly... the socialist femme fatals in their SUVs. I am woman and I roar, but not like them. I roar at them for being droning twats.",sexist,train
synthetic_gen_57,Women are naturally irrational and shouldn't be in tech.,sexist,train
sexism2022_english-13575,"I have to wait, and be frightened? More and more I understand how Chan was scared off if this was how you spoke with her.",not sexist,train
sexism2022_english-19917,"Nah, mensa is full of elitist mental masturbators. The baller way is to keep plowing models until you find one with a degree. ;)",not sexist,train
sexism2022_english-19912,"yeah, ditto on pretty much everything you said.. except I don't even want other girls.. Seriously, pussy ain't worth sacrificing my peace and quiet for these days. They talk TOO much.",sexist,train
sexism2022_english-3005,Give me money My exwife is crying about her electricity bill. He divorced me and my wallet .,not sexist,train
sexism2022_english-13864,"Because women want to have FULL CONTROL over you, from the friends you have, to the job you work, to even having the choice to satisfy yourself. Its why i'll never get married, even if the laws were changed...",sexist,train
sexism2022_english-13146,"They do so much to promote miscegenation. It is honestly incredible. Try google image searching ""pregnant white woman""",not sexist,train
sexism2022_english-19418,"The biggest downfall of men is that they only value appearances. no they don't. i have literally never had a boyfriend who ONLY cared about appearances. like of course, they want a hot gf/wife. but guys with options want more than just looks.",not sexist,train
sexism2022_english-9198,Send the lady to Saudi Arabia. She has even time to catch a plane for friday beheadings. Good friends of the Jews since Mohammed the rapist pedophile was also a jew boy.,not sexist,train
sexism2022_english-2668,RT Seekandfind A woman who posted a Snapchat video of her boyfriend dying in a pool of blood has been found guilty of helping to arrange his killing. [URL] …,not sexist,train
synthetic_gen_6,Why do women think they deserve respect when they can't even be honest?,sexist,train
sexism2022_english-6331,"my bet is he is trying to impress some pussy hat with his ""virtue"" enough to let him in her pants.",sexist,train
sexism2022_english-17502,i wasnt trolling you fucking censor,not sexist,train
sexism2022_english-8792,"Vaginas are like toes. Everyone has different shaped toes, some are long, some are thick, some are just wonky.",not sexist,train
sexism2022_english-11552,"Posting sexy selfies is a viable strategy for low-income young women. Women who flaunt what they've got are not ""victims of the patriarchy"" but instead exploiting ""the pot of capital that youth bestows on them"". [URL]",sexist,train
sexism2022_english-4696,An invasive species of plant in Vermont leaves a woman with severe burns and blisters. [URL],not sexist,train
sexism2022_english-6842,"I don't like the continuous bashing of women but I also believe true free speech is often ugly, without free speech we have no democracy.",not sexist,train
synthetic_gen_198,"Go back to the laundry room, that's where you belong.",sexist,train
sexism2022_english-19011,Fucking wait if the order of law falls. Women will get beat to shit immediately. We are meant to use violence or the the threat of it to keep both men and women in check.,sexist,train
synthetic_gen_159,Women are naturally irrational and shouldn't be in politics.,sexist,train
synthetic_gen_605,Men are better at logic because women are too emotional.,sexist,train
sexism2022_english-6626,"Hope you can Bear it! Sometimes, we can let our Grizzly side come out, if you know what I mean!",not sexist,train
sexism2022_english-12533,Jay Lenos asian daughter,not sexist,train
sexism2022_english-3100,"If she's fucking you, she likes you.",not sexist,train
sexism2022_english-1484,I honestly don’t care if she’s lying. Fuck this douchebag!,sexist,train
sexism2022_english-6248,"Silly. And Ignorant of History, too. [URL] These are the most true-to-the original scriptures Jews on the planet. For example: They do allow Chicken in cream sauce. Chickens don't suckle. So it could never be it's ""mother's milk.""",not sexist,train
sexism2022_english-499,remember when people hated on pence when he said he didn't speak to women alone....,not sexist,train
sexism2022_english-19187,"Do you enjoy the fucking? Then go along with it, she wants the full boyfriend experience, give it to her. She may even start to think you're too clingy and then she will break up with you.",sexist,train
sexism2022_english-6081,Spanner girl like a spanner wrench? So u load the missiles n stuff on the planes huh. *salutes* Hope they don't start any more illegal wars for oil and drugs and imperial New World Order conquest. Mabe u can just blow up ISIS and be done with it.,not sexist,train
synthetic_gen_1064,Women are naturally irrational and shouldn't be in leadership.,sexist,train
sexism2022_english-6557,"if girls buy you food, it usually means you're attractive.",sexist,train
sexism2022_english-8537,My first GF lost intrest because I was way too attentive with her. Texting all the time etc. I thought i was being good boyfriend! I didnt understand what I was doing wrong?! Basicly everything. Thank god that happend at 17.,not sexist,train
synthetic_gen_836,Women are naturally inferior and shouldn't be in leadership.,sexist,train
synthetic_gen_628,"You can't trust a woman who works in STEM, they are all the same.",sexist,train
sexism2022_english-10708,"u can ask wifey to play, but you have to be a good girl",sexist,train
synthetic_gen_1008,She's just another slut looking for attention online.,sexist,train
sexism2022_english-19176,Then it isn’t mgtow if you need to pick up the slack for a woman. Again you miss the point. Over and over and over.,not sexist,train
sexism2022_english-750,[USER] lol okay ms celebrity 👍,not sexist,train
synthetic_gen_475,The only reason she got that job is because of diversity quotas.,sexist,train
sexism2022_english-7717,"Every girl in a game, or on sites like twitch or youtube have a following of tons of thirsty dudes, all because they are female.",sexist,train
synthetic_gen_1142,"I'm not being mean, it's just biology that women can't drive.",sexist,train
sexism2022_english-17184,"""yeah,i'm a 28yo virgin,but i'm getting laid soon because i respect women,i'm TOTALLY against incel misogynist bullshits,i support women rights,i have a great personality and take a Lot of showers,but i am NOT an incel !!""",not sexist,train
synthetic_gen_1137,"Go back to the bottom of the ladder, that's where you belong.",sexist,train
sexism2022_english-15235,"Im sorry man, you will die from blackpill od",not sexist,train
sexism2022_english-11716,Every woman is a whore when you are an incel.,sexist,train
sexism2022_english-1034,"That bitch ought to have a husband with his cock silencing her stoopid, jewshit-babbling mouth.",sexist,train
sexism2022_english-14493,I have no idea what you're talking about or how this relates to #Pizzagate. RT [USER] And the investigation resulted in nothing. That must be because she did nothing wrong. Right? Comey would *never* lie to the public.,not sexist,train
sexism2022_english-32,"yes ✨💫 Her spirit, energy, positivity has had a big impact on me. #ViciTrue and her family will always be in our hearts. thank u again for all that you've done 🌸 [URL]",not sexist,train
sexism2022_english-8966,[USER] A truly awesome movie. She was/is the most sinister female in all movie history. Brilliant.,not sexist,train
synthetic_gen_277,The only reason she got that job is because of nepotism.,sexist,train
sexism2022_english-13412,"Meh she's bored and wants to be entertained. You can engage and try out new wierd lines if you feel like it, not like you'll get her into bed.",not sexist,train
sexism2022_english-16598,"lol, even better So you disagree the bible says jesus has to be a jew?",not sexist,train
sexism2022_english-15522,"thats nice and all, but have you tried watching movies with strong female lead? no? guessed so. this is why u incel xd",not sexist,train
synthetic_gen_1103,She's just another slut looking for attention online.,sexist,train
sexism2022_english-18725,"So create one. It can just be a bunch of guys sitting around chatting about sports or whatever... but don't be surprised if some freak wants to invade and change things... like a woman pretending to be a man, or something.",not sexist,train
sexism2022_english-18387,Why are there no female imams ?,not sexist,train
sexism2022_english-12345,[USER] I think it's assumed that they're losers. The whole thing is a bunch of misandrist loser women LARPing about being relevant.,sexist,train
sexism2022_english-3192,How do they know for certain that the things they do will make women's panties drop so hard they'd come out the other side of the planet while still not being able to objectively judge their own attractiveness? Just...strange.,not sexist,train
sexism2022_english-10039,[USER] Fire her and then a visit from the Secret Service to find out where her loyalties lie!,not sexist,train
sexism2022_english-15142,the last thing i want to think about on reddit is some pasty nerd's erection,not sexist,train
synthetic_gen_1093,Women are naturally weak and shouldn't be in politics.,sexist,train
sexism2022_english-3739,"With all the money that she received from loser men and still didn't have any common sense whatsoever to save any as a back up when shit goes side ways, which she reaps what she sows and an army of loser men will save her.",sexist,train
synthetic_gen_677,She's just another slut looking for attention online.,sexist,train
sexism2022_english-16723,"Oh, you should see my comments on YouTube! Lashing like a crazed woman sometimes! They can be so obnoxious! And wrong!",sexist,train
synthetic_gen_1036,Another dumb female trying to lecture men on their careers.,sexist,train
sexism2022_english-14925,"[USER] - Dr. fuckstick's twttr avatar ""you are large you contain multitudes"" was written by faggotpoet waltwhitman-- F.Y.I. --Plus he's quite a comedian-- ""did you really transport a competent patient against her will to facilitate and arrest?""",not sexist,train
sexism2022_english-10939,"NEW: Lawyer for Calif. professor says that her client believes Kavanaugh actions were ""attempted rape,"" and she's willing to testify publicly about it; Kavanaugh has denounced the allegation against him. [URL] [URL]",not sexist,train
sexism2022_english-15383,"islamic women just can't win. Either they die defending themselves from rape, or they die because they got raped.",sexist,train
sexism2022_english-11080,Revelations of US cardinal sex abuse will force pope's hand #pedophiles #Rapists #HangmHigh [URL],not sexist,train
sexism2022_english-16644,What the fuck is going on here? Is that a jew with a walker watching illegals scale a wall? Why's the one bitch got the lower half of her body censored out with a big black blot?,sexist,train
sexism2022_english-4511,Why does she have to be white? Do blackcels hate black females or something ? 🤔,not sexist,train
sexism2022_english-4454,"I appreciate the fact that people follow me even though I don't really post that often. I would like to post more, but it's so hard for me to stay on top of this sort of thing. Depression is a bitch lol",sexist,train
synthetic_gen_1071,Another dumb female trying to lecture men on gaming.,sexist,train
synthetic_gen_314,Women are naturally weak and shouldn't be in management.,sexist,train
sexism2022_english-7790,"So if a woman keeps a baby you both pay for it, if not neither of you do. There's nothing unequal here. You just dont like that a womans choice is final. Stop impregnating people you dont want kids with. Yawn",not sexist,train
sexism2022_english-16467,Have you seen the female only trains in Japan? [This is what happens if you enter one \(warning lower your volume before watching it\)]([URL],not sexist,train
synthetic_gen_750,"Go back to the bottom of the ladder, that's where you belong.",sexist,train
synthetic_gen_118,The only reason she got that job is because of diversity quotas.,sexist,train
sexism2022_english-3397,She fucked him. Go fuck other women. Stop being exclusive with her and stop agreeing to be exclusive with any woman. You should not be an LTR if you actually believe the shit she is spewing.,not sexist,train
synthetic_gen_418,She's just another gold-digger looking for attention online.,sexist,train
sexism2022_english-18086,Since we all know IQ has nothing to do with genetics (thank you Rational Skeptic BASED Kraut for redpilling me on this) that means white women making non-white kids is perfectly fine as long as they are BASED. Western civilization is saved!,not sexist,train
sexism2022_english-6214,Two sisters who can't remember why they fought stabbed each other covering child in their blood www.worldwideweirdnews.com/2017/08/03-Two-sisters-stab-each-other.html,not sexist,train
sexism2022_english-716,"She most likely just wanted *something* to bitch about wrt your fridge, so that was her response. Apples and string cheese are completely legit to have on hand",sexist,train
sexism2022_english-18237,"Apparently a fedora kike did this church shooting, did you see this",not sexist,train
synthetic_gen_917,The only reason she got that job is because of nepotism.,sexist,train
sexism2022_english-4599,"Only if you make it clear you're not looking for LTR. If you're misleading her, you're only getting better at being a dishonest fuckwit.",not sexist,train
sexism2022_english-2504,"What a horrible friend and a selfish bitch to leave her friend alone at the bar. Good for you I guess, but man, I'd hate to actually date a girl like that.",sexist,train
sexism2022_english-8968,"I don't understand. If Hell spawns helping to punish ""sinners"", does it make them necessary evil or something ?",not sexist,train
sexism2022_english-17378,"only a tiny % is man made !!! Trying to beat nature is futile, plan how to live with the changes, once you can be sure which way they will be. Historically we are heading into another ice age, timing is a different issue.",not sexist,train
sexism2022_english-19708,I think it is time for female senators TO SHUT UP! and do the right thing. Resign. Nuff said.,sexist,train
sexism2022_english-10753,"Puerto Rico is ""completely devastated,"" yet the mayor of San Juan found a silk-screen place to print her a shirt that says ""help us, we're dying?"" This is CNN #FakeNews and propaganda! #Ghost",not sexist,train
sexism2022_english-3050,".[USER] slammed the Democratic senators for trying to "" destroy and delay"" Kavanaugh's confirmation using Christine Blasey Ford 's accusation. [URL]",not sexist,train
synthetic_gen_356,"I'm not being mean, it's just biology that women can't drive.",sexist,train
sexism2022_english-5376,cross dressing as an ugly girl,not sexist,train
sexism2022_english-7409,I sure hope so. The marches are not relevant though. Its that if enough women vote women into office they can change the policy to favor women even more.,not sexist,train
sexism2022_english-7998,Just in case you didn't get that last message - messaging her on fb will destroy all chances you might have had. I've done it plenty and ruined every single opportunity. It's not just creepy - it also shows you don't have many other options.,not sexist,train
sexism2022_english-199,"It will be good once people start to realize that THEY're all in this together and proving Hitler was right I guess.. Despite it's harshest consequences, they fucking deserve a rude awakening.",not sexist,train
sexism2022_english-4075,"I'm a 5'6 latino with a 5"" dick. Would I be able to get a low-end (1-3/10) white woman in the US if I careermaxx? Also, is it easier for latinos to integrate and be accpeted by white locals than other races like blacks or asians?",sexist,train
sexism2022_english-1684,"Swedes certainly are shocked when I tell them about alimony in the US, but then think it's perfectly fine when a 50-50 division of wealth and assets occur at divorce or separation.",not sexist,train
sexism2022_english-1127,"Tell me, who are the Synagog of Satan if not Jews?",not sexist,train
sexism2022_english-18521,"Calling a woman a slut use to work pretty well because it was shameful to be a slut. How do you plan on holding them to these ""Standards"" chain them up?",sexist,train
synthetic_gen_439,The only reason she got that job is because of nepotism.,sexist,train
sexism2022_english-17630,What she says. [URL],not sexist,train
sexism2022_english-19557,Are you dumb! She fucking wants you dude! You never made a move! Are you not sexually attracted to her? or your gay?,not sexist,train
sexism2022_english-17881,"I'm not supporting it, if someone walked up to me and said ""Hey let me cut off part of your dick"" I would say no, probably call the police, i'm just saying I don't really care about mine now that it's too late to do anything about it.",not sexist,train
sexism2022_english-18214,so who killed joan rivers? it can;t be a coincidence that two weeks after 'outing' them she dies? #obongodeathlist,not sexist,train
synthetic_gen_1050,Women are naturally inferior and shouldn't be in leadership.,sexist,train
sexism2022_english-9014,"REMEMBER THE GULAGS - Elizabeta and Larisa, two women Dissidents, patch torn boots, and dry clothing and rags, before the next day of slavery, in a Gulag rape camp in Magadan [URL]",not sexist,train
synthetic_gen_1213,"I'm not being mean, it's just biology that women can't drive.",sexist,train
sexism2022_english-13885,Maybe she's senile? Isn't she pretty old??,not sexist,train
synthetic_gen_50,Women are naturally inferior and shouldn't be in leadership.,sexist,train
synthetic_gen_201,Men are better at logic because women are too emotional.,sexist,train
sexism2022_english-15067,weddings are the most emasculating thing ever,not sexist,train
sexism2022_english-2933,"“Smallville” actress Allison Mack has been arrested for her alleged role in notorious upstate sex slave cult Nxivm, sources told The Post on Friday. [URL]",not sexist,train
sexism2022_english-13563,What other books you can suggest that made an impact on your life and the way you talk/attract girls. I'm just starting out and would need all the help I could get to get this part of my life handled. Thanks.,not sexist,train
sexism2022_english-5950,"I accept their nature. If one of them tries to fuck me up I will destroy her selfworth, the same way I accept male nature and if one attacks me I destroy him.",not sexist,train
sexism2022_english-8590,Ricky must have had a big cock Caroline sold her ass for it sorry whore,sexist,train
sexism2022_english-10022,"Are gays in the Middle East and Africa saying that women are a million times better at sex than most men, though?",not sexist,train
synthetic_gen_775,"Go back to the laundry room, that's where you belong.",sexist,train
sexism2022_english-8579,"I've been approaching girls for years now, but I still can't bring myself to open directly. To each his own I guess.",not sexist,train
synthetic_gen_1078,"Typical female, always complaining about sports.",sexist,train
synthetic_gen_1151,Men are better at logic because women are too emotional.,sexist,train
synthetic_gen_593,"Typical female, always complaining about gaming.",sexist,train
sexism2022_english-2989,"Quick FYI, even if we win and everyone turns into literally Hitler, 18 year old white girls will still be snorting coke at parties and engaging in gangbangs by packs of feral white men.",sexist,train
synthetic_gen_712,Men are better at logic because women are too emotional.,sexist,train
sexism2022_english-8468,"sometimes i howl at the little woman-- ""Get that nigger OFF my TV!"" i'm a gentle pussycat.",not sexist,train
synthetic_gen_987,Why do women think they deserve respect when they can't even be honest?,sexist,train
sexism2022_english-8272,"Bring her to your local Section 8 housing, show her your street's crazy cat lady, and tell her those women all believed they could do better than what they had. After that there's nothing you can do. She's on her own.",sexist,train
sexism2022_english-5432,"It's a tribute to Trump, every time he mentions the wives of the men in his favour and rightly so for the sacrifice these women make",not sexist,train
sexism2022_english-14921,Because you are saying that these women are easy catches. You are treating these women like objects. Objects which simply can be gained. I can't believe that I have to explain this to someone who is apparently a woman themselves. What the fuck?,not sexist,train
sexism2022_english-13009,"They list the Hapas with Asian moms who don't look Asian at all, when listing NFL and NBA players.",not sexist,train
sexism2022_english-14384,"Most don’t, but it’s not uncommon. It happens often enough that the trope any time a woman gets murdered is “the boyfriend did it”. I’d suspect the wife if a husband was murdered too but it just doesn’t happen in the same numbers.",not sexist,train
sexism2022_english-3037,"When she play as the victim because ""damn Chad won't take me out"" and then open her legs for him whenever he wants. Or when she starts speaking about ex boyfriends, huge redflag.",sexist,train
sexism2022_english-2344,Stop giving a fuck what women think. She’s not your mom. Talk and fuck all the women you want. Don’t say that cringe boo shit. It’s beta and cucked,sexist,train
synthetic_gen_44,"Typical female, always complaining about gaming.",sexist,train
synthetic_gen_295,"I'm not being mean, it's just biology that women can't drive.",sexist,train
synthetic_gen_288,Women are naturally unstable and shouldn't be in tech.,sexist,train
synthetic_gen_22,The only reason she got that job is because of diversity quotas.,sexist,train
sexism2022_english-6799,"I don’t feel you should beat retards to death for being retarded. If someone loses consciousness from trauma, there is a significant chance of death. Beating white knights is good. She should have been expelled, shamed, and her father censured.",not sexist,train
sexism2022_english-15151,"I’d have the child write a letter about how Christians and non-Muslims are burned in cages, sold on active slave markets, women gang-raped daily, and educate the instructor in crystal clear fashion how wonderful Sharia Law is for women.",not sexist,train
sexism2022_english-14534,"I'd say your conclusion also works in reverse, minus the first sentence. All females aren't necessarily looking for an alpha male by the strict definition of the term but it is essential to remember that your s.o. does not define you.",not sexist,train
sexism2022_english-12607,"no. women in porn have nothing to do with actual woman, looks-wise, personality-wise, action-wise. women in porn are what men who make porn tell them to do. that's it. women in porn are not even women; they are men's sick fantasies incarnated.",not sexist,train
sexism2022_english-6903,The real competition should be with the out group. But men become such in-group traitors when women get involved This is why muslims forbid women from meddling in the affairs of men. We need to teach western children about these basic truths,sexist,train
sexism2022_english-19889,"Official Feminists ""turn their back on women"" [URL] #leftists #feminism bigotry Islam",not sexist,train
synthetic_gen_699,"Go back to the kitchen, that's where you belong.",sexist,train
sexism2022_english-1513,"First they need to check to see if IT was a he or a she back then. With 57 different genders the Dems believes there are,, we need to know if Ford was a ""She"" that could be vaginally raped.",sexist,train
sexism2022_english-9294,"#video Birmingham, England: Police finally arrest fugitive Afghan Muslim who murdered his ex & her mother. [URL]",not sexist,train
sexism2022_english-4383,[USER] He needs to return it to the working men and women of NYC to offset what he did to them as mayor .,not sexist,train
sexism2022_english-5697,RT [USER]: Woman claims she was sexually assaulted by 9-year-old at Brooklyn deli. Surveillance video proves her wrong. She sticks to her story. [URL],not sexist,train
synthetic_gen_421,Men are better at logic because women are too emotional.,sexist,train
sexism2022_english-3159,"That's some fantasy shit right there. ""Maniacally"" right , she needs to stop with soft porn novels.",not sexist,train
sexism2022_english-2919,"they should make real signs...""I am going to collect as much free money as I can...I am going to steal as much as I can....I am going to rape as many women as I can...""",not sexist,train
sexism2022_english-3881,"Seriously, read up about girl's night out, and bachelorette parties. That should educate you.",not sexist,train
sexism2022_english-5397,Hmmm... a man ought to do a credit check first.,not sexist,train
sexism2022_english-15500,"Hapas are also more common in former colonial outposts like Spore than in China, particularly among the well-heeled. It's about class more than looks.",not sexist,train
sexism2022_english-11834,imagine thinking chad gays have lower standards than women,sexist,train
sexism2022_english-10124,"Conyers, 88, finally decides to leave Congress after woman comes forward to say he groped her IN CHURCH [URL]",not sexist,train
synthetic_gen_126,Why do women think they deserve respect when they can't even be honest?,sexist,train
synthetic_gen_611,"I'm not being mean, it's just biology that women can't drive.",sexist,train
sexism2022_english-13829,"[USER] No no no, not a concern like that. Family mortality + dealing with countries to allow wives into it is all.",not sexist,train
sexism2022_english-7055,"The web is full of right wing sites with 10,000 true fans, mostly dimwit women, who blew smoke up the admins ass for years as they lost 90% of their contributors.",sexist,train
sexism2022_english-801,I better chop off my boobs and grow a dick then.,not sexist,train
synthetic_gen_740,"Go back to the bottom of the ladder, that's where you belong.",sexist,train
synthetic_gen_410,"You can't trust a woman who works in STEM, they are all the same.",sexist,train
sexism2022_english-5002,apparently it paid a pretty penny too for only a small amount of money. Luckily a lot of race organizers are just saying fuck you Liberty media (owners of the f1 rights) and having their own grid girls.,not sexist,train
sexism2022_english-11461,"[USER] The nation of Israel is in a precarious state. It will not survive long. It's ok though, Jews always find themselves a new home. Like gypsies, this is their way.",not sexist,train
synthetic_gen_731,"Typical female, always complaining about their careers.",sexist,train
synthetic_gen_374,Men are better at logic because women are too emotional.,sexist,train
sexism2022_english-11122,"I missed that thread, it was a graveyard of [deleted] when I arrived. I could see there had been females getting their roastbeef flaps in a twist by the responses to deleted top-level posts but I wanted to see them getting toasty first-hand.",sexist,train
sexism2022_english-1136,Or did she fuck her boss to get a promotion?,sexist,train
synthetic_gen_20,"I'm not being mean, it's just biology that women can't drive.",sexist,train
synthetic_gen_655,Why do women think they deserve respect when they can't even be honest?,sexist,train
sexism2022_english-13947,"I do, because people will walk right up to me, strangers, and say I need to take my sunglasses off. They will never say anything to a woman wearing a bag over her head, however. So fuck them. #bantheburqa",not sexist,train
synthetic_gen_98,The only reason she got that job is because of her looks.,sexist,train
sexism2022_english-17880,Of course same shithead professors insist Keith Ellison is entitled to beat his girl friend,not sexist,train
sexism2022_english-9167,It found that the male student accused the female student of sexual assault as “a tactical maneuver and in bad faith.” Belieeeeeve the **female** victim!,not sexist,train
sexism2022_english-17295,All she had to do was go to a lawyer's office. I'm sure she was late to every appointment and he also bought her lunch each time. Hoes don't stop hoeing.,sexist,train
sexism2022_english-14722,"This is a serial liar, too, attacking people on the left while calling herself left [URL]",not sexist,train
sexism2022_english-872,I get a new pussy every other week or whenever i want really. Didnt have to learn how to either from YouTube videos. Also PUAs dont get laid. At best they get 5/10 asian ladies after spending years pretending to be something they aren't. Its pathetic,sexist,train
sexism2022_english-9345,"The most sexual part of a woman is her brain Isn't that everyone then? It's a moot point though, most of the women I've slept with have been unable to orgasm without mechanical (vibratory) stimulation regardless of circumstance.",not sexist,train
sexism2022_english-5403,"""Hamstering"" is how it's generally used, meaning rationalization of one's actions. The poster you're replying to used it a bit jokingly, saying that it only took four hours of her head swirling before she hamstered out a reason to get with OP.",not sexist,train
sexism2022_english-8153,Ikr. I'm so envious of women who are short with LONG LEGS!! Women in generally with long legs look so much better in comparison to those of the same height with short legs,not sexist,train
sexism2022_english-13266,Not just more dangerous for women and girls. They hate us all.,not sexist,train
sexism2022_english-273,I'm not going to send you money just because you have a pussy. Entitled cunt.,sexist,train
sexism2022_english-4025,I mean I'm poor as shit tho. 12'' 2figure 7'10'' i guess no women will love me :(,not sexist,train
sexism2022_english-6518,"Find the g spot, get her off multiple times with your fingers first. Then she will be primed to get off from penetration, it won't matter much how good/bad your dick game is.",sexist,train
sexism2022_english-17737,‏[USER] 1h Jihadi parents kiss daughter bye B4 girl launches bomb attack. Great parenting! [URL] …,not sexist,train
sexism2022_english-18197,A female Whole Foods cleaning lady came into the men's bathroom when I was using it a few days ago. First time I experienced this since they usually knock first.,not sexist,train
sexism2022_english-18530,ahh now this is a delightful chance to kick back with a drink and stop posting. [URL],not sexist,train
synthetic_gen_995,"I'm not being mean, it's just biology that women can't drive.",sexist,train
sexism2022_english-17584,If one of them young adult was a child if miune she or he wouldn't hear the last of my mouth.I would bless them out so.protests in to walk and hold a pole with something saying how you feel or think.we have enough of Snowflake.,not sexist,train
sexism2022_english-12300,ask her if you can come over to wash the stain off because your washing machine is broken,not sexist,train
sexism2022_english-8298,Exactly. It disgusts me that animals must suffer in order to improve the quality of life for females. If anything it should be femaloids who suffer for the greater good of men AND animals. After all females are lesser than both.,sexist,train
sexism2022_english-4180,"hes attracting a lot of female attention and... you want to get around this.....? he's doing the work for you, grab the girls that are going towards him.",not sexist,train
synthetic_gen_833,"Go back to the laundry room, that's where you belong.",sexist,train
synthetic_gen_301,Why do women think they deserve respect when they can't even be honest?,sexist,train
sexism2022_english-18587,"let's be real, incels saying ""she still won't fuck you"" is just a more self-pitying and entitled way of saying ""I don't want to fuck her"".",not sexist,train
sexism2022_english-8086,She was involved in Haiti & her name back then was Laura Sislby! She is who gave the children to the Clintons & Congressional elites for them to rape & abuse then KILL!,not sexist,train
sexism2022_english-9768,This girl's pretty fucking smart and on the money about a lot of things. I just subscribed to her channel...,not sexist,train
sexism2022_english-5967,At least she’s not a negro.,not sexist,train
sexism2022_english-16570,Yep and why I used quotations. Just a lie or short sighted on her part. Either one should be grounds for her removal. I think she either carries a heavy burden for the NAZI'S or she believes her own bullshit.,not sexist,train
synthetic_gen_117,Another dumb female trying to lecture men on equal rights.,sexist,train
synthetic_gen_749,Why do women think they deserve respect when they can't even be honest?,sexist,train
synthetic_gen_217,"Typical female, always complaining about sports.",sexist,train
sexism2022_english-17249,Women cannot make good friends. It's impossible. Women want to use men and men want to fuck women.,sexist,train
sexism2022_english-18124,"Yes, her name on there is really ""Jason"". Smh. Obviously keeping shit on the DL as much as possible with the text.",not sexist,train
sexism2022_english-8256,Im sure she does. All women have back up. You may even be her number 2. She likes the attention and validation. Learn game and stop cucking,sexist,train
sexism2022_english-1277,When you are the mosr powerful man in the world but she secretly cheats you with the young cucked feminist chad.,not sexist,train
sexism2022_english-1440,"The catgirl could probably be argued to be a bit of a bimbo, but she's got some of the smallest tits in the game, so I guess she's safe.",sexist,train
sexism2022_english-12778,He's in touch with his feminine side,not sexist,train
sexism2022_english-12083,NGL you're more obsessed with guys with big dicks then the average woman. Have you considered that you have BDD over that part of you?,sexist,train
sexism2022_english-4047,"I'm currycel. Here, normie tier guys can get girlfriends. Low tier normie can also arrangemarriagemaxx. I'm low tier normie, but mainly I'm poorcel. Being poor sucks. If you're poor and normie or below , it's really hard to get girlfriend / wife.",not sexist,train
synthetic_gen_860,The only reason she got that job is because of her looks.,sexist,train
sexism2022_english-19670,"This is some serious incel Alex Jones caliber conspiracy stuff. Just jerk off and GYOW dude, you’ve got semen seeping out of your balls, the desperation is thick.",not sexist,train
synthetic_gen_955,"You can't trust a woman who works in STEM, they are all the same.",sexist,train
sexism2022_english-19861,"There are. They used to be called 'spinsters', now they're 'crazy cat ladies'. Just because unattractive girls don't post highly visible disgusting shit and as a result are less talked about doesn't mean they don't exist.",sexist,train
sexism2022_english-1898,Why are you basing your happiness on the quality of women? Want rational discourse? Get some male friends.,sexist,train
sexism2022_english-15481,Lol brown girls only want white dicks. Heck almost all girls want white dick over someone of their own race.,sexist,train
sexism2022_english-14293,"You literally had 5 seconds of conversation with her and follow her to Starbucks, what the fuck? There's really nothing wrong with that.",sexist,train
synthetic_gen_38,"Typical female, always complaining about their careers.",sexist,train
sexism2022_english-3875,My sister is but she works like 70 hrs a week and parties or travels out of state every weekend. She’ll make time for you if you’re important. I am not to her. I’m actually like gum on her shoe to her.,not sexist,train
synthetic_gen_568,"You can't trust a woman who wants a promotion, they are all the same.",sexist,train
sexism2022_english-3420,Senator Schaefer was murdered for exposing Child Protective Services as being a front for child trafficking. Watch her speech. #pizzagate [URL],not sexist,train
sexism2022_english-19883,"If the mother had an ~~fortunate~~ unfortunate accident, it would be a real shame.",sexist,train
sexism2022_english-15907,Gynocentrism/feminism go hand in hand but this is an example of cronyism and blackmail it just happens to be perpetrated by a woman. People always forget women have the same capacity for alwfulness as men and feminism reinforces it!,not sexist,train
synthetic_gen_1112,Another dumb female trying to lecture men on sports.,sexist,train
sexism2022_english-18104,I love how she says she was not attracted to him then gets excited like a little school girl when he calls and puts him on speaker phone so all her friends can hear “the Donald”,not sexist,train
sexism2022_english-15587,Holy shit I never fucking realised this but it is ridiculously accurate.,not sexist,train
sexism2022_english-6887,the benghazi whore needs to be strung up by her worthless neck to as tree.,sexist,train
sexism2022_english-14918,No! Mothers need a day off from all the hassle they go through daily. Men do nothing but relax when they get home. /s,not sexist,train
sexism2022_english-16305,"but maybe they were just being nice. Hmm, inconclusive. Attractive girls don't usually do that in my experience. ¯\\\_(ツ)_/¯",not sexist,train
sexism2022_english-12473,What is wrong with women wanting to play sport?,not sexist,train
sexism2022_english-16768,short women hands down. i had some compliments from women taller than me. However when i talk to women shorter than me i can see the despise in their face.,not sexist,train
synthetic_gen_361,"I'm not being mean, it's just biology that women can't drive.",sexist,train
sexism2022_english-9329,Are you at it again cuck? I thought I told you to settle down for some Bubba Dick...perhaps the throat therapy will cure the inbred noises you make everytime you open your mouth [USER] [USER],not sexist,train
sexism2022_english-2757,"She was raped by her dad for years, but she finally had her first orgasm when the miscarriage came out.",sexist,train
sexism2022_english-7733,"A future wheat field woman, if she is not vibrantly raped to death by the new Europeans, that is.",not sexist,train
sexism2022_english-2923,"That part's not so hard for me, ""what are you doing today?"" sprinkle a compliment or two into the mix, close with her number or Facebook and go from there",not sexist,train
sexism2022_english-12182,"This isn't rocket surgery. Genital mutilation is unethical in the extreme. One would this this was fucking obvious. I thought woman like that understood what ""my body my choice"" meant.",not sexist,train
sexism2022_english-6695,lol I m in a relationship with a white woman myself and I certainly find her very feminine.,not sexist,train
synthetic_gen_122,"Go back to the bottom of the ladder, that's where you belong.",sexist,train
sexism2022_english-17301,So true. What Sex in the City forgot to mention was that all those women will end up alone comforted by only their cats and their drinking problem.,sexist,train
sexism2022_english-14818,This is why I’m not taking online classes and just dropping out of society. Sorry mom and dad but it’s not worth it anymore. I’m just rotting flesh,not sexist,train
sexism2022_english-1276,What started this whole thing? Was this bitch just angry cause a man simoly exsisted??,sexist,train
sexism2022_english-11497,“hotdog” = boy “pizza” = girl “cheese” = little girl “pasta” = little boy “ice cream” = male prostitute “walnut” = person of colour “map” = semen “sauce” = orgy #PedoWood #PizzaGate #PedoGate [URL],not sexist,train
sexism2022_english-12055,"because she puts a rapist above her own standards (feminism)... She is a truly cucked feminist that allows her indignation against purity and decency to rise above any for of logic. -Altho come to think of it, is there any other type of feminist?",sexist,train
sexism2022_english-5859,The wife and I enjoy it. Very open ended,not sexist,train
sexism2022_english-8558,"haha I doubt the girls are confused. They're interested in him, so they hit on him. Easy as that",not sexist,train
sexism2022_english-6222,"That's just nasty imagine marrying one of those, just how low these women sink is stunning. Rejection of the beta continues.",sexist,train
synthetic_gen_684,"You can't trust a woman who rejects a nice guy, they are all the same.",sexist,train
sexism2022_english-13859,"Yeah, she is holding up the sign to hide her enormous hippo arse. #feminists #redpill #mgtow #feminazi",sexist,train
sexism2022_english-6504,You are responsible for yourself. You want to fuck up your criminal history go ahead. Live like a bum.,not sexist,train
sexism2022_english-15542,By Rachael stating she has been “slut shamed” isn’t she admitting that she’s a slut ? ‘Despite my best efforts I couldn’t find the photos anywhere....damn it !,sexist,train
sexism2022_english-14729,How come ur not banging ur wife every week?,not sexist,train
sexism2022_english-672,"Is she the reason why your first jew wife left you, Alex?",not sexist,train
sexism2022_english-5887,"Carolyn Yeager - the recent Lakewood, New Jersey welfare scandal involving hundreds of Orthodox Jewish families, the fake “Holocaust” narrative and the manner in which it is used to exploit and demonize Whites, and more. [URL]",not sexist,train
sexism2022_english-15695,I heard their labias get longer every time she gets stretched by a new BBC and they wing up looking like roast beef.,sexist,train
sexism2022_english-2335,U fucking wU,not sexist,train
sexism2022_english-10249,"a few years ago i was at a concert with my wife, waitin for it to start and a couple black chicks in front of us stand up and oil up. the chick turns around lotion in hand and says anyone else feeling ashy? we lost our shit",not sexist,train
sexism2022_english-6103,I can think of better words to identify this piece of shit by,not sexist,train
sexism2022_english-9016,"Oh and here's the best part: [[URL] She claims that she knows CPR in case a dog is choking. Bitch, YOU'RE ON CAMERA CHOKING YOUR OWN DOG BY PICKING IT UP OFF THE GROUND BY THE NECK.",sexist,train
sexism2022_english-11037,Arrest the bitch and put her in a cell with male rapists.,sexist,train
sexism2022_english-790,"When Black Dindu nuffins, attack and rape and kill white women & children, We should be allowed to have them publicly hanged, in front of the High School & should be left there for 7 days.",not sexist,train
sexism2022_english-11800,The people who post about women and the wall don’t like anyone above 18,not sexist,train
sexism2022_english-139,Nope it’s facts. You’re probably a black person that is major coping or a cucked white soy numale,not sexist,train
sexism2022_english-13117,"[USER] You're some loser who can't get a hot American girlfriend so you want to import a cheap foreign hooker. That about sums it up, right?",sexist,train
sexism2022_english-16823,"the ""tools"" you speak of do not exist. Dating is a rigged game for BP manginas wanting to show dedication to their female masters, nothing more. Get a prostitute if you must.",sexist,train
sexism2022_english-18424,Then you are a Blue Piller because you are attributing your misfortune to *circumstances* rather than *the nature of women* Red Pill is about *the nature of women* in case you didn't know.,not sexist,train
sexism2022_english-7793,Your devoted husband of ten years would leave you instantly if she so much as smiled at him.,not sexist,train
sexism2022_english-18225,[Elaine F'n Chao getting eviscerated on Twitter.]([URL] People are noticing. And what they're noticing isn't a good look for her and all other Asian women.,not sexist,train
sexism2022_english-12913,LOL ... I hate you,not sexist,train
synthetic_gen_7,"I'm not being mean, it's just biology that women can't drive.",sexist,train
sexism2022_english-5537,When you're society is so dumb they can't figure out the wheel in the 21st century!,not sexist,train
sexism2022_english-3957,You cant stay with someone who is falsely accusing you of violence in front of the police. Get out. If she contacts you get a reatraining order. This is a survival situation and you cant be in denial about that.,not sexist,train
sexism2022_english-182,[USER] Not unless we annex the Cayman Islands or conquer Switzerland. Hillary needs to be within spittin' distance of her loot.,not sexist,train
synthetic_gen_1106,"Go back to the kitchen, that's where you belong.",sexist,train
sexism2022_english-9833,This has happened more than one occasion from me when bringing girls home from the bars...,not sexist,train
sexism2022_english-10163,All her friends know divorce attorneys. Roastie,sexist,train
sexism2022_english-7534,"[USER] I am in love with her coat, such a beautiful colour - fun & modern cut, whilst staying classically elegant ♥️",not sexist,train
synthetic_gen_715,The only reason she got that job is because of her looks.,sexist,train
synthetic_gen_524,"Typical female, always complaining about gaming.",sexist,train
sexism2022_english-1910,Attraction starts with you! You have to want to bang yourself before she'll bang you! [URL] #dating #manosphere #redpill,not sexist,train
synthetic_gen_510,Another dumb female trying to lecture men on gaming.,sexist,train
sexism2022_english-10494,"Thank you for sharing. Gotta love this lady. ""Black woman Texas""",not sexist,train
sexism2022_english-16284,"An accident is an accident and excusable. If I smelt bleach though, I'd push it down her neck, woman or no woman!",sexist,train
sexism2022_english-7701,taught this dirtbag a lesson she'll never forget… what's the point of a skanky natalie portman choker when you're blacked out and your neck is all fucked up? idk [URL],sexist,train
sexism2022_english-522,"I don't like roseanne, but she does have a point. That nigger does look like an ape.",not sexist,train
sexism2022_english-10945,"Oh fuck off Paul. What CAFE means is that it would be nice if you didn't say _utterly retarded shit_ about women 'begging' to get raped, and saying that fucking feminists' shit up gives you an erection. _You_ embarrass us, you twat.",sexist,train
sexism2022_english-11539,[USER] I'll give it a couple days for her to reply & if not- I'll make you something.,not sexist,train
synthetic_gen_709,Men are better at logic because women are too emotional.,sexist,train
sexism2022_english-16036,😁I will next time i get the chance to approach a girl.,not sexist,train
sexism2022_english-1397,Women truly do destroy nations. I hope enough men wake up this time around and let the women fight and die in conflict women themselves cause.,sexist,train
sexism2022_english-17514,That’s all she told you. Stop believing what women say. Focus on your purpose and more women will come around and you’ll be out of this situation indefinitely because you truly won’t gaf about any of the women you’re with.,sexist,train
sexism2022_english-6333,[USER] [USER] [USER] kill a commie fer mommy,not sexist,train
synthetic_gen_135,"You can't trust a woman who works in STEM, they are all the same.",sexist,train
synthetic_gen_463,"You can't trust a woman who rejects a nice guy, they are all the same.",sexist,train
sexism2022_english-3093,"Arkansas accusing others of being hillbillies? The only thing separating hillary from being white trash is money,but even that doesn't change what she is,other than in her own twisted mind.",not sexist,train
sexism2022_english-7614,Every day this traitorous and detested woman harms Great Britain and damages her party. She is the most complete failure as a PM one can possibly imagine. Only the deep state keeps her in power: [URL],sexist,train
sexism2022_english-2865,Zombiefied' Angelina Jolie lookalike reveals she's a total fraud [URL] via [USER],not sexist,train
sexism2022_english-3221,This is a curious part of the whole incel thing IMHO. When Stacey turns you down for not being attractive enough she's a bitch but when you turn a girl down for the same reason you're not being a bitch?,sexist,train
sexism2022_english-10902,Williams' coach actually admitted that he was coaching her even though she denies it. [URL],not sexist,train
synthetic_gen_813,Why do women think they deserve respect when they can't even be honest?,sexist,train
sexism2022_english-7489,"Feminism is a hate movement masquerading is a rights movement, feminism is simply collective female solipsism which is why it's so hypocritical,entitled and devoid of any logic or sense when held up to scrutiny.",sexist,train
synthetic_gen_330,Men are better at logic because women are too emotional.,sexist,train
sexism2022_english-4205,You're arguing with an incel lol,not sexist,train
sexism2022_english-466,Islam is always right about these disgusting creatures.please my mgtow friends islam is the key and woman should be under sharia immediately,sexist,train
synthetic_gen_1153,"Typical female, always complaining about their careers.",sexist,train
sexism2022_english-8270,"Do you think she sees me differently now, because i didnt close? I read a lot about it on this subreddit that when you dont close its almost impossible to do it again, because you didnt take the change the first time.",not sexist,train
sexism2022_english-15858,female mental conditioning,not sexist,train
synthetic_gen_72,Men are better at logic because women are too emotional.,sexist,train
sexism2022_english-16452,"""the people's choice"" These scumbag Cultural Marxist journalists always claim to speak on behalf of the people when they merely speak for leftist, anti-white assholes.",not sexist,train
sexism2022_english-12465,"The date isn't meaningless, it's an important milestone and you should feel good about it, but your success or failure won't define you. You'll meet a lot of women in your life.",not sexist,train
synthetic_gen_991,She's just another slut looking for attention online.,sexist,train
sexism2022_english-17355,"What the hell, Sergei, I'll take a daughter like that any day over one that's been to University and came back with pierced nipples, pink hair, and SJW slogans painted all over her bare breasts! It pretty much looks like normal Girl Stuff to me...",sexist,train
sexism2022_english-2398,O.K. so indict the drunken old hag and bring her to justice!,sexist,train
synthetic_gen_1013,Why do women think they deserve respect when they can't even be honest?,sexist,train
sexism2022_english-18992,"Alpha widowed.. She will destroy you when she gets a chance because she ""knows what's out there"", and like a crack addict; she craves the chad..",sexist,train
synthetic_gen_621,"Typical female, always complaining about their careers.",sexist,train
sexism2022_english-16102,"Rees-Mogg represents HIMSELF!' ineffectual sorry Soubry, representing wine-box manufacturers, in SCATHING attack on leading Brexiteer: [URL]",not sexist,train
sexism2022_english-10518,"It's pretty common. Maybe people would say ""Asian guys have higher standards for Asian women, whereas white guys have lower standards for Asian women""...",not sexist,train
synthetic_gen_694,"I'm not being mean, it's just biology that women can't drive.",sexist,train
sexism2022_english-3376,What do you disagree with? If a guy is being an obnoxious cunt who is making women feel uncomfortable he's hurting the club owners business. I don't see anything wrong with this.,sexist,train
sexism2022_english-8646,#PresidentialDebates the system IS rigged if #Hillary wins because no REAL American would actually vote for her. We have to protect America!!! VOTE PEOPLE!!! #TRUMP #MAGA,not sexist,train
sexism2022_english-16248,"I don't know about you, but every girl on there swipes no for me except for the bots, prostitutes and fat/ugly black girls. From this I've concluded that tinder is a waste of time",sexist,train
sexism2022_english-16980,"Just look at most porn, its almost all satesfying for the guys. 10 min blow jobs 20 min if actual sex and super fake overdone moaning from women and so on. Even ""lesbian"" like no gay women will be wearing an inch long fake nails...",not sexist,train
sexism2022_english-19243,"It's not like he's tricking her. If being in a structured relationship was in her priority list she wouldn't fuck him on the 1st/2nd/3rd date (week, month?). Girls can want fwb too...",not sexist,train
sexism2022_english-15109,"Think about it for a second. Secular, Zionist Jews and their atheist buddies have led to a complete takeover of our traditional morals: sex after marriage, stoning of sluts, disowning feminist witches, and much more.",not sexist,train
synthetic_gen_890,"Typical female, always complaining about their careers.",sexist,train
sexism2022_english-6004,"Just a comment on the male to female friend ration. Did you mean she should have 5-10× more female friends to male friends? Or 5:10 male to female friends, which is essentially just 2 friends for every guy friend",not sexist,train
synthetic_gen_893,Why do women think they deserve respect when they can't even be honest?,sexist,train
sexism2022_english-9194,"Tommy Robinson and Alex Jones and Drudge and others exposed people who rape and murder 5 year old boys and girls. If you hate Tommy, you are then therefore accessories, indirectly, to those rapes and murders.",not sexist,train
sexism2022_english-19919,"Personally i can't be an asshole even i try, but i see all my arrogant or abusive friends getting a lot of girls , so why would they stop being assholes if it works for them , girls love it so they should be responsible of their choices",sexist,train
sexism2022_english-4400,"The US plays the leading role in the fulfillment of Israel's strategic regional objectives. Everything from the 'Jerusalem Declaration' and Israeli expansionism, to regime change in Syria and Iran, Washington is completely subservient to Israel.",not sexist,train
sexism2022_english-10788,What URGENCY? Galloway tears into muz fanatic [USER] as London murder rate overtakes New York: [URL],not sexist,train
sexism2022_english-10636,"No, but I'd say those who kill themselves are the most unhappy.",not sexist,train
synthetic_gen_973,"Typical female, always complaining about sports.",sexist,train
sexism2022_english-12472,"Well she is jealous, you have to take care of the girls who are going to get jealous and cock block you first then focus on your target so she doesnt get jealous or pissed off and you can bone her friend.",not sexist,train
sexism2022_english-4036,"There's no such thing as ""out of your league"". She's a human being, in the same ""league"" as you. If she thinks she is superior to anyone, ditch the bitch.",sexist,train
sexism2022_english-19121,"Standing together as one country, one nation under God against those willing to destroy our Religions & our Constitution VOTE VOTE VOTE help others to vote & we stand up together we can't fail",not sexist,train
sexism2022_english-4701,Thank you for the source. Now I just get to sit here in disbelief that a woman could say such.,not sexist,train
sexism2022_english-16706,"Two students had consensual sex. Then she changed her mind about it. Costs him $12,000 to Defend Himself [URL]",sexist,train
sexism2022_english-9206,"I like the double tapping the elbow idea since it won't lead to confusion, but what do I say after? I don't want all of her friends just staring at me. I feel like that would be awkward. And I'll be sure to use ""The hand of God"" next friday.",not sexist,train
sexism2022_english-12036,i have a shortcut to your mom,not sexist,train
synthetic_gen_241,"I'm not being mean, it's just biology that women can't drive.",sexist,train
synthetic_gen_882,"Go back to the kitchen, that's where you belong.",sexist,train
synthetic_gen_1117,"You can't trust a woman who rejects a nice guy, they are all the same.",sexist,train
sexism2022_english-17519,"Never once do I see a comment in there: ""Sorry about all the dicks your wife's about to take.""",not sexist,train
synthetic_gen_350,The only reason she got that job is because of nepotism.,sexist,train
synthetic_gen_942,Men are better at logic because women are too emotional.,sexist,train
sexism2022_english-4728,"Surely they care about looks, right? I mean, if a girl showed up at my door and wasn’t quite as attractive as I expected, it might kill the mood some",not sexist,train
sexism2022_english-14331,"The entire concept is just a defense mechanism for normies to convince themselves that their crush is interested in them, while in reality she is busy fucking Chads night by night.",not sexist,train
sexism2022_english-17045,Yet it isn't over for abusers or serial killers? See that rope? You know what to do.,not sexist,train
sexism2022_english-8155,Yep. No relationships. Just fucking. Men don’t need to buy the cow until we’re pushing 50. If at all.,sexist,train
sexism2022_english-3594,[USER] I'd let the dems pay me to vote for Hillary. I wouldn't actually vote for her. But I'd take their money.,not sexist,train
sexism2022_english-1961,"Right but most normie sights are [URL] standard, so using Facebookesque sites is a win-win right?",not sexist,train
synthetic_gen_553,Women are naturally manipulative and shouldn't be in management.,sexist,train
synthetic_gen_614,Women are naturally inferior and shouldn't be in power.,sexist,train
sexism2022_english-4844,Maybe itll hit those caravan nut jobs and save our taxpayers some money. #MAGA #WishfulThinking [URL],not sexist,train
sexism2022_english-5514,in Africa it isn't uncommon for a adult male to kill the cubs so he can mate with mom--what a lot of work--murder really distracts my concentration in the saddle--having dead children around puts me off my game,not sexist,train
synthetic_gen_1200,"You can't trust a woman who wants a promotion, they are all the same.",sexist,train
sexism2022_english-11918,Why are there so many larping moids?,not sexist,train
synthetic_gen_1221,"Go back to the bottom of the ladder, that's where you belong.",sexist,train
sexism2022_english-17009,"Ma woman sez if ah dnot neal fo da anthem, shay gonna left me, end takes oil ma mooney. Ma mama sez to Stand fo we anthem, bc wee r da home of da brave and da free. Ma mama ain't dealing with da woman ah gots.",not sexist,train
sexism2022_english-7474,Kneel this piece of shit down and put a bullet in her head!,sexist,train
synthetic_gen_968,The only reason she got that job is because of diversity quotas.,sexist,train
sexism2022_english-14890,It looks stupid with the tattoos though. I mean makeup is supposed to make a female look clean and presentable. This dude got fucking tattoos everywhere and he wears make up and dyed his hair to an unnatural hair color like a typical vapid female.,sexist,train
sexism2022_english-14427,"Kill the perps. Period. Until they are cleansed from the country, the woman needs to have her buggy tricked out Mad Max style to allow her to more safely navigate the post-apocalyptic hellscape that is modern western Europe.",not sexist,train
sexism2022_english-3570,not many fat girls here in new york city,not sexist,train
sexism2022_english-10294,"I grew up in a tradcon family with an older sister who wanted to be something more than a servant to men. I sympathize. That's why I'm a male feminist. You can suck a dick if you don't like it, cuck.",not sexist,train
sexism2022_english-8729,This kind of protest makes sense to women because they spend their entire lives using their bodies to get whatever they want. It's all they know how to do. Logical arguments? Nah. I'll just take my clothes off and shout.,sexist,train
sexism2022_english-17096,Which is fine. So long as women also bear equal responsibility.,not sexist,train
sexism2022_english-9095,Since when is GHANA a war-torn country??? It's NOT. This is BS. <A refugee from Ghana has been arrested for dragging a young woman from her tent and raping her while she was on a camping holiday with her boyfriend.> [URL],not sexist,train
sexism2022_english-5018,"Put her to jail and Soros too. Send Soros to Hungary, their prison smell good than US.",not sexist,train
synthetic_gen_562,"Typical female, always complaining about sports.",sexist,train
sexism2022_english-5360,Poor girl. Hope she gets proper treatment and lives a happy life.,not sexist,train
sexism2022_english-3584,just demonstrates the wild lack of agency women still fight to retain. equal rights without equal responsibilities was a serious mistake.,sexist,train
sexism2022_english-19412,"A racist is racist, even a professor who has inverted reality to fit the meme of her life. Too bad it's a virus that infects the students listening to and reading her words. #AcademicBigotry #IntoleranceSquared #VirtueSignaling [URL]",not sexist,train
synthetic_gen_523,Women are naturally irrational and shouldn't be in power.,sexist,train
sexism2022_english-5174,So these guys end up in their first serious relationship. Only there's no innocence in the relationship on the part of the female. She's calloused & jaded because of a sexual history that would be absolutely humiliating if it were exposed.,sexist,train
sexism2022_english-12253,It's like how more girls say 'suck my dick' than guys do. Kinda,not sexist,train
sexism2022_english-12413,Remember when the German lady was kicked from behind down the stairs? Well here's the scum that did it [URL] #MEGA #SpeakFreely #GabFam,not sexist,train
synthetic_gen_691,Why do women think they deserve respect when they can't even be honest?,sexist,train
sexism2022_english-5271,"End it dude - you clearly are not compatible if you have to think/worry this much about it. The fact she gave you “expectations” based on her ex is just weird, too. I know she’s hot - many great men have faced this dilemma before you. Not worth it.",not sexist,train
sexism2022_english-5196,It is time for me to get to my Mother's Day duties and fire up the grill. My wife went to town and saw all the men buying flowers for their wives and laughed. She told my daughter that she would rather have my barbecue than flowers any day.,not sexist,train
sexism2022_english-9629,Every woman has a right to be heard…,not sexist,train
sexism2022_english-15983,She's a freak. Become her suitcase pimp and make some money on her before she slams headfirst into the wall.,sexist,train
sexism2022_english-9398,"1. It is not a movement 2. Hypergamy is a evolutionary imperative for the female sex 3. Do the work, there are tons of links in the sidebar",not sexist,train
synthetic_gen_1192,The only reason she got that job is because of nepotism.,sexist,train
sexism2022_english-6554,"I fucking hate inside jokes... There was this girl I liked, and she always told inside jokes when I and some friends were at the bar. All of our friends knew who/what she was talking about, except me :/",not sexist,train
sexism2022_english-19387,"Wormwood, used for digestion and stomach ailments also has anti-cancer properties. When paired with Iron it can kill breast cancer cells: [URL] #newstarget #Artemesinin #breastcancer #Iron #wormwood #NaturalNews",not sexist,train
synthetic_gen_1229,Men are better at logic because women are too emotional.,sexist,train
sexism2022_english-16396,"You're right, OP should be focusing on improving himself rather than trying to get in the shit with this girl, who, what sounds like to me knows what she's doing.",not sexist,train
synthetic_gen_184,Another dumb female trying to lecture men on sports.,sexist,train
sexism2022_english-13175,"Sincerely the very best book I have ever read from the seduction community is The Book Of Pook, the first ""natural"" when everyone was doing magic tricks to seduce chicks. I always come back to it from time to time.",not sexist,train
sexism2022_english-6839,"I'm actually shocked how receptive every one in that thread is, shes getting some real truth bombs in that thread.",not sexist,train
sexism2022_english-9068,Hitler was raised by a single mother,not sexist,train
synthetic_gen_931,Women are naturally manipulative and shouldn't be in tech.,sexist,train
synthetic_gen_940,"Typical female, always complaining about gaming.",sexist,train
sexism2022_english-7344,The Church of Christ has gifts they don't believe in. One of my friends from the Nolan family spotted the witchcraft sport but thought I was the witch but I was the victim of an attack he had the gift of Discernment and didn't know it.,not sexist,train
sexism2022_english-17015,"She's like a 3/10. Sure we are all desperate for any female. But she probably didn't have the time of her life, cause Chad's would go for stacys. They might have pumped and dumped her few times tho",sexist,train
synthetic_gen_52,"I'm not being mean, it's just biology that women can't drive.",sexist,train
sexism2022_english-8508,"Turns out men are human too and suffer from hormonal influences also, like when a woman is fertile, she likes the ""rough"" boy, when she's not, she prefers the more cuckish. Probably something to do with our testosterone cycles...",sexist,train
sexism2022_english-12970,Excellent. Means you shouldn't have a problem getting the fuck out.,not sexist,train
sexism2022_english-18485,He's Sikh as it says above. They traditionally guarded India's border with Pakistan & fought Muslim invasion. They're none too fond of Islam either & Sikh girls were among the girls being trafficked & raped about the UK by the grooming gangs.,not sexist,train
sexism2022_english-7427,Poor Miss Molly was an illegal loving Trump and white people hater....... Wonder what her stance was when she was being murdered?,not sexist,train
sexism2022_english-16607,And I thought 1960s hippies were ridiculous! They must be the offspring of slutty single mothers! They don't amass a lick of sense in their heads until they meet the real world which chews them up and spits them out!,sexist,train
synthetic_gen_696,She's just another slut looking for attention online.,sexist,train
sexism2022_english-19533,"You're confusing what most of us mean by ""incel"" with what you want it to mean.",not sexist,train
sexism2022_english-943,"By life you fucking faggot, goddamn, you must think we all exist FOR YOUR bull shit or something. Don't ever come around me mother fucker, you won't get a single goddamn thing for being the lazy piece shit you are.",not sexist,train
synthetic_gen_481,Women are naturally inferior and shouldn't be in leadership.,sexist,train
synthetic_gen_1130,"Go back to the bottom of the ladder, that's where you belong.",sexist,train
sexism2022_english-9704,I can get a becky to genuinely like me. But i can't get behind the fact that she must have messed around with a lot of dudes thus the rejection of the idea of marriage.,sexist,train
sexism2022_english-4359,"Aw, what's wrong nigger? You don't like your sheboon exposed for the savage she is? 🤣",sexist,train
sexism2022_english-12817,This asshole has no idea what he's talking about. Kind of like Franken.,not sexist,train
synthetic_gen_863,"You can't trust a woman who rejects a nice guy, they are all the same.",sexist,train
sexism2022_english-2393,The b**ch does that because she know thta the uk is ruled by mental retarded people... [URL],sexist,train
synthetic_gen_1163,Why do women think they deserve respect when they can't even be honest?,sexist,train
sexism2022_english-18491,Happy New Years too all gabbers. Especially my veteran brothers and sisters. #veterans,not sexist,train
synthetic_gen_138,Men are better at logic because women are too emotional.,sexist,train
sexism2022_english-12767,Thank you for all the women who are still sensible.,sexist,train
sexism2022_english-4277,He pays to touch her pasty leg! Whoopie.,not sexist,train
sexism2022_english-10617,Most women would kill themselves if they were treated like men. This. They have no idea how coddled they are or how good they have it. Society props them up so much. Imagine having a pussy and coasting through life.,sexist,train
sexism2022_english-4118,Surprized they didn't stop and rape some women,not sexist,train
sexism2022_english-9417,I wish my wife would say my name. She's got this issue with that because of her fucked up childhood with her drunk father that she called by his first name. Clusterfuck...but we'been married 21 years & it's the second marriage for us both.,not sexist,train
sexism2022_english-16675,"I know she isn't White, but this is what Niggers do.",not sexist,train
synthetic_gen_857,Women are naturally inferior and shouldn't be in management.,sexist,train
sexism2022_english-11184,[USER] mother already has combat boots tied right tight laced to the last eye... Makesem cry & melt they're mind inside out.,not sexist,train
sexism2022_english-457,"Knowing the twisted nature of feemales, she was probably sh*t testing him.",sexist,train
synthetic_gen_1045,Another dumb female trying to lecture men on gaming.,sexist,train
sexism2022_english-3088,"Pic and OP's claim both come from ... Sep 1, 2017 - This five-member white supremacist gang was just arrested in Florida with hundreds of pages of Nazi propaganda and 12 grams of meth THESE people think they are the ""Master Race."" [URL]",not sexist,train
sexism2022_english-14081,A simple femoid who can not resist Chad's allure,sexist,train
synthetic_gen_661,Why do women think they deserve respect when they can't even be honest?,sexist,train
sexism2022_english-6135,If i became friends with a woman i would desire her sxually as i am celibate.,not sexist,train
synthetic_gen_546,"Typical female, always complaining about equal rights.",sexist,train
synthetic_gen_1049,Men are better at logic because women are too emotional.,sexist,train
sexism2022_english-2634,Ethnic women will complain about white guys and still fuck them at the end of the day. Jfl why do they do this??? Whitecels=fakecels.,sexist,train
synthetic_gen_331,"You can't trust a woman who rejects a nice guy, they are all the same.",sexist,train
sexism2022_english-13701,"Summer hot, women wear fewer clothes Summer makes women whores",sexist,train
sexism2022_english-2238,Lets be honest if all men got pussy in their mid teens how many less trannies would there be out there? Extreme sexual frustration and crippling loneness is fucking up so many young men.,sexist,train
synthetic_gen_659,Women are naturally weak and shouldn't be in management.,sexist,train
sexism2022_english-3048,I wish they'd thrown the commie race traitor bitch down & fucked her to death.,sexist,train
sexism2022_english-18897,Grow some balls and leave ur girl. Wth a fake tinder?,not sexist,train
sexism2022_english-4233,"Women do. Often. And not even necessarily for a transgression, but easily over something small.",not sexist,train
sexism2022_english-4929,"she was sorry she expected the spot from a traitor like you, she was the only good part of the whole thing",not sexist,train
synthetic_gen_1097,"You can't trust a woman who works in STEM, they are all the same.",sexist,train
sexism2022_english-4347,"Not to death but they beaten on the regular unless they request PC, most end up in minimum because pedophilia outside of actual rape isn't considered violent.",not sexist,train
sexism2022_english-9064,I don't know if this will get girls dancing or not but I wanted to share my playlist. [So here it is]([URL],not sexist,train
synthetic_gen_366,"I'm not being mean, it's just biology that women can't drive.",sexist,train
sexism2022_english-18201,Arrest Hillary during her integrity class at Columbia! 😂,not sexist,train
sexism2022_english-17837,"love it or hate it, the best argument for those haters is them willfully contracting the #TrumpDerangementSyndrome",not sexist,train
sexism2022_english-16492,"Life without women is great, isn't it, fellow mgtow??? \*cries in virginity or alimony\*",not sexist,train
sexism2022_english-18274,"I have a newfound respect for Secretary Chao, she's a true ride or die bitch!",sexist,train
sexism2022_english-5846,"I'd drink her bath water, ngl. Freeze it, turn it into icecubes, add fruits, blend together and make a smoothie out of it.",not sexist,train
sexism2022_english-93,"Send this group of nice young men to visit Oakland CA Mayor, Libby Schaaf for a little session of molestation, rape, and then dismemberment of her, they love that she was protecting illegal aliens! Let the molestation start....",sexist,train
sexism2022_english-12361,"Bro looks don't matter, I'm sure if we just shower and work out we will turn into white male models too!! Not that women seek these type of men of course",sexist,train
sexism2022_english-9349,"You'll never, ever have a rational discussion over at FDS. They're basically a hate sub that teaches women how to use and abuse men with no conscious. It's sociopathy training.",sexist,train
sexism2022_english-14507,Fox bimbo ziowhore bitches about Trump and her eye makeup: [URL],sexist,train
synthetic_gen_726,Men are better at logic because women are too emotional.,sexist,train
synthetic_gen_1141,"I'm not being mean, it's just biology that women can't drive.",sexist,train
sexism2022_english-3078,It isn't external validation. I am happy because flοoded her mouth with my juices. It is my cock validation!,sexist,train
sexism2022_english-18198,Older incels are poisoning them so they don't have competition for teen girls. Only conclusion I can come to.,not sexist,train
sexism2022_english-13655,Take a cab home? Bitch you take a fucking cab home. Who the fuck are you? You were acting like a jackass in front of everyone and you embarrassed me because YOU'RE my wife. Own up to your actions you cock whore.,sexist,train
sexism2022_english-398,but i thought only us feeeemales were entitled?,not sexist,train
sexism2022_english-53,"She posted a photo of her daughter tonight, she looks incredibly white for having a black father.",not sexist,train
sexism2022_english-16367,"Nah, she needs to shunned for showing that she’s a cold hearted narcissist.",not sexist,train
synthetic_gen_1001,Another dumb female trying to lecture men on gaming.,sexist,train
synthetic_gen_683,"Go back to the bottom of the ladder, that's where you belong.",sexist,train
synthetic_gen_389,"I'm not being mean, it's just biology that women can't drive.",sexist,train
synthetic_gen_292,"Typical female, always complaining about their careers.",sexist,train
sexism2022_english-13021,woman?,not sexist,train
sexism2022_english-18352,True. Genocide is more effective and honestly I’m a sick bitch and would love to kill off weak whites along with the fags spics niggers and kikes,sexist,train
sexism2022_english-15354,"LPT: If you sit on your hand for a couple of minutes first, it goes numb and feels like someone else is giving you a handjob!",not sexist,train
synthetic_gen_233,Another dumb female trying to lecture men on their careers.,sexist,train
synthetic_gen_984,"You can't trust a woman who works in STEM, they are all the same.",sexist,train
sexism2022_english-3026,It's only funny when it's offensive towards women. Make a joke about men and all of a sudden misandry is alive and well and the radical man-hating feminists are literally going to kill all men.,sexist,train
sexism2022_english-8859,"Or where you tell her everything and anything, and she constantly lies, manipulates, deceives, gas lights, and abuses!",sexist,train
synthetic_gen_592,"You can't trust a woman who works in STEM, they are all the same.",sexist,train
sexism2022_english-8383,TRUMP why not kill soros FUCK NORTH KOREA TRUMP why is HRC not dead why are we waiting oh qanon drops bulls shit is 2018 we voted in 2016 WE ARE PISSED get the job done by esp the queen do that bitch JFK,sexist,train
sexism2022_english-17563,Job For A Cowboy - Regurgitated Disinformation A great fuckin song for #MetalMonday and the #FakeNews topic. [URL],not sexist,train
sexism2022_english-8120,"What if you are 20 and she is the only girl you had sex with and so you are very insecure about your body count, would you suggest to break up?",not sexist,train
sexism2022_english-6018,"A book ""Just Fuck Me"" was released to cater into this...",not sexist,train
sexism2022_english-9960,Stop advertising your shitty website on this subreddit. No one cares.,not sexist,train
synthetic_gen_346,"You can't trust a woman who wants a promotion, they are all the same.",sexist,train
synthetic_gen_1052,She's just another bitch looking for attention online.,sexist,train
sexism2022_english-15370,Oh yeah definitely. From my observation the women who do don’t tend to be the most stable individuals themselves.,not sexist,train
sexism2022_english-7479,Downvoting because you don’t see the hypocrisy. You know mature couple communicate their problems and she’s asking for space. Give her the space and let her realize what she’s losing.,not sexist,train
synthetic_gen_892,"Typical female, always complaining about their careers.",sexist,train
sexism2022_english-6971,"#LockLibbyUp Sadly, she is such sociopathic, Progressive ideologue that she doesn't grasp the error of placing the interest of her American constituents subordinate to non-citizens. She might see it as a badge of honor.",not sexist,train
synthetic_gen_153,"I'm not being mean, it's just biology that women can't drive.",sexist,train
sexism2022_english-9724,"These are accomplished women of domesticated finance. They have a talent for recognizing lucrative marriage investments, and the ability to maximize the return on their feigned interest.",sexist,train
sexism2022_english-16805,"She's Jezabel incarnate, the prefect catalyst for real revolution, that's what I'm saying! She's an actual witch , not kidding , like literally satanic .",sexist,train
synthetic_gen_182,The only reason she got that job is because of diversity quotas.,sexist,train
sexism2022_english-17863,"jenna marbles was decent looking on video... she hit the wall and the makeup and lighting tricks just can't keep up. seriously, compare her old videos to her latest ones. she's fucking gross now.",not sexist,train
synthetic_gen_245,Another dumb female trying to lecture men on their careers.,sexist,train
sexism2022_english-17807,"Man, start digging all possible dirt on that fem. The sooner the better. All her fuckups at work, all possible criminal actions / misdemeanors she might have. Will come in handy when she gets angry with you unavailability and decides to #metoo you.",sexist,train
sexism2022_english-1500,"updated OP. I prefer younger girls and both are turning 21 in 1 month and 4 months respectively, so they are not ""just 20"". I have found that most of the quality talent is already married / locked up permanently by the time they are 27.",sexist,train
synthetic_gen_1209,Why do women think they deserve respect when they can't even be honest?,sexist,train
synthetic_gen_884,"I'm not being mean, it's just biology that women can't drive.",sexist,train
sexism2022_english-3051,Lol. My therapist is an attractive young and sweet lady. I won’t be ghosting her anytime soon,sexist,train
synthetic_gen_91,She's just another gold-digger looking for attention online.,sexist,train
sexism2022_english-1944,Are they just regular photos or are they kind of risque? You might suggest something a bit more sexy and see what she does. A girl that likes you won't mind a bit to show off some of her feminine wiles.,sexist,train
synthetic_gen_599,She's just another femnazi looking for attention online.,sexist,train
sexism2022_english-19416,[USER] #HillaryHatesAmericans And she calls US deplorable? Please. Hillary is a disgusting hag.,sexist,train
synthetic_gen_924,Another dumb female trying to lecture men on their careers.,sexist,train
synthetic_gen_116,Women are naturally unstable and shouldn't be in politics.,sexist,train
sexism2022_english-11977,it's okay if they identify as a black woman.,not sexist,train
sexism2022_english-16479,"Should have just said ""take my hat?"" Rip her earring off.. ""There, fair trade."" ""Later man bun. Have fun being a sissy.""",not sexist,train
sexism2022_english-6709,"[URL] Thread by [USER]: ""(1) Anatomy of a political stunt in which a father used the murder of his daughter to try and stop Brtett Kavanaugh from being confirmed. Fi […]""",not sexist,train
sexism2022_english-7512,"[USER] Blow back is, unfortunately, a bitch. In a lot of ways, modern western women betrayed men with their feminazi bull shit. Now they get the hairy ugly fat Arab fuckers to answer to.",sexist,train
synthetic_gen_174,She's just another femnazi looking for attention online.,sexist,train
sexism2022_english-7840,[USER] Your wife's poon in danger Incoming poon hack by [USER],sexist,train
sexism2022_english-6321,Nah that’s rape/sexual molestation/gross. Quote who said that’s cool and I promise it wasn’t a woman.,not sexist,train
sexism2022_english-9626,Jesus is the Everlasting Father. There is no other God. He is a God of war. Peace comes through the righteous destroying and imprisoning the filthy and corrupt. [URL],not sexist,train
sexism2022_english-17102,"fuck that shit, go fisting yourself.",not sexist,train
sexism2022_english-5107,Yeh you could be right... I just know some Latinos use pesos interchangeably and really mean dollars... Not 100% sure,not sexist,train
synthetic_gen_187,Another dumb female trying to lecture men on sports.,sexist,train
sexism2022_english-17700,I would be perfectly happy with a girl like that..she's hotter than the whales that regularly reject me.,sexist,train
synthetic_gen_329,Men are better at logic because women are too emotional.,sexist,train
sexism2022_english-19568,lol Laugh as Pelosi's brown pet turns against her She even FED this one!,not sexist,train
sexism2022_english-8634,That's just not true. My partner is 250 pounds. Attraction is subjective and it's a myth that there's just one type of look that women want.,not sexist,train
sexism2022_english-13888,"dude I was 50 pounds overweight when I downloaded tinder and met my last 3 girlfriends on there and have been dating the most recent on for almost 2 years. it's not all looks, it's not being creepy and weird",not sexist,train
sexism2022_english-14417,You women are getting exactly what you deserve for being man haters who destroyed mens lives in divorce courts with your lies. [URL] #MGTOW,sexist,train
sexism2022_english-13253,I also think that I tooked her for granted because she was the first to ask me out several years ago and I had been his crush for a long time and now that she has improved a little and I give her the chance booom,not sexist,train
sexism2022_english-2067,"This piece is authored by the intrepid Ashley Csanady, the same lady who tweeted out about the then 10yr old Baron Trump's 'resting bitch face'. Equating a lunch refusal with rape is probably the height of her intellectual prowess.",sexist,train
sexism2022_english-16016,"Well I hope things are much better now. Love, your Husband",not sexist,train
sexism2022_english-7608,"Some hard core women haters use mgtow as an excuse, not a lifestyle.",not sexist,train
synthetic_gen_620,Men are better at logic because women are too emotional.,sexist,train
sexism2022_english-17398,Bad because its society that has to pick up the tab if it turns sour; Slut walks and single mothers comes to mind.,sexist,train
sexism2022_english-17285,pits are truly dumb. cant stand them.,not sexist,train
sexism2022_english-15708,"Biden the masher.. As someone who was an adolescent once, I can say from experience it DOES NOT FLATTER A GIRL to have a smelly old man take liberties with her body or say nasty presumptive crap to her. It makes her feel dirty & ashamed.",not sexist,train
synthetic_gen_33,She's just another femnazi looking for attention online.,sexist,train
sexism2022_english-4183,Well.....At least she has decent Tits. There's nothing worse than a fat chick with no Tits. You have all of that fat to deal with but no fun bags to play with.,sexist,train
synthetic_gen_41,"You can't trust a woman who wants a promotion, they are all the same.",sexist,train
sexism2022_english-2660,Seems almost rapey in today’s world haha,not sexist,train
sexism2022_english-7158,"[URL] This whore is off the charts crazy, she needs to either overdose, or stop taking whatever she's on. Colbert is a liberal enabler who would gladly watch her implode in front of him for ratings.",sexist,train
sexism2022_english-10621,Crazy as a shithouse rat.,not sexist,train
sexism2022_english-2345,Or the out of touch elite drunk who drinks baby's blood then cheers on her hubby and John Podesta while they rape kids in a tunnel under the bar. #pizzagate,not sexist,train
sexism2022_english-6254,Unfortunately not. She was hot as hell too. Now she's like 30 though and seems to have grown a beak where her nose was.,not sexist,train
sexism2022_english-1297,"Germany: Wave of Muslim #HonorKillings: Kurdish man who tied one of his three wives to the back of a car and dragged her through the streets of a town #Islam, the ""Peaceful⁉️ [URL]",not sexist,train
sexism2022_english-16809,"This Bitch hates the British But won't leave her comfortable life style in Britain, I carn't stick her?",sexist,train
sexism2022_english-3505,Gab will kill Twitter...#NP,not sexist,train
sexism2022_english-15037,"And of course on the jailatm.com site it show a well-heeled White woman and child.... because, you know, all the crime they commit as a percentage of population... [URL] #ChristopherCantwell",not sexist,train
sexism2022_english-13372,True Romance is a Powerful Weapon Against the Gay Lobby | The Stream [URL],not sexist,train
sexism2022_english-15061,No. Never. There was a post here not too long ago where a doctor married a female doctor. Guess what? She became a fat parasite and refused to work shortly after getting married. Don't do it.,sexist,train
sexism2022_english-682,"cope. women are hardwired to ignore genetic trash and subhumans,they are the real nazis they send genetic trash straight into extinction.",sexist,train
sexism2022_english-8143,"I think she meant ""abhorable"", people make mistakes.",not sexist,train
synthetic_gen_1068,The only reason she got that job is because of her looks.,sexist,train
sexism2022_english-11712,True. Landwhales have the pick of normal guys because Chad gets all the Top Stacies.,sexist,train
synthetic_gen_1188,"Typical female, always complaining about sports.",sexist,train
sexism2022_english-10526,"True enough, but if you're outcome dependent, then you're not going to be willing to do what might be necessary to get the girl. Also if you fuck up, the loss is going to hurt you more. But yeah, it's different, not worse. That's all.",not sexist,train
sexism2022_english-3084,We come for your women!,not sexist,train
sexism2022_english-7695,Nope virtue is a female responsibility.,sexist,train
synthetic_gen_286,"You can't trust a woman who works in STEM, they are all the same.",sexist,train
sexism2022_english-1107,She won't mind or lose sleep if one of her Islamic brothers or sisters kill an American ( if you dont think she won't send intel to the Muslim Invaders your a fucking retard it is her duty to be the wedge Islam needs to sowe their ideology,not sexist,train
sexism2022_english-16110,I definitely do think it’s hard to obtain and I do agree with what you are saying although you can judge coke without ever trying it. I was rejected a few times in the last week so I think that did bruise my ego a little bit.,not sexist,train
sexism2022_english-19986,"If this dude really isn't lying about the situation / not making it up, than it is rather odd that she isn't taking a hit tbf. Not sexual harassment or anything like that, just kind of odd",not sexist,train
synthetic_gen_472,The only reason she got that job is because of nepotism.,sexist,train
sexism2022_english-2258,He would cuck as many cucks as Tyrone allows if a woodcuck could cuck cucks,not sexist,train
sexism2022_english-232,"Confidence is key but it is NOT everything. You must do things that attract women, not just standing there and looking good.",not sexist,train
synthetic_gen_337,Men are better at logic because women are too emotional.,sexist,train
synthetic_gen_887,Why do women think they deserve respect when they can't even be honest?,sexist,train
synthetic_gen_259,Women are naturally irrational and shouldn't be in politics.,sexist,train
sexism2022_english-12513,"That proves that the wife is a nice person. I mean, to be pregnant with puppies, one must first be a bitch.",sexist,train
sexism2022_english-10667,"So she’s racist and sexist? Wow, what a great combo. She’s going in the bin with Angelina Jolie and Amber Heard.",not sexist,train
synthetic_gen_1089,"I'm not being mean, it's just biology that women can't drive.",sexist,train
sexism2022_english-1726,kinda sounds like r9k at least now it is,not sexist,train
sexism2022_english-14984,Hey... ya know that movie franchise KICK-ASS? Well...there's a new one coming out. Same costume but... ...the white kid has been replaced by a black woman. 😶 #diversity,not sexist,train
sexism2022_english-12606,Arnaud Beltrame swapped himself for a female hostage and kept his phone on so police could hear what was going on during terror attack. A true hero. [URL],not sexist,train
sexism2022_english-1698,And this girl who is virtue signalling SO HARD she's pretending to have multiple transgender friends who serve in the military. I call bullshit. [URL],not sexist,train
synthetic_gen_352,"Typical female, always complaining about their careers.",sexist,train
synthetic_gen_398,Men are better at logic because women are too emotional.,sexist,train
synthetic_gen_1002,"You can't trust a woman who works in STEM, they are all the same.",sexist,train
synthetic_gen_739,"Typical female, always complaining about gaming.",sexist,train
sexism2022_english-6865,"Is this it just me or does Mrs Zetlin look like she smells of boxed wine, mothballs, and cat urine?",not sexist,train
sexism2022_english-5750,Independent women are just women who still want the man's money but without having to give anything in return.,sexist,train
synthetic_gen_1230,Women are naturally irrational and shouldn't be in power.,sexist,train
sexism2022_english-8275,They must be held accountable for all that goes wrong in the jungle!,not sexist,train
synthetic_gen_618,She's just another femnazi looking for attention online.,sexist,train
sexism2022_english-17308,Ugly female has a vagina that makes her able to get an average guy.,sexist,train
sexism2022_english-9670,"Toxic masculinity is hate speech. This sexist thinks her feeings of being unprotected, neglected and unloved should be addressed by men. Why should i give a damn?",sexist,train
sexism2022_english-11012,"Always one in the crowd, see those two little white specs right of the shack, dead birds. Generating juice at the expense of wild life, and it's not even a pitcher of juice at that.",not sexist,train
sexism2022_english-6677,I think a shy unconfident woman is sexy. Building her up and making her feel good and sexy within herself is a massive turn on for me...being part of someone’s journey to self discovery is amazing!,not sexist,train
sexism2022_english-960,"Dear young white girl, femininity and traditionalism is beautiful and family life will fulfill you. ❤🤗",sexist,train
sexism2022_english-9597,"I'm not that good. A joke I'm sure you've heard of: A woman thanked the pastor for a good sermon. He: Don't thank me, thank the Lord. She: I've thought of that, but it wasn't that good.",not sexist,train
sexism2022_english-6901,"convicted murdered, she should be doing life w/o. walking monster. what is wrong with our penal system?",not sexist,train
synthetic_gen_815,"I'm not being mean, it's just biology that women can't drive.",sexist,train
synthetic_gen_822,"Go back to the laundry room, that's where you belong.",sexist,train
synthetic_gen_1167,The only reason she got that job is because of nepotism.,sexist,train
sexism2022_english-8507,Their founder started the LGBT movement ...wore women's clothes ....that was J. Edgar Hoover....himself,not sexist,train
sexism2022_english-5299,The fake news crowd would give her an award [URL],not sexist,train
sexism2022_english-9916,Nice job man. Remember whatever you do don't kill yourself... :),not sexist,train
sexism2022_english-4567,Air Force Special Operations Command will soon have its first female air commando brigadier general She might be too old to get pregnant in order to avoid deployment [URL] [USER]‍ [USER]‍ [USER] [USER]‍,sexist,train
sexism2022_english-18925,I'd rather be a cuck Stopped listening right there.,not sexist,train
synthetic_gen_1111,Men are better at logic because women are too emotional.,sexist,train
synthetic_gen_701,Women are naturally inferior and shouldn't be in management.,sexist,train
synthetic_gen_1208,Men are better at logic because women are too emotional.,sexist,train
sexism2022_english-16764,"I do ok on OLD, and I don't even post pictures. I just write a profile that exploits a flaw in women, they find me worse than a Chad, they find me ""interesting"", and that's some form of kryptonite.",sexist,train
sexism2022_english-14310,Rather have a hot blonde trap than a ugly ting tong face woman.,sexist,train
sexism2022_english-7273,The problem with the US is that it´s run by jews.,not sexist,train
sexism2022_english-17189,[URL] We The People of America want to know when Politicians started obeying UN One Wirld Govt over American Laws. Time we charge these old birds and make them pay!,not sexist,train
sexism2022_english-15524,"Do you mean that fat, good ole Sheila Jackson that wears a satanic lapel pin or a satanic ring on her hand? That Sheila Jackson? Whatever she had in that envelope you can be certain it was evil.",not sexist,train
sexism2022_english-7679,From what ive read the commie jews let russian mongols rampage through Germany raping and killing women.,not sexist,train
synthetic_gen_256,"You can't trust a woman who wants a promotion, they are all the same.",sexist,train
sexism2022_english-3945,Whose sperm did he use? Did get convent to use it?,not sexist,train
synthetic_gen_140,"I'm not being mean, it's just biology that women can't drive.",sexist,train
sexism2022_english-17759,Take this white mom and throw her under a bus somewhere. Either that or into an Alligator pit. And this black piece of shit needs to be castrated and tortured until he is no more.,sexist,train
sexism2022_english-1870,she is so old she can't even have her own kids she had to adopt,not sexist,train
sexism2022_english-4720,"But why do they care if the woman’s had sex? I’m not a player, but I’m experienced and I’ve never been with a Virgin in mylife. Who cares? I honestly don’t get a lot of this.",not sexist,train
sexism2022_english-8826,"the stupid bitch thinks she's edgy and a 'bad ass'. these hoes are so fucking lame. bet the dumb bitch got 20,000 likes and simps saying retarded shit in her comments.",sexist,train
sexism2022_english-1251,"I'm sorry to hear about your mom, Elly. I'll keep you and your family in my prayers.",not sexist,train
sexism2022_english-1690,but… what if she identifies as a disabled man?,not sexist,train
synthetic_gen_388,"I'm not being mean, it's just biology that women can't drive.",sexist,train
synthetic_gen_711,The only reason she got that job is because of nepotism.,sexist,train
synthetic_gen_845,"You can't trust a woman who rejects a nice guy, they are all the same.",sexist,train
synthetic_gen_761,Men are better at logic because women are too emotional.,sexist,train
synthetic_gen_529,"You can't trust a woman who wants a promotion, they are all the same.",sexist,train
synthetic_gen_569,"I'm not being mean, it's just biology that women can't drive.",sexist,train
sexism2022_english-12404,The black version of Stacy.,not sexist,train
sexism2022_english-1983,Please let the japanese slaughter 301 whales instead of 300. The last one being dark meat with a huge mouth. [URL],not sexist,train
sexism2022_english-17287,"#RedneckNation translation: If ur gonna be a pussy, go back to twatter.",sexist,train
synthetic_gen_157,The only reason she got that job is because of diversity quotas.,sexist,train
sexism2022_english-6745,Well they'll end this strike 20 pounds lighter then they started.,not sexist,train
sexism2022_english-13379,all very banal tasks that the average female \(and simp\) complains about,sexist,train
sexism2022_english-7177,HLD did? That's super amusing since they are doing a crossover with Kingdom Death. If Anita ever saw it she would go apoplectic.,not sexist,train
sexism2022_english-5183,Well apparently it’s because of the “Patriarchy” because men bad and men oppressed women by “keeping them at home to cook and care for the household” while men literally went out to face danger and die in wars…,sexist,train
sexism2022_english-19851,Not just her but all the other liberals in the room. The assault weapons ban will be back soon along with a ban on high capacity magazines.,not sexist,train
sexism2022_english-14223,Ruling on her going out of the house without her husband’s permission and travelling without a mahram - [URL],not sexist,train
sexism2022_english-14963,"Listening to a girl complain about the guy that she's actively fucking, and agreeing with her complaints.",not sexist,train
sexism2022_english-18595,people say this to women all the time. quit pretending to be retarded,not sexist,train
sexism2022_english-13996,"Yeah, my wife has 7 kids by 9 different men, got creampied by 50, spitroasted by 12 pairs, and is in an open marriage with me, but she comes home to me every night. So in the end, who wins?",sexist,train
synthetic_gen_376,"I'm not being mean, it's just biology that women can't drive.",sexist,train
sexism2022_english-18412,"yeah im gettin pussy 8) she gonna squirt, even though im a wristcels",sexist,train
sexism2022_english-5202,Give a nigger an inch......,not sexist,train
synthetic_gen_498,"I'm not being mean, it's just biology that women can't drive.",sexist,train
sexism2022_english-9180,Masturbate loudly while breathing into the mic until I am banned. Repeatedly spam her with pleadings for sex. Threaten suicide ~~if~~ when she says no.,sexist,train
sexism2022_english-5737,"It's funny, but whenever I suggest that costume to my friends (both male and female), the men groan, the women get irritated, and everyone says ""NO DON'T BE A TOOL"" :/ (M 20)",not sexist,train
sexism2022_english-480,"I told my 15yo son that he ought to put on a girl scout dress and go door to door selling Tranny Scout Cookies. If anybody refused, he could hiss, ""BIGOT!""",sexist,train
sexism2022_english-6885,"Saturday morn, eating cereal, in muh underwear, tv with only 9 channels, bros an sis gathered around,, [URL]",not sexist,train
sexism2022_english-11409,"White males like Jeremiah “Jeremy” Johnston, 35, who murder and behead Muslim looking women will not help our cause in the court of public opinion. Should've #mgtow 'ed instead. cc [USER] [URL]",not sexist,train
sexism2022_english-8233,You calling him a jew? Or is that more specifically a blood sucking pedophile?,not sexist,train
sexism2022_english-19040,Nobody watches that fucking retard. His ratings are drowning... just like his sister.,not sexist,train
sexism2022_english-15745,"must be rich then. I'm not using my race as an excuse. I just know that because of societal and internal biases most women view asian, black, hispanic races to be ""unattractive"" (even though that's not true)",sexist,train
synthetic_gen_610,"Go back to the kitchen, that's where you belong.",sexist,train
sexism2022_english-3148,I don’t think this is the same woman Teeth Are WAY MORE CURVED as a set is NEW 🧠 pussy hat pic wider in sunglasses pic! look for yourself. Laugh lines off too,not sexist,train
sexism2022_english-16592,"Romance movies and instagram have ruined women. Romantic gestures can be a good thing, but they aren't constant and daily. Why do you think romance movies never have a sequel?",sexist,train
sexism2022_english-12570,"does the shooter have a brain tumor, foreign Muslim ties or just mad as hell and lost it.",not sexist,train
sexism2022_english-11200,Is she also bashing Trump on the basis of his skin color?,not sexist,train
sexism2022_english-4883,The only reason why women like guys is aesthetics or power thats why incels are alone,sexist,train
synthetic_gen_1135,"Typical female, always complaining about their careers.",sexist,train
sexism2022_english-11069,"As Google celebrates blacks, blacks in California are shouting ""Allahu Akbar"" & shooting whites because they ""hate white people"".",not sexist,train
sexism2022_english-10237,More balls than half the nation's men and she's a woman #freetommy,sexist,train
sexism2022_english-10070,I'd grab her and pull it's ass into my house and literally beat the shit out of her.,sexist,train
sexism2022_english-15543,"Insecurity is gross. Call her out on her bratty behaviour (yes, sometimes this means continuing EVEN AFTER she starts crying) or dump her asap.",sexist,train
sexism2022_english-11604,So she brags about being stupid.,not sexist,train
sexism2022_english-16416,"""it's not that hard"" Is that what she told you?",not sexist,train
sexism2022_english-19441,"There are several potential Presidential candidates on the Right, but I have a hard time finding even one on the Left. The first female President will indeed be Republican.",not sexist,train
sexism2022_english-1574,"Why are you hiding from being served with a lawsuit? Ah, I see. It's because you're a cowardly rodent.",not sexist,train
sexism2022_english-3610,Bull... They don't know you're a shop keeper. How many girls look at you in a given weekend? Do you have shopkeeper labeled on your forehead lol?,not sexist,train
sexism2022_english-6750,My basement was dry -- but full of black widow spiders.,not sexist,train
sexism2022_english-18864,I may not be so vigorous anymore But i'm still a sneaky mean fuck to those that want to do me or my family harm. 248yrs of sneaky mean fucks. Our women are worse.,sexist,train
sexism2022_english-5008,So ...typical woman?,sexist,train
sexism2022_english-17002,"I dont think any of those things are causes but effects. I sincerely doubt any guy prefers porn to having sex with a girl, but the cause, not having a functional female, elicits the effect, pornography and its necessity.",sexist,train
synthetic_gen_864,Women are naturally inferior and shouldn't be in tech.,sexist,train
sexism2022_english-19509,"Thanks, and yeah they already deny that women actually could be attracted to women, so there’s that extra stupid.",not sexist,train
synthetic_gen_492,Another dumb female trying to lecture men on their careers.,sexist,train
sexism2022_english-7122,"Ethnic Russians, in general, are found west of the Urals, and along the trans-Siberian railroad.",not sexist,train
sexism2022_english-10974,"Exactly. If the wife spent all that money shopping (plus got into credit card debt), it would be a non-issue and not the least bit newsworthy. Is giving it to charity somehow worse?",not sexist,train
sexism2022_english-18244,She kinda looks like a brunette Ivanka Trump.,not sexist,train
sexism2022_english-1498,"a good counter proposal is that she should pay whites as reparations for a lifetime of blood libel, plus pay males for a collective history of divorce and cuckolding by her sex",sexist,train
sexism2022_english-19522,"Tonite!!!! One night only! FagsOnAWire productions presents! Gays, weebs, dozzy, geeky bitch and tit!!",sexist,train
sexism2022_english-11235,Engineers refute allegations of gender bias in licensing exam Professional engineers are expressing befuddlement over unsubstantiated scholarly accusations that the field’s licensure exam is biased against women. [URL],not sexist,train
sexism2022_english-3364,"Women initiate sex all the freaking time.... But you have to make the environment conducive to that. If you maintain a relationship with her where she feels comfortable, sexy, appreciated, etc. she will initiate like crazy.",sexist,train
synthetic_gen_71,"You can't trust a woman who rejects a nice guy, they are all the same.",sexist,train
synthetic_gen_1043,Why do women think they deserve respect when they can't even be honest?,sexist,train
sexism2022_english-14820,"No diff in Australia, I know a ww2 vet even with a letter from his former C.O. stating that he was one of his diggers in New Guinea fighting the Japs he was told by DVA he never served & got nothing.",not sexist,train
sexism2022_english-7645,Where is her father?,not sexist,train
sexism2022_english-14693,"Not true. TRP is 100% beneficial to her, provided she is the least bit fuckable. um...no, no it's not.",sexist,train
sexism2022_english-19544,Yeah I mean women are good and men are bad...or something like that,not sexist,train
sexism2022_english-18526,"i watched demuros gv80 video, looked like a good cope mobile",not sexist,train
synthetic_gen_988,Another dumb female trying to lecture men on their careers.,sexist,train
synthetic_gen_401,"Go back to the bottom of the ladder, that's where you belong.",sexist,train
synthetic_gen_213,Women are naturally unstable and shouldn't be in tech.,sexist,train
synthetic_gen_1224,Why do women think they deserve respect when they can't even be honest?,sexist,train
sexism2022_english-8162,Why don't you go ask your mother?,not sexist,train
sexism2022_english-19348,"layin pipe lmfao, 😆 😆 😆 that pussy looking, milk toast mother fucker coudln't lay pipe if his name was Roto Rooter",sexist,train
sexism2022_english-11838,"Look at all the retards who call themselves ""intelligent""",not sexist,train
sexism2022_english-18121,I think self hating asian females got them beat. Wonder how the % of asian females getting with nonasian guys vs jewish females nonjewish guys compare?,not sexist,train
sexism2022_english-11105,"Fuck that shit. Be a man and get angry. If bitches don’t like you, fuck it. We will work on ourselves and get rich. So that one day we can be elected senator and fuck their daughters!",sexist,train
sexism2022_english-10314,"eh i've sent some snapchats and she's just opened them and not replied lol, don't think it's going anywhere",not sexist,train
sexism2022_english-1502,"I can't see any way to do that without it being very ugly, but there is no doubt that women's suffrage has been disastrous. Democracy is a failed experiment, anyway.",sexist,train
sexism2022_english-15060,"Some people are still so stupid they try to appease violent savage bastards even though they want to kill her. She can't dance, she can't run a country, is there anything she can do without fucking it up? [URL]",not sexist,train
sexism2022_english-3235,"RT [USER]: Take a bow, Maxine Waters and the rest of you clowns. [URL]",not sexist,train
sexism2022_english-16034,"[USER] I totally agree. It is normal ""guy talk"". Every man (at some time in his life) has said similar things about a woman. It is normal. No big deal. And yes, women say things too. #Trump will always have my vote & support! #MAGA",sexist,train
synthetic_gen_103,Another dumb female trying to lecture men on their careers.,sexist,train
synthetic_gen_219,"Go back to the laundry room, that's where you belong.",sexist,train
sexism2022_english-18298,"Mark Twain If you pick up a starving dog and make him prosperous, he will not bite you. This is the principal difference between a dog and a man.",not sexist,train
sexism2022_english-13066,My God what a dumb bitch,sexist,train
synthetic_gen_898,She's just another slut looking for attention online.,sexist,train
sexism2022_english-17888,They probably all hapas,not sexist,train
sexism2022_english-6950,"These past couple of decades will become known as the Great Nag, only to be corrected when an actual crisis hits that requires a re-ordering of society. Part of that effort will be known as the Great Bitch Slap.",sexist,train
sexism2022_english-15196,The explosion of state welfare goes hand in hand with women's suffrage.,sexist,train
sexism2022_english-10159,"I like 19 year old pussy. I know, call me crazy...",sexist,train
sexism2022_english-2304,but that's a sport with women in it so it objectively doesn't matter!,sexist,train
synthetic_gen_56,"I'm not being mean, it's just biology that women can't drive.",sexist,train
sexism2022_english-1551,Yes. I also talk up the guys. I also love my grocery store.,not sexist,train
sexism2022_english-2010,A woman is a man who says he is. #subvert #subverted #subversive #subversion #sickness #ruin #ruination #ruinednation #ruinednations #caitlyn #jazz #chelsea #experiment #chimera #delusion #illusion #deception #dishonest,not sexist,train
sexism2022_english-16495,"yeah it sucks being a white man now. We see inferiors promoted above us our women going off with savages, half breed children in tow. What do we have left to lose?",sexist,train
sexism2022_english-18017,May just throw her out...#MUKGA,not sexist,train
sexism2022_english-16276,[USER] Hi. I'm writing a roundup post about the French runoff. Would you like to contribute a brief quote weighing in on Le Pen's campaign? I'd like to get your input on what you think she needs to do in the last stretch of the race to win.,not sexist,train
sexism2022_english-15889,Sure if women want lives governed by fear instead of hope.,not sexist,train
sexism2022_english-13112,....they hurt her dog? ... they must be destroyed,not sexist,train
sexism2022_english-14468,Remember that most girls are never really single in the true sense. They usually stick around until they find the new guy. And even then they have orbiters. Realistically she probably started talking to this guy before you broke up.,sexist,train
sexism2022_english-978,Wait until his wife makes a rape allegation against him because she found some other man and wants to leave him. This is what happened to me when I caught my ex wife cheating,sexist,train
sexism2022_english-8296,Who cares about spic baby and spic mother. Hope the wet back took him back to Mexico.,not sexist,train
sexism2022_english-7431,Obviously taking abortion away would mean that females would have to learn to live with their retarded choices. Can't have that. Females are never at fault even when they attempt murder. Just look at that girl that was too smart for prison. Top kek.,sexist,train
sexism2022_english-10935,Some very hot girls in the Russian womens hockey league. Its not just dyke central like US/Canada hockey.,sexist,train
sexism2022_english-1275,"i also unironically fucking hate the faggots who say anything above an anorexic drug addict is fat, retards deserve to rot alone for the rest of their lives with their stacy tier standards",not sexist,train
sexism2022_english-392,"I just got my first twelve hour Twitter block. Apparently, if a woman calls you a ""cunt,"" you aren't allowed to respond by calling her a ""fucktard."" Who knew?",not sexist,train
sexism2022_english-17938,Put a fork in Muslim-England she's done for and there is no saving it from going full Islamic Sharia Law. What a millennium for England from being the greatest empire in the world to being evil Islam's British child rapping and acid throwing bitch.,sexist,train
synthetic_gen_858,"You can't trust a woman who works in STEM, they are all the same.",sexist,train
synthetic_gen_440,"You can't trust a woman who works in STEM, they are all the same.",sexist,train
sexism2022_english-14512,"If Hillary has her way, this bitch will be dead soon.",sexist,train
sexism2022_english-5253,"Naïve, sensitive, accepting and “loving” women are the reason that White, Western Civilization is fucking doomed to extinction. Oh, and their fucking moronic Soy-Boy husbands, boyfriends, brothers and fathers. [URL]",sexist,train
sexism2022_english-8148,You are better off. I don't worry about it because I never ate beef. I was one of those strange people born that couldn't eat anything with a face. My mom used to whup my butt but I just couldn't do it.,not sexist,train
sexism2022_english-12662,"Get tough looking guy friends, then have them accompany you when you go to ask out girls. They'll never say no, because of the implication.",sexist,train
sexism2022_english-14740,Read your last paragraph again idiot. So smart you can't remember what you wrote. And no. I've been through all those points with other Far Right racists over the last 2 weeks. You're late. Sorry 😊,not sexist,train
sexism2022_english-9978,Dead white knight protecting a female stranger? good man,not sexist,train
sexism2022_english-17072,"I will check her out, thank you! ☺️",not sexist,train
sexism2022_english-10021,+1 You were acting like a complete douchebag.,not sexist,train
sexism2022_english-7446,If you cannot get a vagina onto an incel penis with no money involved you cannot help.,not sexist,train
sexism2022_english-229,guaranteed her side niggas had a good laugh at this.,not sexist,train
sexism2022_english-19537,"Don't y'all talk about females here, I can't even get a damn relationship lol damn you're a angry dude",not sexist,train
sexism2022_english-12528,"The irony. One of the most romantic and blue pill movies, is instead a perfect example of hypergamy, cuckoldry, female privilege, etc.",sexist,train
synthetic_gen_1165,"I'm not being mean, it's just biology that women can't drive.",sexist,train
sexism2022_english-9613,The Upside of Ass Love! True Love - A Girl and her Donkey [URL] via [USER],not sexist,train
sexism2022_english-19388,Justin Trudea is warming up his cuckstool for when his woman offers herself to God Emperor #Trump in proper deference.,not sexist,train
sexism2022_english-16224,"[USER] He was from Pakistan, a country not at war. So he can't be a refugee. He's an invader, or at best, someone who wanted to rape white women and face no legal punishment for it.",not sexist,train
synthetic_gen_172,"Typical female, always complaining about sports.",sexist,train
synthetic_gen_196,"You can't trust a woman who rejects a nice guy, they are all the same.",sexist,train
sexism2022_english-8004,Umm what? What percentage of women do you think are cam whores? This is a bizarre claim. I'm guessing youre just way into cam whores.,sexist,train
sexism2022_english-16766,"I dont think so, I just think she isn't an antisemite",not sexist,train
synthetic_gen_1104,"You can't trust a woman who wants a promotion, they are all the same.",sexist,train
sexism2022_english-18354,its true dude. i'm cougarmaxxing (trying anyway) bc its so bad. i gave up on young women period fuck em,sexist,train
synthetic_gen_705,Another dumb female trying to lecture men on equal rights.,sexist,train
sexism2022_english-12024,they need male's attention and male's resources.,sexist,train
sexism2022_english-7871,A woman disfiguring herself with ink for attention is more evidence that MGTOW is the way. edit: I don't think all tattoos are for attention. This instance I think it is judging by her obvious typical bitch narcissism.,sexist,train
sexism2022_english-19837,What's wrong with hooking up?,not sexist,train
sexism2022_english-6258,"RIFF RAFF Damn it, these stories make me mad. I just want to beat the crap out of stupid, selfish ""women"" like this. I'm very docile, so when my blood boils, it keeps me awake for days. No kidding. [URL] #MAGA #Ignorance #PRAY",sexist,train
sexism2022_english-3279,I dress sharp. I just don't dress sharp for *women.*,not sexist,train
synthetic_gen_1226,"Typical female, always complaining about sports.",sexist,train
sexism2022_english-2001,There have also been studies showing that women's attractiveness rating of men differs wildly when viewing a static picture versus a video or seeing the man in person (as opposed to even how much men's ratings of women differ).,not sexist,train
sexism2022_english-15185,"I think the one on the top left has an interesting design. However, I have ZERO interest in what is in it.",not sexist,train
sexism2022_english-16362,Everybody knows Stacy's mom is Jessie's girl!,not sexist,train
sexism2022_english-10473,"Jail Linda ""Cockroach"" Sarsour, press charges that stick and lock her up for a long time. No letting her off with a fine that some lobbyist group like the ACLU will pay for her. Punish her personally. No letting her become a feminazi martyr",sexist,train
sexism2022_english-11928,Go Kellyanne - a kick ass Jersey girl!,not sexist,train
sexism2022_english-12888,"We can only hope during her next abortion the abortionist 'slips' and sucks her whole fucking uterus out, egg-sacks and all. :)",sexist,train
sexism2022_english-1160,"I would hold back for a sec to tease her, like maybe ignore her or laugh a little bit, then when she doesn't expect it, make any kind of move.",not sexist,train
sexism2022_english-12119,"Why do women prefer men who DON'T give the impression that she'd end up raped, murdered and dumped in a ditch if she went anywhere alone with him? It's a real stumper!",not sexist,train
sexism2022_english-1239,"Putin - the people that instigate hate vs Putin (& liberals that support them) please be ""machos"" & enlist in the US army to attack Russia",not sexist,train
sexism2022_english-14264,[URL] YOU PEOPLE EITHER LET US WIN SOMETHING; OR THIS IS GOING TO GET UGLY. WE ALL KNOW I TEACH A MASTER CLASS ON UGLY,not sexist,train
sexism2022_english-13068,"philllipines, malaysia, and indonesia dont use induscript they are the only relevant SEA i give a shit about",not sexist,train
sexism2022_english-17360,Neets should spend their time gymmax and studymax it’s good dopamine source,not sexist,train
sexism2022_english-7372,"""Gani said he killed his daughters because he was ""ashamed at their conduct"" [URL] now #pk is ashamed of him, I hope",not sexist,train
sexism2022_english-3831,"So well said. At this point, I am as keen to shoot pussy whites, as I am the kikes and their melanin army. Even here, I get the standard, ""only in self-defense"" from emasculated Christian males. Sickens me. We need to fight soon.",sexist,train
sexism2022_english-17894,"They're ALWAYS trying to find a loophole where they're ""allowed"" to rape. World would be better without them.",not sexist,train
sexism2022_english-2544,"Bingo, a dog is the ultimate reason to get her back to your place. Secondly you should be the one leading the dates so just take her places and do things that don't involve the dog.",not sexist,train
synthetic_gen_399,"Typical female, always complaining about sports.",sexist,train
sexism2022_english-7303,sounds like you’re still living in the 1950s. and maybe think about why women have to rest so much while pregnant maybe even ask your mother i’m sure she’d be disappointed,not sexist,train
sexism2022_english-16134,But i literally haven't even done anything....and now I feel like her saying that was just a way to get my attention since im getting all these mixed signals with her.,not sexist,train
sexism2022_english-12666,Do Gay Men Have More Sexual Interest in Children? [URL],not sexist,train
sexism2022_english-16654,She can never change her bobble head body. Middle heavy with no ballast tanks.,not sexist,train
synthetic_gen_849,Another dumb female trying to lecture men on their careers.,sexist,train
synthetic_gen_443,Women are naturally inferior and shouldn't be in tech.,sexist,train
synthetic_gen_1214,"Go back to the kitchen, that's where you belong.",sexist,train
sexism2022_english-13576,I wish Bill Cosby would rape my dumb sister,sexist,train
sexism2022_english-15263,Is this photo of Hillary in the Wax Museum.The museum really showed her at a younger age.Her neck hangs like her breasts---------pancakes,not sexist,train
sexism2022_english-9109,"Thats because many of those guys struggle with women, and they think asian women are more submissive than white. Also asian women are light skinned. They ignore other ethnicities.",sexist,train
sexism2022_english-12558,I live in NoVa too. The women here have no idea how good they have it into regards to the male dating pool. And yet all of them still bitch and complain about the men they see,sexist,train
sexism2022_english-237,"You forgot homophobia, transphobia, islamophobia, toxic masculinity, xenophobia, intolerance, Trump, Republicans, and Capitalism. All of those are always bad, no shades of gray. Penises OTOH are a gray area, some are very feminine you know.",not sexist,train
sexism2022_english-1603,"I say waive PR entire debt, cut them loose so they are no longer a US territory and regulate immigration. They are no good to US.",not sexist,train
sexism2022_english-4623,I guess it is about normalizing bizzare things...,not sexist,train
synthetic_gen_643,Women are naturally unstable and shouldn't be in power.,sexist,train
synthetic_gen_447,"I'm not being mean, it's just biology that women can't drive.",sexist,train
sexism2022_english-9240,But if she's the one who will die why should he get the vasectomy. IDK Just seems dumb,not sexist,train
sexism2022_english-6886,The crooked Democrats are already screeching that it's sexist to have a woman doing it...just as they would have screeched that it was sexist to have a man do it. Because the goal is to prevent his confirmation by any means possible.,not sexist,train
sexism2022_english-18112,"Every day is ""Women's Day"" in Pakistan. But instead of candy and flowers they get harassed, molested, beaten, raped, and murdered. [URL]",not sexist,train
synthetic_gen_1131,"Go back to the laundry room, that's where you belong.",sexist,train
sexism2022_english-15452,I find it highly unlikely that any man would want sex with that ugly beta male,not sexist,train
sexism2022_english-13265,what was her reaction? did you kiss her neck? grab the tits? that's sort of staple spooning fare.,not sexist,train
synthetic_gen_333,Another dumb female trying to lecture men on their careers.,sexist,train
sexism2022_english-8566,"[USER] 1:04:00 Thank you Stefan for getting the cycle of violence with respect to women, into this conversation.﻿",not sexist,train
sexism2022_english-6080,"What a cringing little turd of a man. I guess if anyone wants to assassinate him all they have to do is send a female. As she is about to strike he will, no doubt, yell to his bodyguards ""Don't shoot, she's a woman!""",not sexist,train
sexism2022_english-501,"See a therapist. But make sure it's not female, or one that goes ""You just haven't found the right person yet.""",sexist,train
sexism2022_english-12039,"I would say if a woman seems even slightly odd, stay away.",not sexist,train
sexism2022_english-6141,"Warning to parents - teach your son to respect women, because I’m teaching my daughter to beat his ass to a pulp if he doesn’t.",not sexist,train
sexism2022_english-763,"[USER] - Exactly. Forget about those Irish ""hurleys"" (wooden sticks)-- remove that fag's flouncy dress, then find the nearest tall building a.s.a.p.",not sexist,train
synthetic_gen_502,"I'm not being mean, it's just biology that women can't drive.",sexist,train
sexism2022_english-14542,"Nice, anus.",not sexist,train
sexism2022_english-5168,"[URL] Sweden tries to further cement the need 4 consent, hoping that the legislation will see more sexual assault cases being prosecuted. Now women can claim any lies on their former boyfriends to jail them. Insane & pathetic law!",sexist,train
sexism2022_english-14705,"I did not know that. I wonder about asian females in the US and how they did. I am all for having a ""fair"" test but sometimes you just gotta let shit fall where it will. People will rise to the occasion or they will not.",not sexist,train
synthetic_gen_632,She's just another slut looking for attention online.,sexist,train
synthetic_gen_774,"You can't trust a woman who works in STEM, they are all the same.",sexist,train
sexism2022_english-6746,"[USER] Yeah, but MY based sphere is well armed, trained and likes to kick ass and chew bubblegum..... [URL] #BananaForScale",not sexist,train
sexism2022_english-13775,I wish I could copy this photo :(,not sexist,train
sexism2022_english-1091,True. Many in-groups haze. But women haze differently... It's more psychological warfare than goofing off.,sexist,train
sexism2022_english-11752,But.....she always wears a bikini... [URL],not sexist,train
sexism2022_english-7964,A Mississippi state senator hits the DC women protesters with a serious burn.,not sexist,train
synthetic_gen_596,Why do women think they deserve respect when they can't even be honest?,sexist,train
sexism2022_english-3938,"Why is her death threat letter in a woman's handwriting, and what guy signs such letters with xoxo? I call bullshit",not sexist,train
sexism2022_english-3996,"According to my calculations, all women are mentally ill children.",sexist,train
sexism2022_english-2866,LMFAO! It's hilarious they eat this shit up.,not sexist,train
sexism2022_english-17774,"Off topic, but he was a helluva villain in Mission Impossible. I heard they were also trying to turn 007 into a woman's role. I mean WTF....can't these degenerates leave us alone? We know the answer to that one.",sexist,train
sexism2022_english-4422,"even though promiscuous is inherently disadvantageous to all men in society and therefore they've evolved to hate it Sure, but you can't really use ""we're hard wired to do it!"" as an excuse for behavior in this day and age.",not sexist,train
sexism2022_english-799,"My only argument with you is your mischaracterization of what she said. Carolyn is a Trumpatard and cozies up to Zionist cunts like Jayda. I am not blindly supportive. She has her problems, but I like her.",sexist,train
sexism2022_english-8326,"""That's a drag."" she breathed, laconically lighting a cigarette. ""Don't squirm"" she said darkly, jabbing the leeches with the lighted end.",not sexist,train
sexism2022_english-7585,Shut your nigger mouth he can post what ever he wants mother fucker.,not sexist,train
sexism2022_english-3886,Fucking disgusting you can see the kid trying to hold on single motherhood is a plague avoid that shit AT ALL COST,sexist,train
sexism2022_english-13828,That's why real women hate 2D women and want them desexualized :),sexist,train
sexism2022_english-6055,like almost all sports the main events are open to both genders but they are utterly male dominated so all sports have female only events that exist to give women money fame and medals too,not sexist,train
sexism2022_english-13307,"ROSIE O'DONNELLS' ex-wife kills herself (the cuter one dies? where is the justice!) Well this gay marriage thing is sure working out so far isn't it? Watch the video. This woman is so bitter and angry, my mouth puckers up. [URL]",not sexist,train
sexism2022_english-6823,"I don't know why but this story is affecting me more than the rest- it's getting to me. Maybe because I have a daughter, or maybe it's the scumbag look in this animal's eye. These jigaboos should be hanging from the highest tree. [URL]",not sexist,train
synthetic_gen_139,"I'm not being mean, it's just biology that women can't drive.",sexist,train
sexism2022_english-6065,Is this a consequence of women in the service and a focus on social justice rather than seamanship and military stuff? [URL],not sexist,train
sexism2022_english-11704,"Which likely caused the rape in the first place, so then they must stone her to death : ) Problem solved.",sexist,train
synthetic_gen_847,"You can't trust a woman who works in STEM, they are all the same.",sexist,train
sexism2022_english-18252,"Lauren Southern billed $68k for police ""security""... [URL] Weird article, watch the video, ""Stunt backfires as no one knows who she is""! That was the point..??",not sexist,train
sexism2022_english-9868,Can't argue with that. It's much easier to pick up ugly girls if you look hot too.,not sexist,train
sexism2022_english-1992,All you gotta do is look at the size of her and realize there aren't many men interested in raping her. Number 1 because she is hideous and number 2 because they probably aren't strong enough.,sexist,train
sexism2022_english-15191,So...if I had a high school sweetheart I married then several years later she divorce raped me I cannot be a proper mgtow? Ok. no. This lifestyle can be for any boy or man regardless of experience. Your missing the point of the whole thing.,not sexist,train
sexism2022_english-19928,Start shooting at people who shoot at cops! Thanks!,not sexist,train
sexism2022_english-7435,Old lady who questions the holocaust labeled Nazi Grandma & sent to prison. Disgusting attack on this woman. If the holocaust was true then why does it have to be protected by law? [URL],not sexist,train
sexism2022_english-1338,[URL] DeSantis hits Ocasio-Cortez: I don't care if she's an Eskimo,not sexist,train
synthetic_gen_710,"I'm not being mean, it's just biology that women can't drive.",sexist,train
sexism2022_english-9393,I've always believed women run the show. Yet feminists believe they are oppressed lmao.,sexist,train
sexism2022_english-6946,"Thank God my wife is not like that, this lady is crazy",not sexist,train
sexism2022_english-10543,Frankly this is what I did to every single girl I ever dated for multiple months prior to putting a label on it. The crazy ones typically get filtered out much faster without much drama on the back end,not sexist,train
sexism2022_english-9532,lol lol lol as if they've EVER deserved good men!!! lol lol lol,not sexist,train
sexism2022_english-2026,"Women also have a different body chemistry, and are more likely to wash at the sink instead of having a whole body shower.",sexist,train
sexism2022_english-6147,Pfft. You know nothing about me. That you're still ignoring facts and extrapolating shit only makes you seem more of a fuckwit. [USER],not sexist,train
sexism2022_english-14665,I ain't gon let these fucken retarded ass mongrels clown me wit dat follow button dog fukdat I'm audi,not sexist,train
sexism2022_english-3019,"Question: outside of this females actions and behavior, how do you rate her looks from your part of the world?",not sexist,train
sexism2022_english-5661,DangerGirl's original favorite cars from when she was a child. C4 Corvette Ferrari F40 Acura NSX Porsche 944 Lamborghini Countach Lotus Esprit Toyota Supra Pontiac Firebird (my first car),not sexist,train
synthetic_gen_404,"Typical female, always complaining about gaming.",sexist,train
synthetic_gen_951,Men are better at logic because women are too emotional.,sexist,train
sexism2022_english-12969,"My own wife made rape accusations against me when we decided to split up. Now she's living in my house for free, while I am paying child support and defending myself in criminal court. She hasn't let me see my kids in over 4 months.",not sexist,train
sexism2022_english-11756,Whos the girl frens?,not sexist,train
sexism2022_english-7718,the point I was making is that cat hate is stupid (as is any pet hate),not sexist,train
synthetic_gen_793,Another dumb female trying to lecture men on their careers.,sexist,train
synthetic_gen_800,Men are better at logic because women are too emotional.,sexist,train
synthetic_gen_25,She's just another bitch looking for attention online.,sexist,train
sexism2022_english-14479,She didn't even post her location. JFL one more femoid roastie to lead us on. She would have pm'd one of us instead of making a post about it. Classic attention seeker behavior.,sexist,train
synthetic_gen_1101,She's just another bitch looking for attention online.,sexist,train
synthetic_gen_1177,She's just another femnazi looking for attention online.,sexist,train
sexism2022_english-15311,"She wants to have kids. One of you guys could marry her and her debt, so she can quit work already.",not sexist,train
synthetic_gen_522,"Typical female, always complaining about sports.",sexist,train
sexism2022_english-16267,"no matter how you do it, at the very least you save those $7 dollars, buy yoself a pack of cigrits.",not sexist,train
sexism2022_english-3799,I am a minority female but I do not rant over being called crude names and characterizations. I move on. My eyes are beautiful and spend zero time worrying about racists and bigots.,not sexist,train
sexism2022_english-9076,shes looking for a buddy? brooo throw some sexual innuendo in there,not sexist,train
sexism2022_english-19049,"I sent my wife Katie an anniversary card. It read: ""To my Katty, I want to fill you in the way you filled my soul."" Fucking Hallmark, they got the Ks and the Fs mixed up.",sexist,train
sexism2022_english-11629,"LIZ ThesePeopleRSick on Twitter: ""Yes, Oprah is going to jail too. She is very high up. This makes me so sad BC I truly loved Oprah & foolishly believed she is a good person. #QAnon"" [URL]",not sexist,train
sexism2022_english-16934,"TIL in 2002, Seoul restaurants barred US diners after two American soldiers who killed two schoolgirls were acquitted in a U.S. military court [URL] [URL]",not sexist,train
